DATA_LIMPA,PREFIXO,KM_LIMPO,VALOR_LIMPO,SERVIÇOS,SISTEMA_FREIO,SISTEMA_PNEU,SISTEMA_MOTOR_OLEO,SISTEMA_ELETRICO,TIPO DE MANUTENÇÃO,EMPRESA,RESULTADO,FONTE_ORIGEM
2026-02-13,UR-17214,59600.0,,TROCA DE ÓLEO E FILTROS,False,False,True,False,PREVENTIVA,BF DIESEL,CONCLUÍDO,MANUTENÇÃO-2026
2026-02-11,ABS-17102,178000.0,,INSPEÇÃO DE FREIOS (PRÓXIMA INSPEÇÃO: 185.000),True,False,False,False,PREVENTIVA,BF DIESEL/ SEBINHO,CONCLUÍDO,MANUTENÇÃO-2026
2026-02-11,ABS-17102,,,INSPEÇÃO DE FREIOS (PRÓXIMA INSPEÇÃO: 185.000),True,False,False,False,,,,veiculos_manutencao_freio
2026-02-11,VO-17203,,,TROCA DAS PORCAS DAS RODAS DE LIGA LEVE (FORNECIDAS PELO VENDEDOR0,False,False,False,False,PREVENTIVA,MOTOMEC,CONCLUÍDO,MANUTENÇÃO-2026
2026-02-09,ABS-17102,178121.0,327006.0,"1.        Fornecer e substituir 02 conjunto de lona de freio fd/59 conforme especificação do fabricante;
2.        Fornecer e substituir rebites 10x12;
3.        Fornecer e substituir 04 molas do patim de freio master grande 02 corpos conforme especificação do fabricante;
4.        Fornecer e substituir 08 molas do  patim de freio master pequena 130mm conforme especificação do fabricante;
5.        Fornecer e substituir 08 roletes do patim de freio 32mm master;
6.        Fornecer e substituir 08 travas do rolete master conforme especificação do fabricante;
7.     Fornecer e substituir tambor dianteiro e traseiro lado E/D.",True,False,False,False,CORRETIVA,BF DIESEL,FINALIZADO NA NEO,MANUTENÇÃO-2026
2026-02-09,ABS-17102,,,"1.        Fornecer e substituir 02 conjunto de lona de freio fd/59 conforme especificação do fabricante;
2.        Fornecer e substituir rebites 10x12;
3.        Fornecer e substituir 04 molas do patim de freio master grande 02 corpos conforme especificação do fabricante;
4.        Fornecer e substituir 08 molas do  patim de freio master pequena 130mm conforme especificação do fabricante;
5.        Fornecer e substituir 08 roletes do patim de freio 32mm master;
6.        Fornecer e substituir 08 travas do rolete master conforme especificação do fabricante;
7.     Fornecer e substituir tambor dianteiro e traseiro lado E/D.",True,False,False,False,,,,veiculos_manutencao_freio
2026-02-05,AC-17001,74000.0,0.0,INSPEÇÃO DE FREIOS (PRÓXIMA INSPEÇÃO: 76000),True,False,False,False,PREVENTIVA,MOTOMEC,CONCLUÍDO,MANUTENÇÃO-2026
2026-02-05,AC-17001,,,INSPEÇÃO DE FREIOS (PRÓXIMA INSPEÇÃO: 76000),True,False,False,False,,,,veiculos_manutencao_freio
2026-02-04,ABS-17101,77100.0,0.0,REPARO NOS COXINS DOS QUEBRA-ONDAS (GARANTIA),False,False,False,False,CORRETIVA,VANDERLEI,CONCLUÍDO,MANUTENÇÃO-2026
2026-02-04,AC-17002,178863.0,,TROCA DE BATERIA (CRAL) PRINCIPAL 90 AMPERES ,False,False,False,True,CORRETIVA,MOTOMEC,CONCLUÍDO,MANUTENÇÃO-2026
2026-02-03,ABS-17205,75541.0,1354401.0,"1.     Fornecer e executar TROCA DO ROLAMENTO da roda; 
2.     Fornecer e executar troca do RETENTOR;
3.     Fornecer e executar troca de BUCHA;
4.     Fornecer e executar troca das PORCAS E CALÇOS;
5.     Executar REPARO DA CAIXA DE DIREÇÃO;
6.     Executar REPARO DA BARRA CURTA E BARRA LONGA;
7.     Fornecer e executar LUBRIFICAÇÃO.",False,False,False,False,CORRETIVA,RP TRUCK,EXECUTADO,MANUTENÇÃO-2026
2026-02-03,AC-17002,178856.0,341852.0,"1.        Fornecer e substituir 02 tambores de freio traseiro conforme especificação do fabricante;
2.        Fornecer e substituir jogo de sapatas de freio traseiro;
3.        Fornecer e substituir cilindros da roda traseira LE/LD, conforme especificação do fabricante;
4.        Fornecer e substituir fluido de freio dot 4, conforme especificação do fabricante;
5.        Fornecer e substituir correia da direção hidraúlica conforme especificação do fabricante;
6.        Fornecer e substituir correia do alternado, conforme especificação do fabricante;
7.     Defletor do radiador, conforme especificação do fabricante.
",True,False,False,False,CORRETIVA,BF DIESEL,FINALIZADO NA NEO,MANUTENÇÃO-2026
2026-02-03,AC-17002,,,"1.        Fornecer e substituir 02 tambores de freio traseiro conforme especificação do fabricante;
2.        Fornecer e substituir jogo de sapatas de freio traseiro;
3.        Fornecer e substituir cilindros da roda traseira LE/LD, conforme especificação do fabricante;
4.        Fornecer e substituir fluido de freio dot 4, conforme especificação do fabricante;
5.        Fornecer e substituir correia da direção hidraúlica conforme especificação do fabricante;
6.        Fornecer e substituir correia do alternado, conforme especificação do fabricante;
7.     Defletor do radiador, conforme especificação do fabricante.
",True,False,False,False,,,,veiculos_manutencao_freio
2026-01-19,ABS-17105,77805.0,0.0,TROCA DE ÓLEO E FILTROS; REVISÃO DE FREIOS; LAVAGEM E ENGRAXAMENTO. OBS.: PRÓXIMA REVISÃO DE FREIOS AOS 87.805 KM,True,False,True,False,PREVENTIVA,PB GUARAREMA,CONCLUÍDO,MANUTENÇÃO-2026
2026-01-19,ABS-17105,,,TROCA DE ÓLEO E FILTROS; REVISÃO DE FREIOS; LAVAGEM E ENGRAXAMENTO. OBS.: PRÓXIMA REVISÃO DE FREIOS AOS 87.805 KM,True,False,True,False,,,,veiculos_manutencao_freio
2026-01-16,TP-17000,13140.0,,REPARO EM CHICOTE DO RÁDIO COMUNICADOR,False,False,False,True,CORRETIVA,VISUAL SHINE,CONCLUÍDO,MANUTENÇÃO-2026
2026-01-16,UR-17105,,,REPARO DO BLOCO SINALIZADOR DO RAY LIGHT,False,False,False,False,CORRETIVA,VISUAL SHINE,CONCLUÍDO,MANUTENÇÃO-2026
2026-01-16,UT-17003,,,REAPERTO DOS FIXADORES  DO CHICOTE DO RAY LIGHT ,False,False,False,True,CORRETIVA,VISUAL SHINE,CONCLUÍDO,MANUTENÇÃO-2026
2026-01-12,ABS-17205,75663.0,0.0,"GARANTIA (problemas na manga de eixo, embuchamento e cambagem)",False,False,False,False,CORRETIVA,RP TRUCK,FINALIZADO NA NEO,MANUTENÇÃO-2026
2026-01-08,UR-17101,51080.0,0.0,CAIXA DE DIREÇÃO (GARANTIA),False,False,False,False,CORRETIVA,J KAR,CONCLUÍDO,MANUTENÇÃO-2026
2026-01-07,AC-17001,72480.0,1720408.0,"1.        Fornecer e substituir miolo do diferencial traseiro (porquinho) conforme especificação do fabricante;
2.        Fornecer e substituir ponta de eixo traseira le conforme especificação do fabricante;
3.        Fornecer silicone cinza wurth;
4.        Fornecer e substituir oleo diferencial traseiro lt conforme especificação do fabricante;
5.     Fornecer serviço de guincho para transporte até a oficina.
",False,False,True,False,CORRETIVA,BF DIESEL,FINALIZADO NA NEO,MANUTENÇÃO-2026
2026-01-02,UR-17102,46431.0,0.0,INSPEÇÃO DE FREIOS (COMPLETADO O RESERVATÓRIO DO FLUIDO DE FREIO). OBS.: PRÓXIMA INSPEÇÃO AOS 50.000 KM,True,False,False,False,PREVENTIVA,MOTOMEC,CONCLUÍDO,MANUTENÇÃO-2026
2026-01-02,UR-17102,,,INSPEÇÃO DE FREIOS (COMPLETADO O RESERVATÓRIO DO FLUIDO DE FREIO). OBS.: PRÓXIMA INSPEÇÃO AOS 50.000 KM,True,False,False,False,,,,veiculos_manutencao_freio
2025-12-09,ABS-17103,154181.0,5552.0,PROBLEMA NO SUPORTE DA MOLA,False,False,False,False,CORRETIVA,MOLAS TIETE,CONCLUÍDO, MANUTENÇÃO-2025
2025-12-09,AC-17001,72480.0,0.0,DIAGNÓSTICO PROBLEMAS NO CARDÃ,False,False,False,False,CORRETIVA,BF DIESEL,CONCLUÍDO, MANUTENÇÃO-2025
2025-12-09,VO-17003,5832.0,0.0,REVISÃO PERIÓDICA PELO TEMPO (TROCA DO FILTRO DE CABINE; TROCA DO FILTRO DE COMBUSTÍVEL; TROCA DA VEDAÇÃO DO DRENO DO ÓLEO; TROCA DO FILTRO DE AR DO MOTOR; TROCA DO FILTRO DE ÓLEO DO MOTOR; TROCA DO ÓLEO DO MOTOR 5W30 SINTÉTICO; TROCA DO LIMPADOR DO SISTEMA DE COMBUSTÍVEL DIESEL; LUBRIFICAÇÃO.,False,False,True,False,PREVENTIVA,MITISUBISH MEGAMIT (GUARULHOS),CONCLUÍDO, MANUTENÇÃO-2025
2025-12-09,VO-17101,4641.0,0.0,REVISÃO PERIÓDICA PELO TEMPO (TROCA DO FILTRO DE CABINE; TROCA DO FILTRO DE COMBUSTÍVEL; TROCA DA VEDAÇÃO DO DRENO DO ÓLEO; TROCA DO FILTRO DE AR DO MOTOR; TROCA DO FILTRO DE ÓLEO DO MOTOR; TROCA DO ÓLEO DO MOTOR 5W30 SINTÉTICO; TROCA DO LIMPADOR DO SISTEMA DE COMBUSTÍVEL DIESEL; LUBRIFICAÇÃO.,False,False,True,False,PREVENTIVA,MITISUBISH MEGAMIT (GUARULHOS),CONCLUÍDO, MANUTENÇÃO-2025
2025-12-06,UR-17105,56505.0,0.0,INSPEÇÃO DE FREIOS (PRÓXIMA INSPEÇÃO 59.000),True,False,False,False,PREVENTIVA,MOTOMEC,CONCLUÍDO, MANUTENÇÃO-2025
2025-12-06,UR-17105,,,INSPEÇÃO DE FREIOS (PRÓXIMA INSPEÇÃO 59.000),True,False,False,False,,,,veiculos_manutencao_freio
2025-12-05,ABS-17101,74783.0,5945.0, Executar serviço de solda e reforço interno do tanque de agua.,False,False,False,False,CORRETIVA,EVR,FINALIZADO NA NEO, MANUTENÇÃO-2025
2025-12-04,ABS-17101,74743.0,377467.0, Executar reparo do cardan traseiro pós-caixa de transferência.,False,False,False,False,CORRETIVA,EVR,FINALIZADO NA NEO, MANUTENÇÃO-2025
2025-12-04,ABS-17105,76915.0,234691.0,"1.     Executar serviço de  funilaria e pintura no teto;
2.     Fornecer e executar serviço de adesivagem conforme padrão estabelecido pelo Corpo de Bombeiros.
",False,False,False,False,CORRETIVA,RARAPER,FINALIZADO NA NEO, MANUTENÇÃO-2025
2025-12-04,AC-17001,72480.0,800.0,BATERIA DE 75Ah PARA PARTIDA - G-24/09/25-B2-0957 - 2 ANOS DE GARANTIA,False,False,False,True,CORRETIVA,REI DAS BATERIAS,CONCLUÍDO, MANUTENÇÃO-2025
2025-12-04,UR-17101,50500.0,0.0,CAIXA DE DIREÇÃO (GARANTIA),False,False,False,False,CORRETIVA,J KAR,CONCLUÍDO, MANUTENÇÃO-2025
2025-12-02,UR-17101,50430.0,2600.0,COMPRA DE 01 BATERIA MOURA 92A AGM,False,False,False,True,PREVENTIVA,GM CAR,CONCLUÍDO, MANUTENÇÃO-2025
2025-11-28,ABS-17103,,182213.0,"1.     Fornecer e substituir MOLA PATIN GRANDE;
2.     Fornecer e substituir MOLA PATIN PEQUENA;
3.     Fornecer COLA JUNTA;
4      Fornecer FITA CREPE;
5.     Fornecer e substituir SAPATA DE FREIO TRASEIRA;
6.     Fornecer e substituir ROLETE DO PATIN;
7.     Fornecer e substituir TRAVA ROLETE DO PATIN;
8.     Fornecer e substituir ROLETE PATIN MASTER;
9.     Fornecer e substituir RETENTOR TRAZEIRO;
10.   Fornecer e substituir TRAVA ARANHA;
11.   Fornecer e substituir ESPELHO DE RODA TRAZ LE.",True,False,False,False,CORRETIVA,BF DIESEL,FINALIZADO NA NEO, MANUTENÇÃO-2025
2025-11-28,ABS-17103,,,"1.     Fornecer e substituir MOLA PATIN GRANDE;
2.     Fornecer e substituir MOLA PATIN PEQUENA;
3.     Fornecer COLA JUNTA;
4      Fornecer FITA CREPE;
5.     Fornecer e substituir SAPATA DE FREIO TRASEIRA;
6.     Fornecer e substituir ROLETE DO PATIN;
7.     Fornecer e substituir TRAVA ROLETE DO PATIN;
8.     Fornecer e substituir ROLETE PATIN MASTER;
9.     Fornecer e substituir RETENTOR TRAZEIRO;
10.   Fornecer e substituir TRAVA ARANHA;
11.   Fornecer e substituir ESPELHO DE RODA TRAZ LE.",True,False,False,False,,,,veiculos_manutencao_freio
2025-11-27,ABS-17103,,,REPARO NO PNEU TRASEIRO LD INTERNO,False,True,False,False,CORRETIVA,MV PNEUS,CONCLUÍDO, MANUTENÇÃO-2025
2025-11-27,ABS-17103,,,TROCA DO PRISIONEIRO DA RODA TRASEIRA LD,False,False,False,False,CORRETIVA,RE9,CONCLUÍDO, MANUTENÇÃO-2025
2025-11-24,ABS-17103,153400.0,556224.0, Fornecer e substituir conjunto de lonas do sistema de freio.,True,False,False,False,PREVENTIVA,BF DIESEL,FINALIZADO NA NEO, MANUTENÇÃO-2025
2025-11-24,ABS-17103,,, Fornecer e substituir conjunto de lonas do sistema de freio.,True,False,False,False,,,,veiculos_manutencao_freio
2025-11-24,TP-17000,9419.0,0.0,REVISÃO PERIÓDICA DOS 10.000 KM (OBS.: SERVIÇOS CONFORME O MANUAL DO PROPRIETÁRIO),False,False,False,False,PREVENTIVA,TOYOTA TSUSHO,CONCLUÍDO, MANUTENÇÃO-2025
2025-11-17,MOB-17108,59594.0,288.0,"TROCA DO ESTATOR, troca do retificador de voltagem, troca de óleo",False,False,True,False,CORRETIVA,CSM,CONCLUÍDO, MANUTENÇÃO-2025
2025-11-12,AC-17001,70753.0,135075.0,"1.        Fornecer e substituir o óleo do motor;
2.        Fornecer e substituir o filtro de óleo do motor;
3.        Fornecer e substituir o filtro de combustível;
4.        Fornecer e substituir o filtro de ar do motor;
5.        Fornecer e substituir o filtro de ar da cabine (ar condicionado);",False,False,True,False,PREVENTIVA,BF DIESEL,FINALIZADO NA NEO, MANUTENÇÃO-2025
2025-11-12,UR-17211,,,"1.     Fornecer e substituir Kit de embreagem original- conforme especificação do fabricante;
2.     Fornecer e substituir a troca do Óleo da  transmisssão;
3.     Fornecer e substituir Atuador de embreagem;
4      Fornecer e substituir Retentor volante motor;
5.     Fornecer e substituir Volante do motor.",False,False,True,False,CORRETIVA,BF DIESEL,CANCELADO NA NEO, MANUTENÇÃO-2025
2025-11-12,UR-17211,,,"1.     Fornecer e substituir Kit de embreagem original- conforme especificação do fabricante;
2.     Fornecer e substituir a troca do Óleo da  transmisssão;
3.     Fornecer e substituir Atuador de embreagem;
4      Fornecer e substituir Retentor volante motor;
5.     Fornecer e substituir Volante do motor.",False,False,True,False,CORRETIVA,MULTI SERVICE,FINALIZADO NA NEO, MANUTENÇÃO-2025
2025-11-10,TP-17001,49392.0,0.0,REVISÃO DOS 50.000,False,False,False,False,PREVENTIVA,TOYOTA TSUSHO,CONCLUÍDO, MANUTENÇÃO-2025
2025-11-07,UR-17211,74660.0,130838.0,Fornecer e substituir bateria automotiva de 100Ah para veículo a diesel conforme especificação do fabricante;,False,False,False,True,CORRETIVA,BF DIESEL,FINALIZADO NA NEO, MANUTENÇÃO-2025
2025-11-07,UR-17212,81450.0,166838.0,Fornecer e substituir bateria automotiva de 100Ah para veículo a diesel conforme especificação do fabricante;,False,False,False,True,CORRETIVA,BF DIESEL,FINALIZADO NA NEO, MANUTENÇÃO-2025
2025-11-06,MOB-17107,58296.0,,"TROCA DE ÓLEO E FILTROS, SUPORTE DO RETROVISOR",False,False,True,False,CORRETIVA,TOTAL MOTOS,CONCLUÍDO, MANUTENÇÃO-2025
2025-11-05,AT-17101,11968.0,0.0,TROCA DE LÂMPADA DO FAROL DIREITO,False,False,False,True,PREVENTIVA,MOTOMEC,CONCLUÍDO, MANUTENÇÃO-2025
2025-11-04,ABE-17101,109655.0,80.0,TROCA DE ADESIVO PREFIXO,False,False,False,False,CORRETIVA,DIGITFIX,CONCLUÍDO, MANUTENÇÃO-2025
2025-11-04,CA-17001,255995.0,110997.0,"1. Executar serviço  de funilaria e pintura na parte externa da cabine;
 2. Executar e fornecer adesivagem (grafismo), conforme padrão do Bombeiro.",False,False,False,False,CORRETIVA,MAGNIFICAR,FINALIZADO NA NEO, MANUTENÇÃO-2025
2025-11-04,CA-17001,255995.0,110997.0,"1. Executar serviço  de funilaria e pintura na parte externa da cabine;
 2. Executar e fornecer adesivagem (grafismo), conforme padrão do Bombeiro.",False,False,False,False,CORRETIVA,MAGNIFICAR,FINALIZADO NA NEO,MANUTENÇÃO-2026
2025-10-31,ABS-17103,,0.0,TROCA DO CONECTOR DE AR  DO MÓDULO DO CORPO DE BOMBA,False,False,False,False,CORRETIVA,MOTOMEC,CONCLUÍDO, MANUTENÇÃO-2025
2025-10-30,CA-17001,,480775.0,"1.        Fornecer e substituir 02 pneus TRASEIROS 7.50 R16;
2.        Executar alinhamento de direção;
3.        Executar 02 balanceamentos de rodas;",False,True,False,False,PREVENTIVA,RP TRUCK,FINALIZADO NA NEO, MANUTENÇÃO-2025
2025-10-28,UR-17101,50203.0,0.0,REPARO NO POSICIONAMENTO DO FLEXÍVEL DO FREIO DIANTEIRO (LADO PASSAGEIRO) INSPEÇÃO DE FREIO.,True,False,False,False,CORRETIVA,PEDRO VANS,CONCLUÍDO, MANUTENÇÃO-2025
2025-10-28,UR-17101,,,REPARO NO POSICIONAMENTO DO FLEXÍVEL DO FREIO DIANTEIRO (LADO PASSAGEIRO) INSPEÇÃO DE FREIO.,True,False,False,False,,,,veiculos_manutencao_freio
2025-10-28,VO-17103,133205.0,650.0,TROCA DO PARABRISA DIANTEIRO,False,False,False,False,CORRETIVA,VIDROSHIMA,CONCLUÍDO, MANUTENÇÃO-2025
2025-10-22,ABS-17102,177158.0,147557.0,"1.	Fornecer e substituir óleo motor conforme especificação do fabricante;
2.	Fornecer e substituir filtro de óleo do motor conforme especificação do fabricante;
3.	Fornecer e substituir filtro RACOR conforme especificação do fabricante;
4.	Fornecer e substituir filtro de combustível conforme especificação do fabricante;
5.	Fornecer e substituir filtro de ar conforme especificação do fabricante.",False,False,True,False,PREVENTIVA,BF DIESEL,FINALIZADO NA NEO, MANUTENÇÃO-2025
2025-10-16,CA-17001,255895.0,56526.0, Fornecer e executar: LAVAGEM E LUBRIFICAÇÃO GERAL.,False,False,False,False,PREVENTIVA,JETWILL,FINALIZADO NA NEO, MANUTENÇÃO-2025
2025-10-16,VO-17103,133100.0,298753.0,"1.     Fornecer e substituir, ADESIVAGEM COMPLETA conforme padrão do Corpo de BOmbeiros.
2.     Anexo está o documento contendo o padrão de adesivagem de viaturas.",False,False,False,False,CORRETIVA,MAGNIFICAR,FINALIZADO NA NEO, MANUTENÇÃO-2025
2025-10-14,ABS-17101,,56526.0,"1.     Fornecer e executar: LAVAGEM E LUBRIFICAÇÃO GERAL;
2.     Fornecer e executar:  ENGRAXAMENTO DAS MANGAS DE EIXO E CARDAN.",False,False,False,False,PREVENTIVA,JETWILL,CANCELADO NA NEO, MANUTENÇÃO-2025
2025-10-10,AC-17001,68697.0,2540.0,TROCA DO CILINDRO DE FREIO TRASEIRO LE E JOGO DE SAPATAS; FLUIDO DE FREIO E TAMBORES,True,False,False,False,CORRETIVA,BF DIESEL,CONCLUÍDO, MANUTENÇÃO-2025
2025-10-10,AC-17001,,,TROCA DO CILINDRO DE FREIO TRASEIRO LE E JOGO DE SAPATAS; FLUIDO DE FREIO E TAMBORES,True,False,False,False,,,,veiculos_manutencao_freio
2025-10-10,UR-17101,,0.0,TROCA DA CAIXA DE DIREÇÃO (SERVIÇO REALIZADO DEVIDO A PRÓPRIA OFICINA TER DANIFICADO ESSE COMPONENTE),False,False,False,False,CORRETIVA,J KAR,CONCLUÍDO, MANUTENÇÃO-2025
2025-10-09,CA-17001,255850.0,89057.0,"1.        Fornecer e substituir óleo motor conforme especificação do fabricante;
2.        Fornecer e substituir filtro de óleo do motor conforme especificação do fabricante;
3.        Fornecer e substituir filtro de combustível conforme especificação do fabricante;
4.        Fornecer e substituir filtro de ar conforme especificação do fabricante;",False,False,True,False,PREVENTIVA,BF DIESEL,FINALIZADO NA NEO, MANUTENÇÃO-2025
2025-10-09,MO-17001,162775.0,91838.0,"1.	Fornecer e substituir óleo motor conforme especificação do fabricante;
2.	Fornecer e substituir filtro de óleo do motor conforme especificação do fabricante;
3.	Fornecer e substituir filtro de combustível conforme especificação do fabricante;
4.	Fornecer e substituir filtro de ar conforme especificação do fabricante;
5.	Fornecer e substituir filtro do habitáculo especificação do fabricante.",False,False,True,False,PREVENTIVA,BF DIESEL,FINALIZADO NA NEO, MANUTENÇÃO-2025
2025-10-09,UT-17003,117076.0,63838.0,"1.	Fornecer e substituir óleo motor conforme especificação do fabricante;
2.	Fornecer e substituir filtro de óleo do motor conforme especificação do fabricante;
5.	Fornecer e substituir filtro de ar conforme especificação do fabricante.",False,False,True,False,PREVENTIVA,BF DIESEL,FINALIZADO NA NEO, MANUTENÇÃO-2025
2025-10-06,UR-17101,49904.0,0.0,INSPEÇÃO DE FREIOS (OBS.: PRÓXIMA INSPEÇÃO AOS 53.000 KM),True,False,False,False,PREVENTIVA,MOTOMEC,CONCLUÍDO, MANUTENÇÃO-2025
2025-10-06,UR-17101,,,INSPEÇÃO DE FREIOS (OBS.: PRÓXIMA INSPEÇÃO AOS 53.000 KM),True,False,False,False,,,,veiculos_manutencao_freio
2025-10-06,UR-17102,41347.0,0.0,INSPEÇÃO DE FREIOS (OBS.: PRÓXIMA INSPEÇÃO AOS 45.000 KMl,True,False,False,False,PREVENTIVA,MOTOMEC,CONCLUÍDO, MANUTENÇÃO-2025
2025-10-06,UR-17102,,,INSPEÇÃO DE FREIOS (OBS.: PRÓXIMA INSPEÇÃO AOS 45.000 KMl,True,False,False,False,,,,veiculos_manutencao_freio
2025-10-06,UT-17003,117036.0,0.0,INSPEÇÃO DE FREIOS (OBS.: PRÓXIMA INSPEÇÃO AOS 120.000 KMl,True,False,False,False,PREVENTIVA,MOTOMEC,CONCLUÍDO, MANUTENÇÃO-2025
2025-10-06,UT-17003,,,INSPEÇÃO DE FREIOS (OBS.: PRÓXIMA INSPEÇÃO AOS 120.000 KMl,True,False,False,False,,,,veiculos_manutencao_freio
2025-10-02,AC-17001,68248.0,,TROCA DAS PASTILHAS DE FREIO (OBS.: PASTILHAS FORNECIDAS PELA MOTOMEC).,True,False,False,False,PREVENTIVA,BF DIESEL,CONCLUÍDO, MANUTENÇÃO-2025
2025-10-02,AC-17001,,,TROCA DAS PASTILHAS DE FREIO (OBS.: PASTILHAS FORNECIDAS PELA MOTOMEC).,True,False,False,False,,,,veiculos_manutencao_freio
2025-10-02,MOB-17106,49031.0,,"TROCA DE ÓLEO, FILTRO DE ÓLEO E COMBUSTÍVEL E BATERIA",False,False,True,True,PREVENTIVA,TOTAL MOTOS,CONCLUÍDO, MANUTENÇÃO-2025
2025-10-02,UT-17004,,0.0,INSTALAÇÃO DE BATERIA 90 AMPERES,False,False,False,True,CORRETIVA,MOTOMEC,CONCLUÍDO, MANUTENÇÃO-2025
2025-09-30,ABS-17105,,0.0,REPARO EM CHICOTE DA BUZINA,False,False,False,True,CORRETIVA,MOTOMEC,CONCLUÍDO, MANUTENÇÃO-2025
2025-09-24,ABS-17103,,0.0,TROCA DO AMORTECEDOR DO COMPARTIMENTO DO MANGOTINHO,False,False,False,False,CORRETIVA,MOTOMEC,CONCLUÍDO, MANUTENÇÃO-2025
2025-09-24,ABS-17103,,0.0,TROCA DAS CONEXÕES DE ADMISSÃO E EXPULSÃO DE ÁGUA,False,False,False,False,CORRETIVA,MOTOMEC,CONCLUÍDO, MANUTENÇÃO-2025
2025-09-24,MOB-17108,57997.0,669.0,"TROCA DE ÓLEO, FILTRO DE AR E FILTRO DE COMBUSTÍVEL",False,False,True,False,PREVENTIVA,TOTAL MOTOS,CONCLUÍDO, MANUTENÇÃO-2025
2025-09-24,TP-17001,45481.0,200.0,"TROCA DOS 04 PNEUS, ALINHAMENTO E 04 BALANCEAMENTOS, E REVISÃO DE FREIOS (PRÓXIMA INSPEÇÃO DE FREIOS AOS 50.500 KM). OBS.: PNEUS FORNECIDOS PELA MOTOMEC",True,True,False,False,PREVENTIVA,GV PNEUS,CONCLUÍDO, MANUTENÇÃO-2025
2025-09-24,TP-17001,,,"TROCA DOS 04 PNEUS, ALINHAMENTO E 04 BALANCEAMENTOS, E REVISÃO DE FREIOS (PRÓXIMA INSPEÇÃO DE FREIOS AOS 50.500 KM). OBS.: PNEUS FORNECIDOS PELA MOTOMEC",True,True,False,False,,,,veiculos_manutencao_freio
2025-09-24,UR-17102,40093.0,183296.0,"1.        Fornecer e substituir o óleo do motor;
2.        Fornecer e substituir o filtro de óleo do motor;
3.        Fornecer e substituir o filtro de combustível;
4.        Fornecer e substituir o filtro de ar do motor;
5.        Fornecer e substituir o filtro de ar da cabine (ar condicionado).",False,False,True,False,PREVENTIVA,BHB,FINALIZADO NA NEO, MANUTENÇÃO-2025
2025-09-23,ABS-17103,151606.0,0.0,TROCA DO QUINTO BICO INJETOR (GARANTIA),False,False,False,False,CORRETIVA,RP TRUCK,CONCLUÍDO, MANUTENÇÃO-2025
2025-09-22,ABS-17101,74552.0,0.0,REPARO NO BANCO DO MOTORISTA,False,False,False,False,CORRETIVA,MALDONADO,CONCLUÍDO, MANUTENÇÃO-2025
2025-09-17,MO-17001,162769.0,11300.0,"1.     Fornecer e Executar troca de reparos de amortecedores;
2.     Fornecer e Executar a troca dos revestimentos em todos os bancos;
3.     Fornecer e Executar troca de piso do salão com madeira e troca do revestimento do patamar com roda pé.",False,False,False,False,CORRETIVA,MALDONADO,CONCLUÍDO, MANUTENÇÃO-2025
2025-09-16,UR-17211,,117263.0,"1.     Fornecer e substituir 2 pivôs da bandeja ambos os lados dianteiro conforme especificação do fabricante;
2.     Fornecer serviço de cambagem conforme especificação do fabricante;
3.     Fornecer serviço de alinhamento e balanceamento conforme especificação do fabricante;",False,True,False,False,CORRETIVA,BHB,FINALIZADO NA NEO, MANUTENÇÃO-2025
2025-09-16,UT-17003,116650.0,,TROCA DA MANGUEIRA DO TURBO E FILTRO DE COMBUSTÍVEL,False,False,True,False,CORRETIVA,BF DIESEL,CONCLUÍDO, MANUTENÇÃO-2025
2025-09-15,UR-17105,48938.0,35519.0,"1.        Fornecer e substituir discos e pastilhas de freios dianteira conforme especificação do fabricante;
2.        Fornecer e substituir discos e pastilhas de freios traseira conforme especificação do fabricante;
4.        Fornecer e substituir fluído de freio conforme especificação do fabricante;",True,False,False,False,PREVENTIVA,BF DIESEL,FINALIZADO NA NEO, MANUTENÇÃO-2025
2025-09-15,UR-17105,48938.0,174338.0,"1.	Fornecer e substituir óleo motor conforme especificação do fabricante;
2.	Fornecer e substituir filtro de óleo do motor conforme especificação do fabricante;
3.	Fornecer e substituir filtro de combustível conforme especificação do fabricante;
4.	Fornecer e substituir filtro de ar conforme especificação do fabricante;
5.	Fornecer e substituir filtro do habitáculo especificação do fabricante.
",False,False,True,False,PREVENTIVA,BF DIESEL,FINALIZADO NA NEO, MANUTENÇÃO-2025
2025-09-15,UR-17105,,,"1.        Fornecer e substituir discos e pastilhas de freios dianteira conforme especificação do fabricante;
2.        Fornecer e substituir discos e pastilhas de freios traseira conforme especificação do fabricante;
4.        Fornecer e substituir fluído de freio conforme especificação do fabricante;",True,False,False,False,,,,veiculos_manutencao_freio
2025-09-15,VO-17004,,298753.0,"1.     Fornecer e substituir, ADESIVAGEM COMPLETA conforme padrão do Corpo de Bombeiros.
2.     Anexo está o documento contendo o padrão de adesivagem de viaturas.
",False,False,False,False,CORRETIVA,A RAINHA MAGNIFICAR,FINALIZADO NA NEO, MANUTENÇÃO-2025
2025-09-12,CA-17001,,551008.0,"1.     Fornecer e substituir embuchamento do eixo dianteiro;
2.     Fornecer e substituir rolamentos das rodas dianteira lado E/D;
3.     Fornecer e substituir barra de direção curta;
4      Fornecer e substituir terminais de direção da barra longa;
5.     Fornecer e substituir rolamento do cardan rei.
",False,False,False,False,CORRETIVA,BF DIESEL,FINALIZADO NA NEO, MANUTENÇÃO-2025
2025-09-12,UR-17105,,0.0,REVISÃO NO CHICOTE ELÉTRICO DE ACIONAMENTO DOS MÓDULOS DOS VIDROS DAS PORTAS,False,False,False,True,PREVENTIVA,MOTOMEC,CONCLUÍDO, MANUTENÇÃO-2025
2025-09-11,ABS-17103,151252.0,801645.0,  Fornecer manutenção e revisão no conjunto do sistema de bomba e bicos injetores;,False,False,False,False,CORRETIVA,RP TRUCK,FINALIZADO NA NEO, MANUTENÇÃO-2025
2025-09-11,ABS-17103,151252.0,536148.0, Fornecer manutenção do sistema de arla.,False,False,False,False,CORRETIVA,RP TRUCK,FINALIZADO NA NEO, MANUTENÇÃO-2025
2025-09-11,MOB-17107,56443.0,669.0,"TROCA DE ÓLEO, FILTRO DE AR E FILTRO DE COMBUSTÍVEL",False,False,True,False,PREVENTIVA,TOTAL MOTOS,CONCLUÍDO, MANUTENÇÃO-2025
2025-09-08,UT-17003,113915.0,210.0,COMPRA DAS BORRACHAS DAS PORTAS DO MOTORISTA E PASSAGEIRO,False,False,False,False,PREVENTIVA,MOGI VANS,CONCLUÍDO, MANUTENÇÃO-2025
2025-09-04,ABS-17103,,70236.0,"1.     Fornecer e executar: LAVAGEM E LUBRIFICAÇÃO GERAL;
2.     Fornecer e executar:  ENGRAXAMENTO DAS MANGAS DE EIXO E CARDAN.",False,False,False,False,PREVENTIVA,BF DIESEL,FINALIZADO NA NEO, MANUTENÇÃO-2025
2025-09-03,ABS-17101,74313.0,221522.0,"1.        Fornecer e substituir óleo motor conforme especificação do fabricante;
2.        Fornecer e substituir filtro de óleo do motor conforme especificação do fabricante;
3.        Fornecer e substituir filtro RACOR conforme especificação do fabricante;
4.        Fornecer e substituir filtro de combustível conforme especificação do fabricante;
5.        Fornecer e substituir filtro de ar do mtotor conforme especificação do fabricante;
6.        Fornecer e substituir filtro de ar do habitáculo conforme especificação do fabricante.",False,False,True,False,PREVENTIVA,BASSI,FINALIZADO NA NEO, MANUTENÇÃO-2025
2025-09-03,ABS-17102,,82228.0,"1.     Fornecer e executar: LAVAGEM E LUBRIFICAÇÃO GERAL;
2.     Fornecer e executar:  ENGRAXAMENTO DAS MANGAS DE EIXO E CARDAN.",False,False,False,False,PREVENTIVA,BF DIESEL,FINALIZADO NA NEO, MANUTENÇÃO-2025
2025-09-02,AC-17001,66500.0,0.0,INSPEÇÃO DE FREIOS (OBS.: PRÓXIMA INSPEÇÃO AOS 67.500 KM),True,False,False,False,PREVENTIVA,MOLAS TIETE,CONCLUÍDO, MANUTENÇÃO-2025
2025-09-02,AC-17001,66500.0,0.0,AJUSTE NAS MOLAS,False,False,False,False,PREVENTIVA,MOLAS TIETE,CONCLUÍDO, MANUTENÇÃO-2025
2025-09-02,AC-17001,,,INSPEÇÃO DE FREIOS (OBS.: PRÓXIMA INSPEÇÃO AOS 67.500 KM),True,False,False,False,,,,veiculos_manutencao_freio
2025-08-28,ABS-17101,,372844.0,"1.     Fornecer limpeza do sistema de arrefecimento;
2.     Fornecer e substituir liquido de arrefecimento conforme especificação do fabricante",False,False,False,False,PREVENTIVA,BF DIESEL,FINALIZADO NA NEO, MANUTENÇÃO-2025
2025-08-27,ABS-17101,73876.0,77033.0,"1. Fornecer e substituir módulo de injeção do motor;
2. Programar o módulo;
3. Readequar a chave geral.
",False,False,False,False,CORRETIVA,RP TRUCK,FINALIZADO NA NEO, MANUTENÇÃO-2025
2025-08-26,ABS-17103,151189.0,156055.0,"1.        Fornecer e substituir óleo motor conforme especificação do fabricante;
2.        Fornecer e substituir filtro de óleo do motor conforme especificação do fabricante;
3.        Fornecer e substituir filtro RACOR conforme especificação do fabricante;
4.        Fornecer e substituir filtro de combustível conforme especificação do fabricante;
5.        Fornecer e substituir filtro de ar do mtotor conforme especificação do fabricante;
6.        Fornecer e substituir filtro de ar do habitáculo conforme especificação do fabricante.",False,False,True,False,PREVENTIVA,BF DIESEL,FINALIZADO NA NEO, MANUTENÇÃO-2025
2025-08-25,AC-17001,,372844.0,"  Fornecer, substituir e reparar suspesão traseira ( espigão, feixes de mola, pastilhas de mola e grampos ).",True,False,False,False,CORRETIVA,BF DIESEL,FINALIZADO NA NEO, MANUTENÇÃO-2025
2025-08-25,AC-17001,,,"  Fornecer, substituir e reparar suspesão traseira ( espigão, feixes de mola, pastilhas de mola e grampos ).",True,False,False,False,,,,veiculos_manutencao_freio
2025-08-25,UR-17102,,280.0,"MONTAGEM DE 04 PNEUS, ALINHAMENTO E BALANCEAMENTO",False,True,False,False,PREVENTIVA,PAIVA PNEUS,CONCLUÍDO, MANUTENÇÃO-2025
2025-08-22,ABS-17101,,496988.0, Reparar embuchamento dianteiro.,False,False,False,False,CORRETIVA,BF DIESEL,FINALIZADO NA NEO, MANUTENÇÃO-2025
2025-08-20,AC-17002,,700.0,MANUTENÇÃO NO MÓDULO DE CIRCUITO DE ANIMAÇÃO NA GRADE FRONTAL E DOS LEDS TRASEIROS,False,False,False,False,CORRETIVA,LUIZ (ENGESIG),CONCLUÍDO, MANUTENÇÃO-2025
2025-08-20,MOB-17106,,,TROCA DO CABO DE EMBREAGEM,False,False,False,False,CORRETIVA,TOTAL MOTOS,CONCLUÍDO, MANUTENÇÃO-2025
2025-08-20,MOB-17107,,180.0,TROCA DOS RAIOS TRASEIROS,False,False,False,False,CORRETIVA,TOTAL MOTOS,CONCLUÍDO, MANUTENÇÃO-2025
2025-08-19,AC-17002,176522.0,510.0,TROCA DAS PASTILHAS DE FREIO (PRÓXIMA INSPEÇÃO AOS 179.000 KM),True,False,False,False,CORRETIVA,BF DIESEL,CONCLUÍDO, MANUTENÇÃO-2025
2025-08-19,AC-17002,,,TROCA DAS PASTILHAS DE FREIO (PRÓXIMA INSPEÇÃO AOS 179.000 KM),True,False,False,False,,,,veiculos_manutencao_freio
2025-08-17,UR-17101,49862.0,1256724.0,"1.     Fornecer e substituir Kit de embreagem original- conforme especificação do fabricante;
2.     Fornecer e substituir a troca do Óleo da  transmisssão;
3.     Fornecer e substituir Atuador de embreagem;
4      Fornecer e substituir Retentor volante motor;
5.     Fornecer e substituir Volante do motor.",False,False,True,False,CORRETIVA,J KAR,FINALIZADO NA NEO, MANUTENÇÃO-2025
2025-08-15,ABS-17106,,220.0,MONTAGEM DO PNEU DIANTEIRO E DOIS BALANCEAMENTOS,False,True,False,False,CORRETIVA,TRUCK CENTER,CONCLUÍDO, MANUTENÇÃO-2025
2025-08-15,AC-17001,,6800.0,MANUTENÇÃO NO CÂMBIO,False,False,False,False,CORRETIVA,ORTEGA,CONCLUÍDO, MANUTENÇÃO-2025
2025-08-14,ABS-17101,,50.0,COMPRA DA VÁLVULA ESFERA (OBS.: TROCA EFETUADA PELA MOTOMEC),False,False,False,False,CORRETIVA,ACTECH,CONCLUÍDO, MANUTENÇÃO-2025
2025-08-14,UR-17102,37700.0,658947.0,"1.     Fornecer e substituir reservatório do ARLA, conforme especificação do fabricante.",False,False,False,False,CORRETIVA,RP TRUCK,FINALIZADO NA NEO, MANUTENÇÃO-2025
2025-08-13,AC-17002,176522.0,453987.0,"1.     Reparar suporte do coxim do motor;
2.     Fazer reforço no suporte do chassi;
3.     Desmontagem e montagem do motor e diferencial dianteiro;
4      Fornecer e substituir coifa do lado direito da homocinetica;
5      Fornecer e substituir coxim do motor.",False,False,False,False,CORRETIVA,BF DIESEL,FINALIZADO NA NEO, MANUTENÇÃO-2025
2025-08-13,UT-17004,,0.0,TROCA DE 02 LÂMPADAS H7 E 01 LÂMPADA PINGO,False,False,False,True,CORRETIVA,MOTOMEC,CONCLUÍDO, MANUTENÇÃO-2025
2025-08-13,VO-17004,71800.0,0.0,INSPEÇÃO DE FREIO E SUSPENSÃO,True,False,False,False,PREVENTIVA,IKEDA,CONCLUÍDO, MANUTENÇÃO-2025
2025-08-13,VO-17004,,,INSPEÇÃO DE FREIO E SUSPENSÃO,True,False,False,False,,,,veiculos_manutencao_freio
2025-08-12,ABS-17101,,,TROCA DE LÂMPADA DE FAROL E FUSÍVEL ,False,False,False,True,CORRETIVA,MOTOMEC,CONCLUÍDO, MANUTENÇÃO-2025
2025-08-12,MOB-17108,55399.0,95663.0,"1.     Fornecer e substituir buchas da suspensão traseira e lubrificação conforme especificação do fabricante;
2.     Substituir 01 pneu traseiro e 01 pneu dianteiro que serão fornecidos pela unidade.
3.     Fornecer e substituir 02 câmara de ar conforme especificação do fabricante;
4.     Fornecer e substituir 02 valvulas de pneu conforme especificação do fabricante.",False,True,False,False,CORRETIVA,TOTAL MOTOS,FINALIZADO NA NEO, MANUTENÇÃO-2025
2025-08-05,ABS-17102,,,COMPRA DE PALHETA DO LIMPADOR DE PARA-BRISA,False,False,False,False,CORRETIVA,NOGUTI CAMINHÃO,CONCLUÍDO, MANUTENÇÃO-2025
2025-08-05,CA-17001,,,COMPRA DE PALHETA DO LIMPADOR DE PARA-BRISA,False,False,False,False,CORRETIVA,NOGUTI CAMINHÃO,CONCLUÍDO, MANUTENÇÃO-2025
2025-08-05,UT-17003,,,COMPRA DE PALHETA DO LIMPADOR DE PARA-BRISA,False,False,False,False,CORRETIVA,NOGUTI CAMINHÃO,CONCLUÍDO, MANUTENÇÃO-2025
2025-08-04,AC-17002,176474.0,82338.0,"1.        Fornecer e substituir óleo motor conforme especificação do fabricante;
2.        Fornecer e substituir filtro de óleo do motor conforme especificação do fabricante;
3.        Fornecer e substituir filtro de combustível conforme especificação do fabricante;
4.        Fornecer e substituir filtro de ar do mtotor conforme especificação do fabricante;
5.        Fornecer e substituir filtro de ar do habitáculo conforme especificação do fabricante.",False,False,True,False,PREVENTIVA,BF DIESEL,FINALIZADO NA NEO, MANUTENÇÃO-2025
2025-08-04,UR-17101,48078.0,171838.0,"1.        Fornecer e substituir óleo motor conforme especificação do fabricante;
2.        Fornecer e substituir filtro de óleo do motor conforme especificação do fabricante;
3.        Fornecer e substituir filtro de combustível conforme especificação do fabricante;
4.        Fornecer e substituir filtro de ar do mtotor conforme especificação do fabricante;
5.        Fornecer e substituir filtro de ar do habitáculo conforme especificação do fabricante.",False,False,True,False,PREVENTIVA,BF DIESEL,FINALIZADO NA NEO, MANUTENÇÃO-2025
2025-08-02,MOB-17107,,78.0,TROCA DA CAMARA DE AR E MONTAGEM DE PNEU TRASEIRO,False,True,False,False,CORRETIVA,TOTAL MOTOS,CONCLUÍDO, MANUTENÇÃO-2025
2025-07-31,AC-17002,176454.0,300.0,TROCA DO SENSOR DE VELOCIDADE DE ENTRADA DO CAMBIO; PROGRAMAÇÃO DO SISTEMA DE TRANSMISSÃO,False,False,False,False,CORRETIVA,ORTEGA,CONCLUÍDO, MANUTENÇÃO-2025
2025-07-31,AC-17002,,300.0,TROCA DO SENSOR DE VELOCIDADE DO CÂMBIO,False,False,False,False,CORRETIVA,ORTEGA,CONCLUÍDO, MANUTENÇÃO-2025
2025-07-31,MOB-17106,,55.0,TROCA DE PASTILHAS DE FREIO TRASEIRO,True,False,False,False,CORRETIVA,TOTAL MOTOS,CONCLUÍDO, MANUTENÇÃO-2025
2025-07-31,MOB-17106,,,TROCA DE PASTILHAS DE FREIO TRASEIRO,True,False,False,False,,,,veiculos_manutencao_freio
2025-07-31,MOB-17107,,65717.0," Fornecer e substituir buchas da suspensão traseira e lubrificação conforme especificação do fabricante.
",False,False,False,False,CORRETIVA,TOTAL MOTOS,FINALIZADO NA NEO, MANUTENÇÃO-2025
2025-07-31,UR-17101,,100.0,ALINHAMENTO,False,True,False,False,PREVENTIVA,FIT AUTO CENTER,CONCLUÍDO, MANUTENÇÃO-2025
2025-07-29,MOB-17106,48627.0,4599.0, Fornecer e substituir buchas da suspensão traseira e lubrificação conforme especificação do fabricante.,False,False,False,False,CORRETIVA,TOTAL MOTOS,FINALIZADO NA NEO, MANUTENÇÃO-2025
2025-07-29,MOB-17108,56287.0,149.0,"1.        Fornecer e substituir o óleo do motor conforme especificação do fabricante;
2.        Fornecer e substituir o filtro de óleo do motor conforme especificação do fabricante;
3.        Fornecer e substituir o filtro de ar do motor conforme especificação do fabricante
4.         Fornecer e substituir pastilhas de freio traseiro.
",True,False,True,False,PREVENTIVA,TOTAL MOTOS,FINALIZADO NA NEO, MANUTENÇÃO-2025
2025-07-29,MOB-17108,,,"1.        Fornecer e substituir o óleo do motor conforme especificação do fabricante;
2.        Fornecer e substituir o filtro de óleo do motor conforme especificação do fabricante;
3.        Fornecer e substituir o filtro de ar do motor conforme especificação do fabricante
4.         Fornecer e substituir pastilhas de freio traseiro.
",True,False,True,False,,,,veiculos_manutencao_freio
2025-07-28,ABS-17102,,1966.0,TROCA DE DOIS PNEUS E MONTAGEM DOS PNEUS DIANTEIROS,False,True,False,False,CORRETIVA,SERGIPANA,CONCLUÍDO, MANUTENÇÃO-2025
2025-07-25,ABS-17103,149357.0,1503772.0,"1) Remoção e instalação da bomba de combate a incêndio no chassi da viatura; 
2) Serviço de desmontagem e montagem da voluta da bomba de combate a incêndio para troca do selo mecânico;  
3) Troca das vedações do cilindro de engate da bomba; 
4) Reparo no chicote elétrico do de engate da bomba; 
5) Reparo no chicote das gavetas com curto; 
6) Troca do óleo da caixa de transferência;  ",False,False,True,True,CORRETIVA,EVR,FINALIZADO NA NEO, MANUTENÇÃO-2025
2025-07-22,VO-17004,71013.0,71895.0,"TROCA DE: ÓLEO DO MOTOR. FILTRO DE ÓLEO DO MOTOR, FILTRO DE AR DO MOTOR, FILTRO DE COMBUSTÍVEL, ÓLEO DO CÂMBIO, FLUIDO DE FREIO.",True,False,True,False,PREVENTIVA,REIS DO ÓLEO,CONCLUÍDO, MANUTENÇÃO-2025
2025-07-22,VO-17004,,,"TROCA DE: ÓLEO DO MOTOR. FILTRO DE ÓLEO DO MOTOR, FILTRO DE AR DO MOTOR, FILTRO DE COMBUSTÍVEL, ÓLEO DO CÂMBIO, FLUIDO DE FREIO.",True,False,True,False,,,,veiculos_manutencao_freio
2025-07-16,TP-17001,40398.0,0.0,"REVISÃO PERIÓDICA CONTEMPLANDO OS SEGUINTES SERVIÇOS: TROCA DO FILTRO DE ÓLEO, TROCA DA JUNTA DE ALUMÍNIO, TROCA DO ELEMENTO FILTRO DE AR, TROCA DO FILTRO DE COMBUSTÍVEL, TROCA DO ELEMENTO DO FILTRO DO AR CONDICIONADO, TROCA DO ÓLEO DO MOTOR, TROCA DO FLUIDO DE FREIO",True,False,True,False,PREVENTIVA,TOYOTA MOGI,CONCLUÍDO, MANUTENÇÃO-2025
2025-07-16,TP-17001,,,"REVISÃO PERIÓDICA CONTEMPLANDO OS SEGUINTES SERVIÇOS: TROCA DO FILTRO DE ÓLEO, TROCA DA JUNTA DE ALUMÍNIO, TROCA DO ELEMENTO FILTRO DE AR, TROCA DO FILTRO DE COMBUSTÍVEL, TROCA DO ELEMENTO DO FILTRO DO AR CONDICIONADO, TROCA DO ÓLEO DO MOTOR, TROCA DO FLUIDO DE FREIO",True,False,True,False,,,,veiculos_manutencao_freio
2025-07-10,ABS-17103,,0.0,REPARO DO AMORTECEDOR DA PORTA DE COMPARTIMENTOS,False,False,False,False,CORRETIVA,MOTOMEC,CONCLUÍDO, MANUTENÇÃO-2025
2025-07-08,TP-17000,361.0,0.0,PROBLEMA NO ALTERNADOR = > TROCA DO REGULADOR DE VOLTAGEM,False,False,False,True,CORRETIVA,TOYOTA MOGI,CONCLUÍDO, MANUTENÇÃO-2025
2025-07-04,VO-17004,,19758.0, LIMPEZA DO SISTEMA DE AR- CONDICIONADO,False,False,False,False,PREVENTIVA,AUTO CENTER BASSI,FINALIZADO NA NEO, MANUTENÇÃO-2025
2025-07-02,CA-17001,,48778.0,"1.        Fornecer e substituir 02 pneus dianteiros 7.50 R16;
2.        Executar alinhamento de direção;
3.        Executar 02 balanceamentos de rodas;",False,True,False,False,CORRETIVA,J KAR,FINALIZADO NA NEO, MANUTENÇÃO-2025
2025-07-01,VO-17000,20114.0,0.0,"REVISÃO PERIÓDICA DOS 20.000 KM (OBS.: SERVIÇOS CONFORME O MANUAL DO PROPRIETÁRIO => TROCA DO ÓLEO DO  MOTOR, TROCA DO FILTRO DE ÓLEO DO MOTOR, TROCA DO FILTRO DE COMBUSTÍVEL, TROCA DO FILTRO DE AR DO MOTOR, INSPEÇÃO DE FREIOS, INSPEÇÃO DA BETERIA, INSPEÇÃO DO FILTRO DO AR CONDICIONADO, INSPEÇÃO DAS CORREAS AUXILIARES, ENTRE OUTROS)",True,False,True,False,PREVENTIVA,FIAT DESTAQUE MOGI,CONCLUÍDO, MANUTENÇÃO-2025
2025-07-01,VO-17000,,,"REVISÃO PERIÓDICA DOS 20.000 KM (OBS.: SERVIÇOS CONFORME O MANUAL DO PROPRIETÁRIO => TROCA DO ÓLEO DO  MOTOR, TROCA DO FILTRO DE ÓLEO DO MOTOR, TROCA DO FILTRO DE COMBUSTÍVEL, TROCA DO FILTRO DE AR DO MOTOR, INSPEÇÃO DE FREIOS, INSPEÇÃO DA BETERIA, INSPEÇÃO DO FILTRO DO AR CONDICIONADO, INSPEÇÃO DAS CORREAS AUXILIARES, ENTRE OUTROS)",True,False,True,False,,,,veiculos_manutencao_freio
2025-06-26,AC-17001,64919.0,0.0,INSPEÇÃO DE FREIO (KM 64919) PRÓXIMA INPEÇÃO 66500,True,False,False,False,PREVENTIVA,MOTOMEC,CONCLUÍDO, MANUTENÇÃO-2025
2025-06-26,AC-17001,,,INSPEÇÃO DE FREIO (KM 64919) PRÓXIMA INPEÇÃO 66500,True,False,False,False,,,,veiculos_manutencao_freio
2025-06-26,MOB-17107,54390.0,110.0,TROCA DE ÓLEO E FILTROS,False,False,True,False,PREVENTIVA,TOTAL MOTOS,CONCLUÍDO, MANUTENÇÃO-2025
2025-06-25,ABS-17103,149766.0,1900.0,"TROCA DO FILTRO RACOR, CABEÇOTE DO FILTRO RACOR E LIMPEZA DOS BICOS E DO TANQUE DE COMBUSTIVEL",False,False,True,False,CORRETIVA,BF DIESEL,CONCLUÍDO, MANUTENÇÃO-2025
2025-06-16,ABS-17101,71480.0,0.0,REVISÃO DO MOTOR DE ARRANQUE (GARANTIA),False,False,False,False,PREVENTIVA,J KAR GUINCHOS,CONCLUÍDO, MANUTENÇÃO-2025
2025-06-16,ABS-17103,,,COMANDO DE ACIONAMENTO DE ACELERAÇÃO DA BOMBA DE INCÊNDIO ,False,False,False,False,CORRETIVA,EVR,CONCLUÍDO, MANUTENÇÃO-2025
2025-06-16,MO-17001,,0.0,TROCA DE LÂMPADA DA LUZ DE FREIO TRASEIRO LD,True,False,False,True,CORRETIVA,MOTOMEC,CONCLUÍDO, MANUTENÇÃO-2025
2025-06-16,MO-17001,,,TROCA DE LÂMPADA DA LUZ DE FREIO TRASEIRO LD,True,False,False,True,,,,veiculos_manutencao_freio
2025-06-16,TP-17101,,,TROCA DA CORREIA DO ALTERNADOR,False,False,False,True,CORRETIVA,SENHOR MOTOR,CONCLUÍDO, MANUTENÇÃO-2025
2025-06-16,UR-17101,,0.0,COMPLETADO NÍVEL DE ÓLEO UR-17101,False,False,True,False,PREVENTIVA,REI DO ÓLEO,CONCLUÍDO, MANUTENÇÃO-2025
2025-06-11,AC-17001,64078.0,62259.0,"1.     Fornecer e substituir, 04 (QUATRO) PNEUS DE PRIMEIRA LINHA, MARCA  265 / 65R17 GOODYEAR WORKHORSE AT;
2.     Fornecer e substituir, 04 BICOS DE AR
3.     Fornecer e executar, ALINHAMENTO E 04 BALANCEAMENTO.",False,True,False,False,PREVENTIVA,BHB,FINALIZADO NA NEO, MANUTENÇÃO-2025
2025-06-11,UR-17101,45257.0,610.0,TROCA DE PASTILHAS DE FREIO DIANTEIRO (PRÓXIMA INSPEÇÃO 47.000),True,False,False,False,PREVENTIVA,PEDRO VANS,CONCLUÍDO, MANUTENÇÃO-2025
2025-06-11,UR-17101,,,TROCA DE PASTILHAS DE FREIO DIANTEIRO (PRÓXIMA INSPEÇÃO 47.000),True,False,False,False,,,,veiculos_manutencao_freio
2025-06-06,MO-17001,161781.0,367623.0,Fornecer e substituir kit de embreagem conforme especificação do fabricante (CONJUNTO KIT DE EMBREAGEM; GARFO DA EMBREAGEM; EIXO; 20L- OLEO TRANSMISSAO; RETIFICAR - VOLANTE MOTOR). ,False,False,True,False,CORRETIVA,RP TRUCK,CONCLUÍDO, MANUTENÇÃO-2025
2025-06-02,ABS-17101,71052.0,0.0,ADAPTAÇÃO DA CAIXA DO SISTEMA ELÉTRICO DO GUINCHO,False,False,False,False,PREVENTIVA,MOTOMEC,CONCLUÍDO, MANUTENÇÃO-2025
2025-06-02,ABS-17101,71052.0,0.0,TROCA DE LÂMPADA DA LANTERNA ESQUERDA,False,False,False,True,CORRETIVA,MOTOMEC,CONCLUÍDO, MANUTENÇÃO-2025
2025-06-02,ABS-17103,71052.0,0.0,REPARO NA CÚPULA DO RAY LIGHT,False,False,False,False,CORRETIVA,MOTOMEC,CONCLUÍDO, MANUTENÇÃO-2025
2025-06-02,ABS-17103,,0.0,REPARO NO CHICOTE DO RÁDIO COMUNICADOR E FIXAÇÃO,False,False,False,True,CORRETIVA,MOTOMEC,CONCLUÍDO, MANUTENÇÃO-2025
2025-05-30,UT-17003,,930.0,REPARO COM SOLDA NO AGREGADO DA LONGARINA DIREIRA,False,False,False,False,CORRETIVA,OFICINA CARLÃO,CONCLUÍDO, MANUTENÇÃO-2025
2025-05-29,ABS-17106,48637.0,226333.0,"1.        Fornecer e substituir óleo motor conforme especificação do fabricante;
2.        Fornecer e substituir filtro de óleo do motor conforme especificação do fabricante;
3.        Fornecer e substituir filtro RACOR conforme especificação do fabricante;
4.        Fornecer e substituir filtro de combustível conforme especificação do fabricante;
5.        Fornecer e substituir filtro de ar conforme especificação do fabricante;
6.        Fornecer e substituir filtro do habitáculo especificação do fabricante.",False,False,True,False,PREVENTIVA,BF DIESEL,FINALIZADO NA NEO, MANUTENÇÃO-2025
2025-05-29,ABS-17106,48637.0,,"1.        Fornecer e substituir o óleo do motor conforme especificação do fabricante;
2.        Fornecer e substituir o filtro de óleo do motor conforme especificação do fabricante;
3.        Fornecer e substituir o filtro de combustível conforme especificação do fabricante;
4.        Fornecer e substituir o filtro de ar do motor conforme especificação do fabricante;
5.        Fornecer e substituir o filtro de ar da cabine (habitáculo) conforme especificação do fabricante.
6;     Fornecer e substituir o filtro Racor.
7.     Fornecer e substituir o óleo da caixa de transferência (bomba de incêndio).
",False,False,True,False,PREVENTIVA,BF DIESEL,CONCLUÍDO, MANUTENÇÃO-2025
2025-05-29,VO-17103,125608.0,40895.0,TROCA DE ÓLEO E FILTROS,False,False,True,False,PREVENTIVA,REIS DO OLEO,CONCLUÍDO, MANUTENÇÃO-2025
2025-05-22,UT-17003,,1305.0,ROLAMENTO RODAS DIANTEIRA E e D. BRAÇO COAXIAL DIREITO,False,False,False,False,CORRETIVA,PEDRO VANS,CONCLUÍDO, MANUTENÇÃO-2025
2025-05-21,ABS-17101,70852.0,2166.0,COMPRA DO JOGO DE SETA DIANTEIRA,False,False,False,False,PREVENTIVA,NOGUTI CAMINHÕES,CONCLUÍDO, MANUTENÇÃO-2025
2025-05-21,CA-17001,255300.0,659601.0,"1.	Fornecer e substituir kit de embreagem;
2.	Fornecer e substituir kit de atuadores de embreagem;
3.	Fornecer e substituir fluído de acionamento da embreagem;",False,False,False,False,CORRETIVA,CURIÓ,FINALIZADO NA NEO, MANUTENÇÃO-2025
2025-05-20,MOB-17106,48579.0,64448.0,1.        Fornecer e substituir kit de relação de corrente com retentor de acordo com especificação do fabricante.,False,False,False,False,PREVENTIVA,TOTAL MOTOS,FINALIZADO NA NEO, MANUTENÇÃO-2025
2025-05-20,MOB-17107,53315.0,64448.0,1.        Fornecer e substituir kit de relação de corrente com retentor de acordo com especificação do fabricante.,False,False,False,False,PREVENTIVA,TOTAL MOTOS,FINALIZADO NA NEO, MANUTENÇÃO-2025
2025-05-20,MOB-17108,54516.0,64448.0,1.        Fornecer e substituir kit de relação de corrente com retentor de acordo com especificação do fabricante.,False,False,False,False,PREVENTIVA,TOTAL MOTOS,FINALIZADO NA NEO, MANUTENÇÃO-2025
2025-05-19,ABS-17101,70695.0,19188.0,REPARO COM SOLDA E ADAPTAÇÃO DO SUPORTE DA ALAVANCA DE ENGATE PNEUMÁTICO DA CAIXA DE TRANSFERÊNCIA DA BOMBA DE INCÊNDIO,False,True,False,False,CORRETIVA,MOTOMEC,CONCLUÍDO, MANUTENÇÃO-2025
2025-05-18,ABS-17101,70695.0,0.0,TROCA DA MANGUEIRA INFERIOR DO RADIADOR,False,False,False,False,CORRETIVA,MOTOMEC,CONCLUÍDO, MANUTENÇÃO-2025
2025-05-16,TP-17003,181755.0,0.0,INSPEÇÃO DE FREIOS (PRÓXIMA INSPEÇÃO AOS 192.000 KM),True,False,False,False,PREVENTIVA,MOTOMEC,CONCLUÍDO, MANUTENÇÃO-2025
2025-05-16,TP-17003,,,INSPEÇÃO DE FREIOS (PRÓXIMA INSPEÇÃO AOS 192.000 KM),True,False,False,False,,,,veiculos_manutencao_freio
2025-05-15,ABS-17106,51056.0,220.0,"1.     Substituir dois pneus dianteiros ( OS PNEUS SERÃO FORNECIDOS PELO CORPO DE BOMBEIROS 17ºGB );
2.     Fornecer e substituir duas válvulas de pneu conforme especificação do fabricante;
3.     Fornecer e executar dois balanceamentos;
",False,True,False,False,PREVENTIVA,TRUCK CENTER,CONCLUÍDO, MANUTENÇÃO-2025
2025-05-15,VO-17100,27485.0,0.0,REVISÃO PERIÓDICA CONTEMPLANDO OS SEGUINTES SERVIÇOS: TROCA DE ÓLEO E FILTROS + ??????????,False,False,True,False,PREVENTIVA,DESTAQUE FIAT MOGI,CONCLUÍDO, MANUTENÇÃO-2025
2025-05-15,VO-17101,1223.0,0.0,INSTALAÇÃO DO RÁDIO COMUNICADOR,False,False,False,False,PREVENTIVA,CSM/MOpB,CONCLUÍDO, MANUTENÇÃO-2025
2025-05-14,VO-17000,13602.0,0.0,INSTALAÇÃO DO RÁDIO COMUNICADOR,False,False,False,False,PREVENTIVA,CSM/MOpB,CONCLUÍDO, MANUTENÇÃO-2025
2025-05-13,MO-17001,161640.0,0.0,TROCA DE ABRAÇADEIRA DA MANGUEIRA HIDRÁULICA,False,False,False,False,CORRETIVA,MOTOMEC,CONCLUÍDO, MANUTENÇÃO-2025
2025-05-13,TP-17200,1102.0,0.0,INSTALAÇÃO DO RÁDIO COMUNICADOR,False,False,False,False,PREVENTIVA,CSM/MOpB,CONCLUÍDO, MANUTENÇÃO-2025
2025-05-13,UR-17102,31400.0,0.0,INSPEÇÃO DE FREIOS (PRÓXIMA INSPEÇÃO AOS  33.500 KM),True,False,False,False,PREVENTIVA,MOTOMEC,CONCLUÍDO, MANUTENÇÃO-2025
2025-05-13,UR-17102,,,INSPEÇÃO DE FREIOS (PRÓXIMA INSPEÇÃO AOS  33.500 KM),True,False,False,False,,,,veiculos_manutencao_freio
2025-05-12,ABS-17204,89009.0,643902.0,"1.     Executar troca da bomba de incêndio. 
        O serviço será executado na unidade.",False,False,False,False,CORRETIVA,EVR,FINALIZADO NA NEO, MANUTENÇÃO-2025
2025-05-12,AT-17101,9900.0,0.0,LUBRIFICAÇÃO DA MANGA DE EIXO E CARDAN,False,False,False,False,PREVENTIVA,DIBRACAN,CONCLUÍDO, MANUTENÇÃO-2025
2025-05-12,TP-17001,34424.0,0.0,INSTALAÇÃO DO RÁDIO COMUNICADOR,False,False,False,False,PREVENTIVA,CSM/MOpB,CONCLUÍDO, MANUTENÇÃO-2025
2025-05-09,ABS-17204,89009.0,202134.0,"1.        Fornecer serviço de guincho;
2.         O veículo deverá se retirado na Oficina  VG ELETRO DIESEL, situada na Rodovia Fernão Dias, Km 84-Vila Nova Galvão, São Paulo e 
deixado no Posto de Bombeiro Shangai; localizado na Rua Olegário Paiva, 33- Centro- Município de Mogi das Cruzes.

",False,False,False,False,CORRETIVA,AUTO SOCORRO FIRE FOX,FINALIZADO NA NEO, MANUTENÇÃO-2025
2025-04-25,ABS-17103,149420.0,0.0,REPARO NA BOMBA DE INCÊNDIO,False,False,False,False,CORRETIVA,CSM/MOpB,CONCLUÍDO, MANUTENÇÃO-2025
2025-04-25,VO-17004,68333.0,124866.0," Exectutar lavagem completa ( Assoalho e lataria), Polimento e cristalização.
",False,False,False,False,PREVENTIVA,EVR,CONCLUÍDO, MANUTENÇÃO-2025
2025-04-24,AC-17001,56461.0,428112.0,Fazer reparo do chicote e reprogração conforme especificação do fabricante.,False,False,False,True,CORRETIVA,DS VANS,FINALIZADO NA NEO, MANUTENÇÃO-2025
2025-04-15,UR-17101,42876.0,0.0,ELIMINAÇÃO DE GOTÍCULAS DE AGUA NO INTERIOR DO FAROL DO LADO DO MOTORISTA,False,False,False,False,CORRETIVA,MOTOMEC,CONCLUÍDO, MANUTENÇÃO-2025
2025-04-11,AC-17001,58461.0,136616.0,"1.        Fornecer e substituir óleo de motor conforme especificação do fabricante;
2.        Fornecer e substituir filtro de óleo de motor conforme especificação do fabricante;
3.        Fornecer e substituir filtro de combustível conforme especificação do fabricante;
4.        Fornecer e substituir filtro de ar conforme especificação do fabricante;
5.        Fornecer e substituir filtro do habitáculo especificação do fabricante.",False,False,True,False,PREVENTIVA,BF DIESEL,FINALIZADO NA NEO, MANUTENÇÃO-2025
2025-04-11,AC-17001,60300.0,220.0,TROCA DE LÂMPADA DE FAROL E LANTERNA,False,False,False,True,CORRETIVA,SR. MOTOR,CONCLUÍDO, MANUTENÇÃO-2025
2025-04-10,VO-17000,10185.0,,SERVIÇO DE REVISÃO COM TROCA DE ÓLEO E FILTROS (PRÓXIMA REVISÃO COM 20.000),False,False,True,False,PREVENTIVA,FIAT ,CONCLUÍDO, MANUTENÇÃO-2025
2025-04-09,AC-17002,174161.0,351508.0," Fornecer e substituir, RADIADOR DA VÁLVULA EGR.",False,False,False,False,CORRETIVA,BF DIESEL,FINALIZADO NA NEO, MANUTENÇÃO-2025
2025-04-09,MO-17001,161328.0,61779.0,"1.     Fornecer e substituir, 04 (DOIS) PNEUS DE PRIMEIRA LINHA, MARCA GOODYEAR -205/75R16;
2.     Fornecer e substituir, 04 BICOS DE AR
3.     Fornecer e executar, ALINHAMENTO E BALANCEAMENTO.",False,True,False,False,PREVENTIVA,BHB,FINALIZADO NA NEO, MANUTENÇÃO-2025
2025-04-08,ABS-17101,69507.0,426114.0,Fornecer e substituir motor de partida conforme especificação do fabricante.,False,False,False,True,CORRETIVA,J KAR,FINALIZADO NA NEO, MANUTENÇÃO-2025
2025-04-08,VO-17103,122790.0,17836.0,Executar serviço de alinhamento de direção.,False,True,False,False,PREVENTIVA,DS VANS,FINALIZADO NA NEO, MANUTENÇÃO-2025
2025-04-07,ABS-17103,149357.0,0.0,REPARO NO MECANISMO DO CARRETEL DO MANGOTINHO ,False,False,False,False,CORRETIVA,MOTOMEC,CONCLUÍDO, MANUTENÇÃO-2025
2025-04-07,AC-17002,174161.0,0.0,REPARO NO AMORTECEDOR DA CAPOTA,False,False,False,False,CORRETIVA,MOTOMEC,CONCLUÍDO, MANUTENÇÃO-2025
2025-04-07,MOB-17106,47514.0,2318.0,"1.        Fornecer e substituir o óleo do motor conforme especificação do fabricante;
2.        Fornecer e substituir o filtro de óleo do moto conforme especificação do fabricanter;
3.        Fornecer e substituir o filtro de ar conforme especificação do fabricante.",False,False,True,False,PREVENTIVA,TOTAL MOTOS,FINALIZADO NA NEO, MANUTENÇÃO-2025
2025-04-07,MOB-17107,52210.0,2318.0,"1.        Fornecer e substituir o óleo do motor conforme especificação do fabricante;
2.        Fornecer e substituir o filtro de óleo do moto conforme especificação do fabricanter;
3.        Fornecer e substituir o filtro de ar conforme especificação do fabricante.",False,False,True,False,PREVENTIVA,TOTAL MOTOS,FINALIZADO NA NEO, MANUTENÇÃO-2025
2025-04-07,UR-17105,43859.0,0.0,REPARO NA HASTE DE APOIO DO CAPÔ,False,False,False,False,CORRETIVA,MOTOMEC,CONCLUÍDO, MANUTENÇÃO-2025
2025-04-07,VO-17103,122811.0,0.0,INSPEÇÃO DE FREIOS (PRÓXIMA INSPEÇÃO AOS 127000 KM),True,False,False,False,PREVENTIVA,MOTOMEC,CONCLUÍDO, MANUTENÇÃO-2025
2025-04-07,VO-17103,,,INSPEÇÃO DE FREIOS (PRÓXIMA INSPEÇÃO AOS 127000 KM),True,False,False,False,,,,veiculos_manutencao_freio
2025-04-04,UR-17101,42485.0,626.0,TROCA DAS PASTILHAS DE FREIO TRASEIRO E PASSE NOS DISCOS TRASEIROS (PRÓXIMA INSPEÇÃO AOS 47.000 KM),True,False,False,False,PREVENTIVA,SR. MOTOR,CONCLUÍDO, MANUTENÇÃO-2025
2025-04-04,UR-17101,,,TROCA DAS PASTILHAS DE FREIO TRASEIRO E PASSE NOS DISCOS TRASEIROS (PRÓXIMA INSPEÇÃO AOS 47.000 KM),True,False,False,False,,,,veiculos_manutencao_freio
2025-04-03,MOB-17108,54100.0,43941.0,"1.     Fornecer e substituir óleo de motor conforme especificação do fabricante;
2      Fornecer e substituir filtro de óleo de motor conforme especificação do fabricante;
3.     Fornecer e substituir filtro de ar conforme especificação do fabricante.",False,False,True,False,PREVENTIVA,RAVI MOTOS,FINALIZADO NA NEO, MANUTENÇÃO-2025
2025-04-03,MT-17001,23299.0,28412.0,"1.     Fornecer e substituir óleo de motor conforme especificação do fabricante;
2      Fornecer e substituir filtro de óleo de motor conforme especificação do fabricante;
3.     Fornecer e substituir filtro de ar conforme especificação do fabricante.",False,False,True,False,PREVENTIVA,RAVI MOTOS,FINALIZADO NA NEO, MANUTENÇÃO-2025
2025-04-02,AC-17002,174071.0,0.0,TROCA DE FUSÍVEL DO AR CONDICIONADO,False,False,False,False,CORRETIVA,MOTOMEC,CONCLUÍDO, MANUTENÇÃO-2025
2025-04-02,UR-17105,43783.0,626.0,TROCA DAS PASTILHAS DE FREIO TRASEIRO E PASSE NOS DISCOS TRASEIROS (PRÓXIMA INSPEÇÃO AOS 49.000 KM),True,False,False,False,PREVENTIVA,SR. MOTOR,CONCLUÍDO, MANUTENÇÃO-2025
2025-04-02,UR-17105,,,TROCA DAS PASTILHAS DE FREIO TRASEIRO E PASSE NOS DISCOS TRASEIROS (PRÓXIMA INSPEÇÃO AOS 49.000 KM),True,False,False,False,,,,veiculos_manutencao_freio
2025-04-01,ABS-17102,173610.0,234291.0,"1.     Fornecer e substituir, 02 JOGOS DE LONAS DE FREIOS FD/59;
2.     Fornecer e substituir, REBITES FERRO TUBULAR 7X8;
3.     Fornecer e substituir, 08 MOLAS PATIM DE FREIO MASTER PEQUENA 130MM;
4.     Fornecer e substituir, 04 MOLAS PATIM DIANT./TRAS. VW/FD 8TON;
5.     Fornecer e substituir, 04 ROLETES PATIM DE FREIO 32MM MASTER;
6.     Fornecer e substituir, 04 TRAVAS DE ROLETE MASTER.",True,False,False,False,PREVENTIVA,RP TRUCK,FINALIZADO NA NEO, MANUTENÇÃO-2025
2025-04-01,ABS-17102,,,"1.     Fornecer e substituir, 02 JOGOS DE LONAS DE FREIOS FD/59;
2.     Fornecer e substituir, REBITES FERRO TUBULAR 7X8;
3.     Fornecer e substituir, 08 MOLAS PATIM DE FREIO MASTER PEQUENA 130MM;
4.     Fornecer e substituir, 04 MOLAS PATIM DIANT./TRAS. VW/FD 8TON;
5.     Fornecer e substituir, 04 ROLETES PATIM DE FREIO 32MM MASTER;
6.     Fornecer e substituir, 04 TRAVAS DE ROLETE MASTER.",True,False,False,False,,,,veiculos_manutencao_freio
2025-03-31,TP-17001,30591.0,0.0,REVISÃO PERIÓDICA CONTEMPLANDO OS SEGUINTES SERVIÇOS: RODÍZIO DE PNEUS; TROCA DO FILTRO DE ÓLEO DO MOTOR; TROCA DA JUNTA DE ALUMÍNIO (ARRUELA) DO PARAFUSO DO BUJÃO DO CÁRTER; TROCA DO FILTRO DE COMBUSTÍVEL; TROCA DO ÓLEO DO MOTOR),False,True,True,False,PREVENTIVA,TOYOTA MOGI,CONCLUÍDO, MANUTENÇÃO-2025
2025-03-29,ABS-17106,46743.0,2300.0,TROCA DO MÓDULO DA SIRENE,False,False,False,False,CORRETIVA,LUIZ (ENGESIG),CONCLUÍDO, MANUTENÇÃO-2025
2025-03-24,TP-17101,309388.0,0.0,INSPEÇÃO DE FREIOS (PRÓXIMA INSPEÇÃO AOS 312.400 KM),True,False,False,False,PREVENTIVA,MOTOMEC,CONCLUÍDO, MANUTENÇÃO-2025
2025-03-24,TP-17101,,,INSPEÇÃO DE FREIOS (PRÓXIMA INSPEÇÃO AOS 312.400 KM),True,False,False,False,,,,veiculos_manutencao_freio
2025-03-24,UR-17102,28406.0,0.0,IMSPEÇÃO DE FREIOS (PRÓXIMA INSPEÇÃO AOS 31.400 KM),True,False,False,False,PREVENTIVA,MOTOMEC,CONCLUÍDO, MANUTENÇÃO-2025
2025-03-24,UR-17102,,,IMSPEÇÃO DE FREIOS (PRÓXIMA INSPEÇÃO AOS 31.400 KM),True,False,False,False,,,,veiculos_manutencao_freio
2025-03-21,AC-17002,174048.0,154596.0,"1. Serviço de regeneração: 

1.1 Limpar coletor de admissão e seus componentes; 
1.2. Limpar sistema de intercooler e fazer regeneração estática via scaner.",False,False,False,False,PREVENTIVA,DS VANS,FINALIZADO NA NEO, MANUTENÇÃO-2025
2025-03-21,AC-17002,174048.0,843.0,"1.     Troca das pastilhas dianteira
2.     Troca do pivô superior direito
3.     Alinhamento",True,True,False,False,CORRETIVA,IKEDA,CONCLUÍDO, MANUTENÇÃO-2025
2025-03-21,AC-17002,,,"1.     Troca das pastilhas dianteira
2.     Troca do pivô superior direito
3.     Alinhamento",True,True,False,False,,,,veiculos_manutencao_freio
2025-03-20,AC-17002,174035.0,35672.0,Realizar lavagem e lubrificação/engraxamento.,False,False,False,False,PREVENTIVA,BF DIESEL,FINALIZADO NA NEO, MANUTENÇÃO-2025
2025-03-19,AC-17002,174035.0,530.0,TROCA DO HÉLICE DO RADIADOR,False,False,False,False,CORRETIVA,BF DIESEL,CONCLUÍDO, MANUTENÇÃO-2025
2025-03-18,ABS-17101,69060.0,545174.0," Fornecer e substituir 02 cilindro pistão hidraulico do basculante da cabine (cabine dupla), conforme especificação do fabricante;",False,False,False,False,CORRETIVA,BF DIESEL,FINALIZADO NA NEO, MANUTENÇÃO-2025
2025-03-13,ABS-17105,67100.0,423824.0,REVISÃO DAS RODAS DIANTEIRAS; TROCA DAS JUNTAS DAS TAMPAS DOS CUBOS DE RODAS DIANTEIRAS; ALINHAMENTO E BALANCEAMENTO; TROCA DOS DOIS PNEUS DIANTEIROS; ÓLEO HIDRÁULICO; TROCA DOS DOIS CILINDROS DE BASCULAMENTO DA CABINE,False,True,True,False,CORRETIVA,DUTRA MOLAS,CONCLUÍDO, MANUTENÇÃO-2025
2025-03-12,ABS-17105,67100.0,278278.0,"1.     Fornecer e substituir, 02 JOGOS DE LONAS DE FREIOS FD/87 E FD/88;
2.     Fornecer e substituir, REBITES FERRO TUBULAR 10X12 CARRETAS;
3.     Fornecer e substituir, 04 MOLAS PATIM DE FREIO MASTER GRANDE 2 CORPOS;
4.     Fornecer e substituir, 08 MOLAS PATIM FREIO MASTER PEQUENA 130MM;
5.     Fornecer e substituir, 04 ROLETES PATIM DE FREIO 32MM MASTER;
6.     Fornecer e substituir, 04 TRAVAS DE ROLETE MASTER.",True,False,False,False,PREVENTIVA,BF DIESEL,FINALIZADO NA NEO, MANUTENÇÃO-2025
2025-03-12,ABS-17105,,,"1.     Fornecer e substituir, 02 JOGOS DE LONAS DE FREIOS FD/87 E FD/88;
2.     Fornecer e substituir, REBITES FERRO TUBULAR 10X12 CARRETAS;
3.     Fornecer e substituir, 04 MOLAS PATIM DE FREIO MASTER GRANDE 2 CORPOS;
4.     Fornecer e substituir, 08 MOLAS PATIM FREIO MASTER PEQUENA 130MM;
5.     Fornecer e substituir, 04 ROLETES PATIM DE FREIO 32MM MASTER;
6.     Fornecer e substituir, 04 TRAVAS DE ROLETE MASTER.",True,False,False,False,,,,veiculos_manutencao_freio
2025-03-06,VO-17000,5796.0,950.0,TROCA DO PARABRISA DIANTEIRO (OBS.: GARANTIA DE 03 MESES),False,False,False,False,CORRETIVA,VIDROSHIMA,CONCLUÍDO, MANUTENÇÃO-2025
2025-02-27,ABS-17106,45712.0,278278.0,"1.     Fornecer e substituir, 02 JOGOS DE LONAS DE FREIOS FD/87 E FD/88;
2.     Fornecer e substituir, REBITES FERRO TUBULAR 10X12 CARRETAS;
3.     Fornecer e substituir, 04 MOLAS PATIM DE FREIO MASTER GRANDE 2 CORPOS;
4.     Fornecer e substituir, 08 MOLAS PATIM FREIO MASTER PEQUENA 130MM;
5.     Fornecer e substituir, 04 ROLETES PATIM DE FREIO 32MM MASTER;
6.     Fornecer e substituir, 04 TRAVAS DE ROLETE MASTER.",True,False,False,False,PREVENTIVA,BF DIESEL,FINALIZADO NA NEO, MANUTENÇÃO-2025
2025-02-27,ABS-17106,,,"1.     Fornecer e substituir, 02 JOGOS DE LONAS DE FREIOS FD/87 E FD/88;
2.     Fornecer e substituir, REBITES FERRO TUBULAR 10X12 CARRETAS;
3.     Fornecer e substituir, 04 MOLAS PATIM DE FREIO MASTER GRANDE 2 CORPOS;
4.     Fornecer e substituir, 08 MOLAS PATIM FREIO MASTER PEQUENA 130MM;
5.     Fornecer e substituir, 04 ROLETES PATIM DE FREIO 32MM MASTER;
6.     Fornecer e substituir, 04 TRAVAS DE ROLETE MASTER.",True,False,False,False,,,,veiculos_manutencao_freio
2025-02-26,MOB-17107,51100.0,11439.0,TROCA DOS PNEUS DIANT. E TRAS. E DA CÂMARA DE AR TRAS.,False,True,False,False,CORRETIVA,JUNIOR MOTOS,CONCLUÍDO, MANUTENÇÃO-2025
2025-02-21,ABS-17101,67928.0,27476.0,"1.     Fornecer e substituir, 02 JOGOS DE LONAS DE FREIOS FD/87 E FD/88;
2.     Fornecer e substituir, REBITES FERRO TUBULAR 10X12 CARRETAS;
3.     Fornecer e substituir, 04 MOLAS PATIM DE FREIO MASTER GRANDE 2 CORPOS;
4.     Fornecer e substituir, 08 MOLAS PATIM FREIO MASTER PEQUENA 130MM;
5.     Fornecer e substituir, 04 ROLETES PATIM DE FREIO 32MM MASTER;
6.     Fornecer e substituir, 04 TRAVAS DE ROLETE MASTER.",True,False,False,False,PREVENTIVA,BF DIESEL,FINALIZADO NA NEO, MANUTENÇÃO-2025
2025-02-21,ABS-17101,,,"1.     Fornecer e substituir, 02 JOGOS DE LONAS DE FREIOS FD/87 E FD/88;
2.     Fornecer e substituir, REBITES FERRO TUBULAR 10X12 CARRETAS;
3.     Fornecer e substituir, 04 MOLAS PATIM DE FREIO MASTER GRANDE 2 CORPOS;
4.     Fornecer e substituir, 08 MOLAS PATIM FREIO MASTER PEQUENA 130MM;
5.     Fornecer e substituir, 04 ROLETES PATIM DE FREIO 32MM MASTER;
6.     Fornecer e substituir, 04 TRAVAS DE ROLETE MASTER.",True,False,False,False,,,,veiculos_manutencao_freio
2025-02-21,CA-17001,255103.0,344296.0,"1. Serviço de LIMPEZA do sistema de injeção de combustível; 
2. SERVIÇO DE LIMPEZA da bomba, bicos injetores e limpeza no sistema em Geral.
",False,False,False,False,PREVENTIVA,RP TRUCK,FINALIZADO NA NEO, MANUTENÇÃO-2025
2025-02-19,MOB-17107,50870.0,271.0,TROCA DA BATERIA (PIONEIRO - Nº DE SÉRIE: A2411BX 1452 - 7BS); TROCA DO PAR DE MANOPLAS,False,False,False,True,CORRETIVA,TOTAL MOTOS,CONCLUÍDO, MANUTENÇÃO-2025
2025-02-19,MOB-17108,52905.0,271.0,TROCA DA BATERIA (PIONEIRO - Nº DE SÉRIE: A2406KR 0192 - 7BS); TROCA DO PAR DE MANOPLAS,False,False,False,True,CORRETIVA,TOTAL MOTOS,CONCLUÍDO, MANUTENÇÃO-2025
2025-02-18,ABS-17101,67866.0,580.0,CHICOTE DO MOTOR DE ARRANQUE,False,False,False,True,CORRETIVA,TIZIL,CONCLUÍDO, MANUTENÇÃO-2025
2025-02-18,ABS-17103,149097.0,150.0,CHICOTE DA CHAVE DE SETA E DE ACELERAÇÃO DA BOMBA DE INCÊNDIO,False,False,False,True,CORRETIVA,TIZIL,CONCLUÍDO, MANUTENÇÃO-2025
2025-02-14,VO-17203,,0.0,ACIONAMENTO DE GARANTIA: REPARO NO SISTEMA SONORO E VISUAL (SIRENE E HILIGHTS),False,False,False,False,CORRETIVA,LUIZ (ENGESIG),CONCLUÍDO, MANUTENÇÃO-2025
2025-02-12,VO-17100,26300.0,380.0,REPROGRAMAÇÃO NO MÓDULO DO CÂMBIO.,False,False,False,False,CORRETIVA,SR. MOTOR,CONCLUÍDO, MANUTENÇÃO-2025
2025-02-11,ABS-17102,182600.0,112956.0,"1.        Fornecer e substituir óleo motor conforme especificação do fabricante;
2.        Fornecer e substituir filtro de óleo do motor conforme especificação do fabricante;
3.        Fornecer e substituir filtro RACOR conforme especificação do fabricante;
4.        Fornecer e substituir filtro de combustível conforme especificação do fabricante;
5.        Fornecer e substituir filtro de ar conforme especificação do fabricante.
",False,False,True,False,PREVENTIVA,BF DIESEL,FINALIZADO NA NEO, MANUTENÇÃO-2025
2025-02-11,ABS-17103,148896.0,0.0,REPARO NO SISTEMA DE ACELERAÇÃO DA BOMBA DE INCÊNDIO ,False,False,False,False,CORRETIVA,MOTOMEC,CONCLUÍDO, MANUTENÇÃO-2025
2025-02-11,VO-17000,,0.0,ACIONAMENTO DE GARANTIA: REPARO NO SISTEMA SONORO E VISUAL (SIRENE E HILIGHTS),False,False,False,False,CORRETIVA,LUIZ (ENGESIG),CONCLUÍDO, MANUTENÇÃO-2025
2025-02-11,VO-17003,230.0,0.0,ACIONAMENTO DE GARANTIA: REPARO NO SISTEMA SONORO E VISUAL (SIRENE E HILIGHTS),False,False,False,False,CORRETIVA,LUIZ (ENGESIG),CONCLUÍDO, MANUTENÇÃO-2025
2025-02-11,VO-17101,820.0,0.0,ACIONAMENTO DE GARANTIA: REPARO NO SISTEMA SONORO E VISUAL (SIRENE E HILIGHTS),False,False,False,False,CORRETIVA,LUIZ (ENGESIG),CONCLUÍDO, MANUTENÇÃO-2025
2025-02-10,AC-17001,58461.0,,MÓDULO DO ARLA (OBS.: SERVIÇO DE TROCA DO MÓDULO E REPROGRAMAÇÃO EXECUTADO PELO CHICO DA OFICINA ENGINE-C),False,False,False,False,CORRETIVA,DS VANS,CONCLUÍDO, MANUTENÇÃO-2025
2025-02-10,UR-17105,41203.0,183463.0,"1.        Fornecer e substituir o óleo do motor;
2.        Fornecer e substituir o filtro de óleo do motor;
3.        Fornecer e substituir o filtro de combustível;
4.        Fornecer e substituir o filtro de ar do motor;
5.        Fornecer e substituir o filtro de ar da cabine (ar condicionado);",False,False,True,False,PREVENTIVA,VG ELETRO DIESEL,FINALIZADO NA NEO, MANUTENÇÃO-2025
2025-02-10,UR-17213,,214044.0,"1.     Fornecer serviço de revisão de ar condiciona.         
2.      Fornecer e substituir gás do ar condicionado 
@",False,False,False,False,CORRETIVA,BF DIESEL,FINALIZADO NA NEO, MANUTENÇÃO-2025
2025-02-05,VO-17003,103.0,0.0,ACIONAMENTO DA GARANTIA: QUEIXA => PARTE ELÉTRICA (FUGA DE ENERGIA - BATERIA NÃO SEGURA CARGA). ///// DIAGNÓSTICO => PROBLEMA NO RELÊ DO MÓDULO DO HILIGHT.,False,False,False,True,CORRETIVA,MITSUBISH (GUARULHOS),CONCLUÍDO, MANUTENÇÃO-2025
2025-02-04,ABS-17101,67866.0,1400.0,REPARO NO MÓDULO DO MOTOR DE PARTIDA (OBS.: SERVIÇO REALIZADO PELO CHICO JAPONÊS),False,False,False,True,CORRETIVA,BF DIESEL,CONCLUÍDO, MANUTENÇÃO-2025
2025-01-27,UR-17102,26951.0,0.0,DIAGNÓSTICO QUANTO AO PROBLEMA NO MÓDULO DO CHASSI (GARANTIA DE FÁBRICA) => OBS.: DIAGNÓSTICO: INTERRUPTOR ELÉTRICO DE ACIONAMENTO DO VIDRO LD,False,False,False,False,CORRETIVA,DE NIGRIS (SÃO JOSÉ DOS CAMPOS),CONCLUÍDO, MANUTENÇÃO-2025
2025-01-23,ABS-17101,67866.0,714704.0,"Fornecer e substituir, VOLANTE DO MOTOR, -  (RETIRADA DE CÂMBIO, PARA TROCA DO VOLANTE DO MOTOR).",False,False,False,False,CORRETIVA,BF DIESEL,FINALIZADO NA NEO, MANUTENÇÃO-2025
2025-01-17,AC-17001,58461.0,154596.0,"1. Serviço de regeneração: 

1.1 Limpar coletor de admissão e seus componentes; 
1.2. Limpar sistema de intercooler e fazer regeneração estática via scaner.",False,False,False,False,PREVENTIVA,DS VANS,FINALIZADO NA NEO, MANUTENÇÃO-2025
2025-01-17,AC-17001,58461.0,517978.0,TROCA DO MODULO CENTRAL,False,False,False,False,CORRETIVA,DS VANS,FINALIZADO NA NEO, MANUTENÇÃO-2025
2025-01-17,AC-17002,170722.0,0.0,TROCA DE PASTILHA DE FREIO DIANTEIRA (PRÓXIMA INSPEÇÃO COM 173000 KM),True,False,False,False,CORRETIVA,MOTOMEC,CONCLUÍDO, MANUTENÇÃO-2025
2025-01-17,AC-17002,,,TROCA DE PASTILHA DE FREIO DIANTEIRA (PRÓXIMA INSPEÇÃO COM 173000 KM),True,False,False,False,,,,veiculos_manutencao_freio
2025-01-13,AC-17001,58369.0,349016.0,"1.        Fornecer e substituir, AMORTECEDORES DIANTEIROS;
2.        Fornecer e substituir, KIT DOS AMORTECEDORES DIANTEIROS;
3.        Fornecer e executar, ALINHAMENTO E BALANCEAMENTO;
4.        Substituir, PASTILHAS DE FREIOS "" DIANTEIRAS "" (PRÓXIMA INSPEÇÃO 62000)conforme especificação do fabricante (PEÇAS FORNECIDAS PELO CLIENTE);
5.         Substituir, DISCOS DO FREIOS “DIANTEIROS”, conforme especificação do fabricante (PEÇAS FORNECIDAS PELO CLIENTE);
6.        Fornecer e substituir, FLUÍDO DE FREIO, conforme especificação do fabricante.
7.        Fornecer AJUSTE E REGULAGEM DO FREIO ESTACIONÁRIO;",True,True,False,False,CORRETIVA,BHB,FINALIZADO NA NEO, MANUTENÇÃO-2025
2025-01-13,AC-17001,,,"1.        Fornecer e substituir, AMORTECEDORES DIANTEIROS;
2.        Fornecer e substituir, KIT DOS AMORTECEDORES DIANTEIROS;
3.        Fornecer e executar, ALINHAMENTO E BALANCEAMENTO;
4.        Substituir, PASTILHAS DE FREIOS "" DIANTEIRAS "" (PRÓXIMA INSPEÇÃO 62000)conforme especificação do fabricante (PEÇAS FORNECIDAS PELO CLIENTE);
5.         Substituir, DISCOS DO FREIOS “DIANTEIROS”, conforme especificação do fabricante (PEÇAS FORNECIDAS PELO CLIENTE);
6.        Fornecer e substituir, FLUÍDO DE FREIO, conforme especificação do fabricante.
7.        Fornecer AJUSTE E REGULAGEM DO FREIO ESTACIONÁRIO;",True,True,False,False,,,,veiculos_manutencao_freio
2025-01-07,MOB-17102,81462.0,116613.0,"1.        Substituir 02 pneus que serão fornecidos pelo 17ºGB;
2.     Fornecer e substituir câmara de ar dianteiro e traseiro;
3.     Fornecer e substituir óleo de motor conforme especificação do fabricante;
4      Fornecer e substituir filtro de óleo de moto conforme especificação do fabricante;
5.     Fornecer e substituir filtro de ar conforme especificação do fabricante;
6.     Substituir pastilhas de freio dianteiro que serão fornecidas pelo 17ºGB.",True,True,True,False,PREVENTIVA,TOTAL MOTOS,FINALIZADO NA NEO, MANUTENÇÃO-2025
2025-01-07,MOB-17102,,,"1.        Substituir 02 pneus que serão fornecidos pelo 17ºGB;
2.     Fornecer e substituir câmara de ar dianteiro e traseiro;
3.     Fornecer e substituir óleo de motor conforme especificação do fabricante;
4      Fornecer e substituir filtro de óleo de moto conforme especificação do fabricante;
5.     Fornecer e substituir filtro de ar conforme especificação do fabricante;
6.     Substituir pastilhas de freio dianteiro que serão fornecidas pelo 17ºGB.",True,True,True,False,,,,veiculos_manutencao_freio
2025-01-07,,81462.0,116613.0,"1.        Substituir 02 pneus que serão fornecidos pelo 17ºGB;
2.     Fornecer e substituir câmara de ar dianteiro e traseiro;
3.     Fornecer e substituir óleo de motor conforme especificação do fabricante;
4      Fornecer e substituir filtro de óleo de moto conforme especificação do fabricante;
5.     Fornecer e substituir filtro de ar conforme especificação do fabricante;
6.     Substituir pastilhas de freio dianteiro que serão fornecidas pelo 17ºGB.",True,True,True,False,PREVENTIVA,TOTAL MOTOS,EXECUTADO,MANUTENÇÃO-2024
2025-01-04,AC-17002,173133.0,1331.0,TROCA DO CILINDRO MESTRE DO FREIO TRASEIRO LE; TROCA DAS SAPATAS DO FREIO TRASEIRO LE; TROCA DO FLUIDO DE FREIO; TROCA DO RETENTOR DO CARDÃ DIANTEIRO,True,False,False,False,CORRETIVA,BF DIESEL,CONCLUÍDO, MANUTENÇÃO-2025
2025-01-04,AC-17002,,,TROCA DO CILINDRO MESTRE DO FREIO TRASEIRO LE; TROCA DAS SAPATAS DO FREIO TRASEIRO LE; TROCA DO FLUIDO DE FREIO; TROCA DO RETENTOR DO CARDÃ DIANTEIRO,True,False,False,False,,,,veiculos_manutencao_freio
2024-12-23,,37206.0,20078.0,"1.        Fornecer e substituir o óleo do motor;
2.        Fornecer e substituir o filtro de óleo do motor;
3.        Fornecer e substituir o filtro de combustível;
4.        Fornecer e substituir o filtro de ar do motor;
5.        Fornecer e substituir o filtro de ar da cabine (ar condicionado);",False,False,True,False,PREVENTIVA,REIS DO ÓLEO,CONCLUÍDO,MANUTENÇÃO-2024
2024-12-23,,169161.0,113455.0,"1.        Fornecer e substituir o óleo do motor;
2.        Fornecer e substituir o filtro de óleo do motor;
3.        Fornecer e substituir o filtro de combustível;
4.        Fornecer e substituir o filtro de ar do motor;
5.        Fornecer e substituir o filtro de ar da cabine (ar condicionado);",False,False,True,False,PREVENTIVA,REIS DO ÓLEO,CONCLUÍDO,MANUTENÇÃO-2024
2024-12-18,,64150.0,0.0,TROCA DO FILTRO DE COMBUSTÍVEL E ENGRAXAMENTO DO CARDÃ,False,False,True,False,PREVENTIVA,REIS DO ÓLEO,CONCLUÍDO,MANUTENÇÃO-2024
2024-12-16,,147900.0,,ENGRAXAMENTO DO CARDÃ,False,False,False,False,PREVENTIVA,REIS DO ÓLEO,CONCLUÍDO,MANUTENÇÃO-2024
2024-12-16,,43259.0,,ENGRAXAMENTO DO CARDÃ,False,False,False,False,PREVENTIVA,REIS DO ÓLEO,CONCLUÍDO,MANUTENÇÃO-2024
2024-12-13,,66650.0,21994.0,"1.        Fornecer e substituir óleo motor conforme especificação do fabricante;
2.        Fornecer e substituir filtro de óleo do motor conforme especificação do fabricante;
3.        Fornecer e substituir filtro RACOR conforme especificação do fabricante;
4.        Fornecer e substituir filtro de combustível conforme especificação do fabricante;
5.        Fornecer e substituir filtro de ar conforme especificação do fabricante;
6.        Fornecer e substituir filtro do habitáculo especificação do fabricante.",False,False,True,False,PREVENTIVA,BF DIESEL,FINALIZADO NA NEO,MANUTENÇÃO-2024
2024-12-13,,56479.0,100.0,COMPRA DE LÂMPADAS H7 - 12V,False,False,False,True,CORRETIVA,REI DAS BATERIAS,CONCLUÍDO,MANUTENÇÃO-2024
2024-12-13,,70700.0,135.0,COMPRA DO CABO DA EMBREAGEM,False,False,False,False,CORRETIVA,ERCI MOTOS,CONCLUÍDO,MANUTENÇÃO-2024
2024-12-13,,70700.0,135.0,TROCA DO CABO DA EMBREAGEM,False,False,False,False,CORRETIVA,KIMURA (GUARNIÇÃO DAS MOB's),CONCLUÍDO,MANUTENÇÃO-2024
2024-12-13,,19814.0,0.0,"REVISÃO PERIÓDICA CONTEMPLANDO OS SEGUINTES SERVIÇOS: RODÍZIO DOS PNEUS, TROCA DO FILTRO DE ÓLEO DO MOTOR, TROCA DA JUNTA DE ALIMÍNIO DO BUJÃO DO CÁRTER, TROCA DO FILTRO DE CABINE, TROCA DO FILTRO DE COMBUSTÍVEL, TROCA DO ÓLEO DO MOTOR (SEMI SINTÉTICO). OBS.: PRÓXIMA REVISÃO AOS 29.814 KM.",False,True,True,False,PREVENTIVA,TOYOTA TSUSHO  MOGI,CONCLUÍDO,MANUTENÇÃO-2024
2024-12-10,,63819.0,,TROCA DA MÁQUINA DE VIDRO TRASEIRO ESQUERDO,False,False,False,False,CORRETIVA,TRUCK CENTER,CONCLUÍDO,MANUTENÇÃO-2024
2024-12-09,,66515.0,18744.0,COMPRA DE 02 BORRACHAS DE VEDAÇÃO DAS PORTA,False,False,False,False,CORRETIVA,NOGUTI CAMINHÕES,CONCLUÍDO,MANUTENÇÃO-2024
2024-12-07,,49697.0,2090.0,SUBSTITUIÇÃO DO KIT VISUAL COMPLETO,False,False,False,False,CORRETIVA,LUIZ (ENGESIG),CONCLUÍDO,MANUTENÇÃO-2024
2024-12-07,,43057.0,,TROCA DA MÁQUINA DE VIDRO TRASEIRO DIREITO,False,False,False,False,CORRETIVA,LUIZ (ENGESID),CONCLUÍDO,MANUTENÇÃO-2024
2024-12-06,,24754.0,0.0,SANGRIA DO SISTEMA DE FREIO DIANTEIRO (OBS.: PRÓXIMA INSPEÇÃO AOS XXX KM),True,False,False,False,CORRETIVA,BF DIESEL,CONCLUÍDO,MANUTENÇÃO-2024
2024-12-06,,308140.0,4259.0,"TROCA DE: ÓLEO DO MOTOR (CASTROL MAGNATEC SN VW 50888 / 50999 5W40), FILTRO DE ÓLEO, FILTRO DE COMBUSTÍVEL, FILTRO DE AR DO MOTOR, FILTRO DE CABINE.",False,False,True,False,PREVENTIVA,REIS DO ÓLEO,CONCLUÍDO,MANUTENÇÃO-2024
2024-12-06,,179746.0,3749.0,"TROCA DE: ÓLEO DO MOTOR (ELF EVOLUTION 700 STI 10W40), FILTRO DE ÓLEO, FILTRO DE COMBUSTÍVEL, FILTRO DE CABINE, FILTRO DE AR DO MOTOR.",False,False,True,False,PREVENTIVA,REIS DO ÓLEO,CONCLUÍDO,MANUTENÇÃO-2024
2024-12-05,,,70.0,"1.	Fornecer serviço de exagraxamento do CARDAN;
2.	Fornecer Lubrificante à base de sabão de lítio e de grau Ep2.",False,False,True,False,PREVENTIVA,REIS DO ÓLEO,FINALIZADO NA NEO,MANUTENÇÃO-2024
2024-12-05,,160850.0,7694.0,"TROCA DE ÓLEO DE MOTOR, CAMBIO E DIR HIDR. FILTRO DE MOTOR E COMBUSTÍVEL",False,False,True,False,PREVENTIVA,REIS DO ÓLEO,CONCLUÍDO,MANUTENÇÃO-2024
2024-12-05,,112011.0,3693.0,TROCA DE ÓLEO DE MOTO. FILTRO DE MOTOR E COMBUSTÍVEL,False,False,True,False,PREVENTIVA,REIS DO ÓLEO,CONCLUÍDO,MANUTENÇÃO-2024
2024-12-04,,,10278.0,"1.	Fornecer serviço de exagraxamento do CARDAN;
2.	Fornecer Lubrificante à base de sabão de lítio e de grau Ep2.",False,False,True,False,PREVENTIVA,REIS DO ÓLEO,FINALIZADO NA NEO,MANUTENÇÃO-2024
2024-12-04,,66400.0,35718.0,"LAVAGEM, LUBRIFICAÇÃO E ENGRAXAMENTO. (OBS.: PRÓX. SERVIÇO AOS 77.000 KM)",False,False,False,False,PREVENTIVA,DSL,CONCLUÍDO,MANUTENÇÃO-2024
2024-11-28,,,75368.0,"1.	Fornecer e executar, LAVAGEM  E LUBRIFICAÇÃO GERAL",False,False,False,False,PREVENTIVA,J KAR,FINALIZADO NA NEO,MANUTENÇÃO-2024
2024-11-27,,,1009.0,"1.	Fornecer e substituir o óleo do motor conforme especificação do fabricante;
2.	Fornecer e substituir o filtro de óleo do motor conforme especificação do fabricante;
3.	Fornecer e substituir o filtro de combustível conforme especificação do fabricante;
4.	Fornecer e substituir o filtro de ar da cabine (habitáculo) conforme especificação do fabricante.
5.     Fornecer e substituir o filtro de ar do motor conforme especificação do fabricante.
",False,False,True,False,PREVENTIVA,AUTO CENTER BASSI,FINALIZADO NA NEO,MANUTENÇÃO-2024
2024-11-25,,,0.0,RESPARO NO SISTEMA DE ALIMENTAÇÃO (RECARREGAMENTO DA BATERIA) DOS IMPLEMENTOS. OBS.: MAL CONTATO EM UM DOS PINOS DO RELÊ DE START,False,False,False,True,CORRETIVA,LUIZ (ENGESIG),CONCLUÍDO,MANUTENÇÃO-2024
2024-11-25,,179563.0,400.0,TROCA DA BATERIA (ZETA 60AH - Nº DE SÉRIE: B - 30/10/24 - C5 - 1640),False,False,False,True,CORRETIVA,REI DA BATERIA,CONCLUÍDO,MANUTENÇÃO-2024
2024-11-22,,111870.0,4296.0,TROCA DE 04 PNEUS (205/75 R16 FIRESTONE); 04 BALANCEAMENTOS DE RODA; TROCA DAS 04 VÁLVULAS DE PNEU; 01 ALINHAMENTO DE DIREÇÃO,False,True,False,False,PREVENTIVA,IKEDA,CONCLUÍDO,MANUTENÇÃO-2024
2024-11-19,,,486797.0,"1.     Fornecer e substituir, 02 (DOIS) PNEUS DE PRIMEIRA LINHA, MARCA BRIDGESTONE -275/80R22.5;
2.     Fornecer e substituir, 02 BICOS DE AR
3.     Fornecer e executar, ALINHAMENTO E BALANCEAMENTO.
",False,True,False,False,PREVENTIVA,ALBUQUERQUE,FINALIZADO NA NEO,MANUTENÇÃO-2024
2024-11-19,,70000.0,0.0,TROCA DAS PASTILHAS DO FREIO DIANTEIRO (OBS.: PASTILHAS FORNECIDAS PELA MOTOMEC. TROCA EFETUADA PELA GUARNIÇÃO DA MOB => DA SILVA E QUINTANS),True,False,False,False,PREVENTIVA,MOTOMEC,CONCLUÍDO,MANUTENÇÃO-2024
2024-11-18,,36228.0,850.0,TROCA DA BATERIA DO IMPLEMENTO (CRAL 150AH - N° DE SÉRIE: 15   30/2024   150   0366468R   OU   15   42/2024   150   036833A),False,False,False,True,CORRETIVA,REI DA BATERIA,CONCLUÍDO,MANUTENÇÃO-2024
2024-11-18,,37591.0,850.0,TROCA DA BATERIA DO IMPLEMENTO (CRAL 150AH - N° DE SÉRIE: 15   30/2024   150   0366468R   OU   15   42/2024   150   036833A),False,False,False,True,CORRETIVA,REI DA BATERIA,CONCLUÍDO,MANUTENÇÃO-2024
2024-11-12,,254465.0,82228.0,"1.     Fornecer e executar lavagem copleta exterior e interior, incluindo o interior do baú;
2.     Fornecer e executar lubrificação.",False,False,False,False,PREVENTIVA,EVR,FINALIZADO NA NEO,MANUTENÇÃO-2024
2024-11-11,,36228.0,2173986.0,"1.        Fornecer e substituir, 04 (QUATRO) BICOS INGETORES, genuíno/ original de fábrica,  conforme especificação do fabricante;
2.        Fornecer e substituir, FILTRO DE COMBUSTÍVEL, genuíno/ original de fábrica,  conforme especificação do fabricante; 
3.     Fornecer e substituir, TROCA DE SOLENÓIDE DA FLAUTA;
4.     Fornecer e executar, EQUALIZAÇÃO DOS BICOS INJETORES.",False,False,True,False,CORRETIVA,DS VANS,FINALIZADO NA NEO,MANUTENÇÃO-2024
2024-11-11,,8137.0,0.0,"ACIONADA A GARANTIA QUANTO AOS SEGUINTES PROBLEMAS: VAZAMENTO DE AR DO FREIO, COXIM DA CABINE, RETROVISORES.  OBS.: SERVIÇOS EXECUTADOS => TROCA DE ÓLEO DO MOTOR, TROCA DO FILTRO DE ÓLEO DO MOTOR, REPOSICIONAMENTO DA CONEXÃO DA LINHA DE ENTRADA DE AR DA VÁLVULA (FREIO).",True,False,True,False,CORRETIVA,DIBRACAM,CONCLUÍDO,MANUTENÇÃO-2024
2024-11-08,,147000.0,74916.0,"Fornecer e substituir, ÓLEO DE TRANSMISSÃO, (do corpo de bomba), conforme especificação do fabricante;
",False,False,True,False,PREVENTIVA,REIS DO ÓLEO,FINALIZADO NA NEO,MANUTENÇÃO-2024
2024-11-01,,41984.0,2435.0,"TROCA DE 4 PNEUS TRASEIROS, ALINHAMENTO E BALANCEAMENTO",False,True,False,False,PREVENTIVA,SERGIPANA,CONCLUÍDO,MANUTENÇÃO-2024
2024-10-31,,171700.0,74916.0,"Fornecer e substituir, ÓLEO DE TRANSMISSÃO, (do corpo de bomba), conforme especificação do fabricante;
",False,False,True,False,PREVENTIVA,REIS DO ÓLEO,FINALIZADO NA NEO,MANUTENÇÃO-2024
2024-10-29,,,199295.0,"1.	Fornecer e substituir o óleo do motor conforme especificação do fabricante;
2.	Fornecer e substituir o filtro de óleo do motor conforme especificação do fabricante;
3.	Fornecer e substituir o filtro de combustível conforme especificação do fabricante;
4.	Fornecer e substituir o filtro de ar da cabine (habitáculo) conforme especificação do fabricante.",False,False,True,False,PREVENTIVA,VG ELETRO DIESEL,FINALIZADO NA NEO,MANUTENÇÃO-2024
2024-10-23,,41726.0,74916.0,"Fornecer e substituir, ÓLEO DE TRANSMISSÃO, (do corpo de bomba), conforme especificação do fabricante;
",False,False,True,False,PREVENTIVA,REIS DO ÓLEO,FINALIZADO NA NEO,MANUTENÇÃO-2024
2024-10-22,,146612.0,2132955.0,"1.        Fornecer e substituir  embreagem completa, marca IVECO, conforme os itens abaixo:
2.        Fornecer e substituir carcaça de caixa de câmbio, volante do motor,kit de embreagem, garfo embreagem,suporte do garfo da embreagem, pino guia de embreagem,rolamento eixo piloto parafuso ((M8X1 25X35 7MM), fluido DOT 5.
3.     FORNECER  SERVIÇO GUINCHO. VIATURA ENCONTRA-SE   NO SEGUINTE ENDEREÇO: RUA OLEGÁRIO PAIVA, 33 -CENTRO-MOGI DAS CRUZES-SP.",True,False,False,False,CORRETIVA,MULTI SERVICE,FINALIZADO NA NEO,MANUTENÇÃO-2024
2024-10-21,,,53514.0,"1.     Fornecer serviço de revisão de ar condiciona.         
2.      Fornecer e substituir gás do ar condicionado ",False,False,False,False,CORRETIVA,CICLO OTTO SERVICE,FINALIZADO NA NEO,MANUTENÇÃO-2024
2024-10-19,,,8222.0,"1.	Fornecer e executar, LAVAGEM  E LUBRIFICAÇÃO GERAL",False,False,False,False,PREVENTIVA,EVR,FINALIZADO NA NEO,MANUTENÇÃO-2024
2024-10-17,,,74916.0,"Fornecer e substituir, ÓLEO DE TRANSMISSÃO, (do corpo de bomba), conforme especificação do fabricante;
",False,False,True,False,PREVENTIVA,REIS DO ÓLEO,FINALIZADO NA NEO,MANUTENÇÃO-2024
2024-10-16,,,605971.0,"1.     Fornecer e substituir, 04 (QUATRO) PNEUS DE PRIMEIRA LINHA MARCA FIRESTONE CV 5000 - 225/75R16 - 121/120R;
2.     Fornecer e substituir, 04 BICOS DE AR
3.     Fornecer e executar, ALINHAMENTO E BALANCEAMENTO.",False,True,False,False,PREVENTIVA,PALACE PNEUS,FINALIZADO NA NEO,MANUTENÇÃO-2024
2024-10-15,,,47568.0, Fornecer serviço de Alinhamento / balanceamento e rodizio dos pneus.,False,True,False,False, PREVENTIVA ,COSMORAMA,FINALIZADO NA NEO,MANUTENÇÃO-2024
2024-10-15,,162930.0,1600.0,TROCA DOS TERMINAIS DA BARRA DE DIREÇÃO D/E,False,False,False,False,CORRETIVA,MOLAS TIETÊ,CONCLUÍDO,MANUTENÇÃO-2024
2024-10-11,,,74916.0,"Fornecer e substituir, ÓLEO DE TRANSMISSÃO, (do corpo de bomba), conforme especificação do fabricante;
",False,False,True,False,PREVENTIVA,REIS DO ÓLEO,FINALIZADO NA NEO,MANUTENÇÃO-2024
2024-10-11,,162928.0,6760.0,02 PNEUS,False,True,False,False,CORRETIVA,SERGIPANA,CONCLUÍDO,MANUTENÇÃO-2024
2024-10-11,,162928.0,1250.0,"ALINHAMENTO, BALANCEAMENTO, TROCA DE DOIS FRISOS E MONTAGEM DE DOIS PNEUS",False,True,False,False,CORRETIVA,MV PNEUS,CONCLUÍDO,MANUTENÇÃO-2024
2024-10-10,,,57972.0," 1. Fornecer serviço de cambagem.
 2. Fornecer serviço de alinhamento e balanceamento.",False,True,False,False,CORRETIVA,COSMORAMA,FINALIZADO NA NEO,MANUTENÇÃO-2024
2024-10-10,,,47568.0,Fornecer serviço de Alinhamento / balanceamento e rodizio dos pneus.,False,True,False,False, PREVENTIVA ,COSMORAMA,FINALIZADO NA NEO,MANUTENÇÃO-2024
2024-10-10,,20400.0,0.0,REVISÃO DE 20.000 KM,False,False,False,False,PREVENTIVA,DE NIGRIS SÃO JOSÉ,CONCLUÍDO,MANUTENÇÃO-2024
2024-10-10,,,600.0,COMPRA DE BATERIA 150 AMPERES,False,False,False,True,CORRETIVA,REI DAS BATERIAS,CONCLUÍDO,MANUTENÇÃO-2024
2024-10-08,,61000.0,74916.0,"Fornecer e substituir, ÓLEO DE TRANSMISSÃO, (do corpo de bomba), conforme especificação do fabricante;
",False,False,True,False,PREVENTIVA,REIS DO ÓLEO,FINALIZADO NA NEO,MANUTENÇÃO-2024
2024-10-08,,51464.0,74916.0,"Fornecer e substituir, ÓLEO DE TRANSMISSÃO, (do corpo de bomba), conforme especificação do fabricante;
",False,False,True,False,PREVENTIVA,REIS DO ÓLEO,FINALIZADO NA NEO,MANUTENÇÃO-2024
2024-10-08,,,9684.0,"1.	Fornecer e substituir turbina do motor conforme especificação do fabricante;
2.	Fornecer e substituir óleo do motor conforme especificação do fabricante;
3.	Fornecer e substituir filtro de óleo do motor conforme especificação do fabricante;
4.     Fornecer e substituir filtro de combustível conforme especificação do fabricante;
5.     Fornecer e substituir filtro de ar conforme especificação do fabricante;
5.     Fornecer transporte do veiculo (GUINCHO) para veículo que esta no Corpo de Bombeiros de Ferraz de Vasconcelos, Av. Herman Teles Ribeiro, 93 - Vila Romanopolis, Ferraz de Vasconcelos - SP, 08529-100.",False,False,True,False,CORRETIVA,MULTI SERVICE,FINALIZADO NA NEO,MANUTENÇÃO-2024
2024-10-08,,51953.0,540.0,TROCA DAS PASTILHAS DE FREIO DIANTEIRO,True,False,False,False,PREVENTIVA,SR MOTOR,CONCLUÍDO,MANUTENÇÃO-2024
2024-10-08,,111416.0,720.0,"SENSOR DE ABS DIREITO, PAR DE BIELETAS",False,False,False,False,CORRETIVA,SR MOTOR,CONCLUÍDO,MANUTENÇÃO-2024
2024-09-30,,,8222.0,"1.        Fornecer e executar, LAVAGEM  E LUBRIFICAÇÃO GERAL",False,False,False,False,PREVENTIVA,EVR,FINALIZADO NA NEO,MANUTENÇÃO-2024
2024-09-27,,170000.0,8222.0,LAVAGEM E LUBRIFICAÇÃO,False,False,False,False,PREVENTIVA,EVR,CONCLUÍDO,MANUTENÇÃO-2024
2024-09-25,,146308.0,1700.0,MANUTENÇÃO NO ACELERADOR DO PAINEL DE BOMBA,False,False,False,False,CORRETIVA,EVR,CONCLUÍDO,MANUTENÇÃO-2024
2024-09-25,,,241248.0,"1.	Fornecer e substituir o óleo do motor conforme especificação do fabricante;
2.	Fornecer e substituir o filtro de óleo do motor conforme especificação do fabricante;
3.	Fornecer e substituir o filtro de combustível conforme especificação do fabricante;
4.	Fornecer e substituir o filtro de ar do motor conforme especificação do fabricante;
5.     Filtro lubrificante conforme especificação do fabricante;
5.	Fornecer e substituir o filtro de ar da cabine (ar condicionado);",False,False,True,False,PREVENTIVA,REIS DO ÓLEO,FINALIZADO NA NEO,MANUTENÇÃO-2024
2024-09-25,,60619.0,,MANUTENÇÃO NA SUSPENSÃO / FEIXO DE MOLAS,False,False,False,False,CORRETIVA,DUTRA MOLAS - PREF GUAR,CONCLUÍDO,MANUTENÇÃO-2024
2024-09-25,,,2086.0,TROCA DE SENSOR DE ÓLEO,False,False,True,False,CORRETIVA,REI DAS BATERIAS,CONCLUÍDO,MANUTENÇÃO-2024
2024-09-18,,,1330101.0,"1.	Fornecer e substituir kit de embreagem (platô e disco) conforme especificação do fabricante;
2.	Fornecer e substituir atuador de embreagem do cambio conforme especificação do fabricante;
3.	Fornecer e substituir retentor do volante de motor conforme especificação do fabricante;
4.	Retificar volante de motor;
5.     Fornecer e substituir fluído DOT4.
6.     Fornecer serviço de guincho.",True,False,False,False,CORRETIVA,NAVARRO,FINALIZADO NA NEO,MANUTENÇÃO-2024
2024-09-17,,114593.0,40895.0,TROCA DE ÓLEOS E FILTROS,False,False,True,False,CORRETIVA,REIS DO ÓLEO,CONCLUÍDO,MANUTENÇÃO-2024
2024-09-14,,40092.0,8222.0,"1.        Fornecer e executar, LAVAGEM  E LUBRIFICAÇÃO GERAL",False,False,False,False,PREVENTIVA,EVR,FINALIZADO NA NEO,MANUTENÇÃO-2024
2024-09-12,,146563.0,5250.0,MANUTENÇÃO NA BOMBA DE INCÊNDIO,False,False,False,False,CORRETIVA,EVR,CONCLUÍDO,MANUTENÇÃO-2024
2024-09-11,,49750.0,2399.0,COMPRA DE 02 PNEUS (225/75 R16 121/120R CV5000 - FIRESTONE). OBS.: PARA USO NAS RODAS TRASEIRAS,False,True,False,False,PREVENTIVA,DELLAVIA,CONCLUÍDO,MANUTENÇÃO-2024
2024-09-11,,114067.0,5030.0,TROCA DOS 4 PNEUS; ALINHAMENTO DE DIREÇÃO; BALANCEMANTO DAS 4 RODAS,False,True,False,False,PREVENTIVA,DELLAVIA,CONCLUÍDO,MANUTENÇÃO-2024
2024-09-10,,49700.0,999.0,TROCA DE ÓLEO E FILTROS,False,False,True,False,PREVENTIVA,REIS DO ÓLEO,CONCLUÍDO,MANUTENÇÃO-2024
2024-09-10,,273616.0,400.0,FUNILARIA E PINTURA DO PARACHOQUE DIANTEIRO,False,False,False,False,CORRETIVA,RF REPAROS AUTOMOTIVOS (GUEDES,CONCLUÍDO,MANUTENÇÃO-2024
2024-09-10,,52336.0,45.0,TROCA DAS PASTILHAS DE FREIO DIANTEIRO,True,False,False,False,CORRETIVA,MARCATTO MOTOS,CONCLUÍDO,MANUTENÇÃO-2024
2024-09-05,,9554.0,0.0,REVISÃO PERIÓDICA (OBS.: PRÓXIMA REVISÃO AOS 20.000 KM),False,False,False,False,PREVENTIVA,TOYOTA MOGI,CONCLUÍDO,MANUTENÇÃO-2024
2024-09-05,,49670.0,2759.0,TROCA DO KIT DE EMBREAGEM E FLUÍDO DE FREIO D,True,False,False,False,CORRETIVA,MARCATTO MOTOS,CONCLUÍDO,MANUTENÇÃO-2024
2024-09-04,,167400.0,0.0,INSPEÇÃO DE FREIOS. (OBS.: PRÓXIMA INSPEÇÃO AOS 170.400 KM),True,False,False,False,PREVENTIVA,MOTOMEC,CONCLUÍDO,MANUTENÇÃO-2024
2024-09-04,,110690.0,0.0,INSPEÇÃO DE FREIOS. (OBS.: PRÓXIMA INSPEÇÃO AOS 115.700 KM),True,False,False,False,PREVENTIVA,MOTOMEC,CONCLUÍDO,MANUTENÇÃO-2024
2024-09-04,,60200.0,0.0,INSPEÇÃO DE FREIOS. (OBS.: PRÓXIMA INSPEÇÃO AOS 70.000 KM),True,False,False,False,PREVENTIVA,MOTOMEC,CONCLUÍDO,MANUTENÇÃO-2024
2024-09-04,,49658.0,236.0,TROCA DE BATERIA ,False,False,False,True,CORRETIVA,TOTAL MOTOS,CONCLUÍDO,MANUTENÇÃO-2024
2024-09-03,,144950.0,1893.0,EMENDA DE MANGUEIRA 1 POL; TERMINAL NPT; CAPA NOSKIVE,False,False,False,False,CORRETIVA,UNIFLEX,CONCLUÍDO,MANUTENÇÃO-2024
2024-09-03,,144950.0,1430.0,REPARO NO TANQUE DE COMBUSTÍVEL (SOLDA),False,False,False,False,CORRETIVA,MOLAS TIETE,CONCLUÍDO,MANUTENÇÃO-2024
2024-09-03,,,8222.0,"1.	Fornecer e executar, LAVAGEM  E LUBRIFICAÇÃO GERAL",False,False,False,False,PREVENTIVA,EVR,FINALIZADO NA NEO,MANUTENÇÃO-2024
2024-09-03,,35769.0,0.0,VERIFICAÇÃO DE VAZAMENTO DE ÓLEO DO MOTOR; VERIFICAÇÃO DE LUZ DE ADVERTÊNCIA ACESA (MÓDULO). OBS.: GARANTIA,False,False,True,False,CORRETIVA,INJETRONIC,CONCLUÍDO,MANUTENÇÃO-2024
2024-09-03,,49300.0,0.0,INSPEÇÃO DE FREIOS. (OBS.: PRÓXIMA INSPEÇÃO AOS 52.300 KM),True,False,False,False,PREVENTIVA,MOTOMEC,CONCLUÍDO,MANUTENÇÃO-2024
2024-09-02,,59670.0,0.0,TROCA DE ÓLEO E FILTROS,False,False,True,False,PREVENTIVA,PREF. GMA.,CONCLUÍDO,MANUTENÇÃO-2024
2024-08-31,,,240672.0,Fornecer e substituir para-brisa conforme especificação do fabricante,False,False,False,False,CORRETIVA,CURIÓ,FINALIZADO NA NEO,MANUTENÇÃO-2024
2024-08-31,,,550.0,TROCA DE LED TRIANGULAR RUBI LATERAL E INSTALAÇÃO DO LED BITONAL,False,False,False,False,CORRETIVA,LUIZ - ENGESIG (VISUAL SHINE),CONCLUÍDO,MANUTENÇÃO-2024
2024-08-30,,110682.0,1336.0,TROCA DAS COIFAS DA HOMOCINÉTICA; TROCA DO SEMI EIXO LE,False,False,False,False,CORRETIVA,BF DIESEL,CONCLUÍDO,MANUTENÇÃO-2024
2024-08-26,,66457.0,2285.0,TROCA DE ÓLEO E FILTRO DE ÓLEO,False,False,True,False,PREVENTIVA,JUNIOR MOTOS,CONCLUÍDO,MANUTENÇÃO-2024
2024-08-24,,,69449.0,"1.	Fornecer e substituir o óleo do motor conforme especificação do fabricante;
2.	Fornecer e substituir o filtro de óleo do motor conforme especificação do fabricante;
3.	Fornecer e substituir o filtro de combustível conforme especificação do fabricante;
4.	Fornecer e substituir o filtro de ar da cabine (habitáculo) conforme especificação do fabricante.",False,False,True,False,PREVENTIVA,J KAR,FINALIZADO NA NEO,MANUTENÇÃO-2024
2024-08-24,,,53667.0," 1. Fornecer e substituir pastilhas de freio dianteiro.
 2. Fornecer fluído de freio de acordo com a especificação do fabricante.",True,False,False,False,PREVENTIVA,CICLO OTTO,FINALIZADO NA NEO,MANUTENÇÃO-2024
2024-08-23,,144589.0,164699.0,TROCA DE ÓLEO E FILTROS; LIMPEZA DO SISTEMA DE ARREFECIMENTO,False,False,True,False,PREVENTIVA,REIS DO ÓLEO,CONCLUÍDO,MANUTENÇÃO-2024
2024-08-23,,58280.0,105.0,TROCA DA CÂMARA DE AR PNEU TRASEIRO,False,True,False,False,CORRETIVA,TOTAL MOTOS,CONCLUÍDO,MANUTENÇÃO-2024
2024-08-20,,144580.0,311472.0,RECONDICIONAMENTO DO TURBO COM TROCA DO CONJUNTO ROTATIVO,False,False,False,False,CORRETIVA,KM TURBOS,CONCLUÍDO,MANUTENÇÃO-2024
2024-08-20,,,65387.0,"1.        Fornecer e substituir o óleo do motor conforme especificação do fabricante;
2.        Fornecer e substituir o filtro de óleo do motor conforme especificação do fabricante;
3.        Fornecer e substituir o filtro de combustível conforme especificação do fabricante;
4.        Fornecer e substituir o filtro de ar da cabine (habitáculo) conforme especificação do fabricante.",False,False,True,False,PREVENTIVA,J KAR,FINALIZADO NA NEO,MANUTENÇÃO-2024
2024-08-19,,,3200.0,TROCA DE CORREIA DO MOTOR E CILINDRO HIDRÁULICO DE ELEVAÇÃO DA CABINE ,False,False,False,False,CORRETIVA,EVR,CONCLUÍDO,MANUTENÇÃO-2024
2024-08-19,,10000.0,0.0,REVISÃO PERIÓDICA (OBS.: PRÓXIMA REVISÃO AOS 20.000 KM),False,False,False,False,PREVENTIVA,TOYOTA MOGI,CONCLUÍDO,MANUTENÇÃO-2024
2024-08-15,,,378384.0,"1.        Fornecer e substituir lonas de freios dianteira conforme especificação do fabricante;
2.        Fornecer e substituir lonas de freios traseira conforme especificação do fabricante. OBS.: INCLUSA LAVAGEM E LUBRIFICAÇÃO",True,False,False,False,PREVENTIVA,EVR,FINALIZADO NA NEO,MANUTENÇÃO-2024
2024-08-14,,,149051.0,"1.	Fornecer e substituir o óleo do motor conforme especificação do fabricante;
2.	Fornecer e substituir o filtro de óleo do motor conforme especificação do fabricante;
3.	Fornecer e substituir o filtro de combustível conforme especificação do fabricante;
4.	Fornecer e substituir o filtro de ar do motor conforme especificação do fabricante;
5.	Fornecer e substituir o filtro de ar da cabine (habitáculo) conforme especificação do fabricante.",False,False,True,False,PREVENTIVA,REIS DO ÓLEO,FINALIZADO NA NEO,MANUTENÇÃO-2024
2024-08-14,,59655.0,40895.0,TROCA DE ÓLEO E FILTROS,False,False,True,False,PREVENTIVA,REIS DO ÓLEO,CONCLUÍDO,MANUTENÇÃO-2024
2024-08-14,,,8112.0,COMPRA DA FECHADURA DO CAPÔ,False,False,False,False,CORRETIVA,ASSIS PEÇAS,CONCLUÍDO,MANUTENÇÃO-2024
2024-08-14,,,3718.0,TROCA DAS BIELETAS,False,False,False,False,CORRETIVA,BF DIESEL,CONCLUÍDO,MANUTENÇÃO-2024
2024-08-13,,167298.0,150.0,TROCA DO ÓLEO DA DIREÇÃO HIDRÁULICA,False,False,True,False,PREVENTIVA,REIS DO ÓLEO,CONCLUÍDO,MANUTENÇÃO-2024
2024-08-13,,58500.0,0.0,"LAVAGEM, LUBRIFICAÇÃO E ENGRAXAMENTO. (OBS.: PRÓX. SERVIÇO AOS 69.000 KM)",False,False,False,False,PREVENTIVA,PREF. GUARAREMA,CONCLUÍDO,MANUTENÇÃO-2024
2024-08-12,,143672.0,800.0,REPARO EM 03 PORTAS DE COMPARTIMENTO DE MATERIAIS,False,False,False,False,CORRETIVA,MECÂNICA ANTONINHO,CONCLUÍDO,MANUTENÇÃO-2024
2024-08-09,,,678587.0,"1.     Fornecer e substituir, 04 (QUATRO) PNEUS DE PRIMEIRA LINHA MARCA FIRESTONE CV 5000 - 225/65R16 - 112/110R;
2.     Fornecer e substituir, 04 válvula pneu sem câmera.
3.     Fornecer e executar, ALINHAMENTO E BALANCEAMENTO.",False,True,False,False,PREVENTIVA,BHB,FINALIZADO NA NEO,MANUTENÇÃO-2024
2024-08-08,,37846.0,186281.0,TROCA DE ÓLEO E FILTROS,False,False,True,False,PREVENTIVA,REIS DO ÓLEO,CONCLUÍDO,MANUTENÇÃO-2024
2024-08-08,,110601.0,520.0,REPOSICIONAMENTO DAS COIFAS DA HOMOCINÉTICA; TROCA DA  MANGUEIRA DE COMBUSTÍVEL DA BOMBA DE ALTA; REAPERTO DO PARAFUSO (BUJÃO) DO CÁRTER,False,False,False,False,CORRETIVA,BF DIESEL,CONCLUÍDO,MANUTENÇÃO-2024
2024-08-07,,273000.0,3589.0,"1.        Fornecer e substituir o óleo do motor conforme especificação do fabricante;
2.        Fornecer e substituir o filtro de óleo do motor conforme especificação do fabricante;
3.        Fornecer e substituir o filtro de combustível conforme especificação do fabricante;
4.        Fornecer e substituir o filtro de ar da cabine (habitáculo) conforme especificação do fabricante;
5.        Fornecer e substituir o filtro de ar do motor conforme especificação do fabricante.",False,False,True,False,CORRETIVA,REIS DO ÓLEO,CONCLUÍDO,MANUTENÇÃO-2024
2024-08-06,,143700.0,40512.0,"SERVIÇOS DE FREIO (TROCA DE: CUICA, TAMBORES DE FREIO DIANT E TRAS, LONAS DE FREIO, REBITES, MOLA PATIM GRANDE, MOLA PATIM PEQUENO, CATRACA FREIO TRAS. AUTOMÁTICA). OBS.: PRÓXIMA INSP. AOS 154.000 KM",True,False,False,False,CORRETIVA,MOLAS TIETÊ,CONCLUÍDO,MANUTENÇÃO-2024
2024-08-05,,162343.0,20556.0, Fornecer e executar alinhamento de direção.,False,True,False,False,PREVENTIVA,ÁPICE MOGI,FINALIZADO NA NEO,MANUTENÇÃO-2024
2024-08-03,,,98715.0,"Fornecer e substituir, cabo do comando da caixa de marchas, conforme especificação do fabricante;",False,False,False,False,CORRETIVA,J KAR,FINALIZADO NA NEO,MANUTENÇÃO-2024
2024-07-31,,166525.0,1809.0,"SERVIÇO DE TROCA MOLA TRASEIRA, ESPIGÃO, PORCAS, BUCHAS E GRAMPOS.",False,False,False,False,CORRETIVA,MOLAS TIETÊ,CONCLUÍDO,MANUTENÇÃO-2024
2024-07-31,,166525.0,0.0,INSPEÇÃO DE FREIOS. (OBS.: PRÓXIMA INSPEÇÃO AOS 169.000 KM),True,False,False,False,PREVENTIVA,MOLAS TIETÊ,CONCLUÍDO,MANUTENÇÃO-2024
2024-07-30,,111900.0,70.0,compra de 02 lâmpadas H8 (farol auxiliar),False,False,False,True,CORRETIVA,REI DAS BATERIAS,CONCLUÍDO,MANUTENÇÃO-2024
2024-07-29,,,53639.0,"1.	Fornecer e substituir, interruptor pedal luz de freio
",True,False,False,False,CORRETIVA,CURIÓ,FINALIZADO NA NEO,MANUTENÇÃO-2024
2024-07-29,,111900.0,1995.0,COMPRA DO FAROL AUXILIAR LE,False,False,False,False,CORRETIVA,TOTAL LATAS,CONCLUÍDO,MANUTENÇÃO-2024
2024-07-29,,,0.0,TROCA DE LÂMPADA H7 FAROL LD,False,False,False,True,CORRETIVA,MOTOMEC,CONCLUÍDO,MANUTENÇÃO-2024
2024-07-25,,160000.0,0.0,POLIMENTO E GRAFISMO GERAL,False,False,False,False,CORRETIVA,CSM,CONCLUÍDO,MANUTENÇÃO-2024
2024-07-19,,46618.0,1248616.0,"VERIFICAR SISTEMA DE INJEÇÃO, SISTEMA DE ARLA E DIAGNÓSTICO ELETRÔNICO;",False,False,False,False,CORRETIVA,NAVARRO,FINALIZADO NA NEO,MANUTENÇÃO-2024
2024-07-18,,,77089.0,"Fornecer e executar, LAVAGEM  E LUBRIFICAÇÃO GERAL",False,False,False,False,PREVENTIVA,BF DIESEL,FINALIZADO NA NEO,MANUTENÇÃO-2024
2024-07-18,,,582926.0,"1.        Fornecer e substituir, PASTILHAS DE FREIOS DIANTEIRO E TRASEIRO E SENSORES, conforme especificação do fabricante;
2.     Fornecer e substituir, DISCO DE FREIOS DIANTEIROS E TRASEIROS, conforme especificação do fabricante;
3.        Fornecer e substituir, FLUÍDO DE FREIO CONFORME ESPECIFICAÇÃO DO FABRICANTE;
4.     Fornecer e substituir, LONAS DO FREIO ESTACIONÁRIO, conforme especificação do fabricante.",True,False,False,False,PREVENTIVA,NAVARRO,FINALIZADO NA NEO,MANUTENÇÃO-2024
2024-07-17,,34700.0,0.0,INSPEÇÃO DE FREIO (OBS.: PRÓXIMA INSPEÇÃO AOS 36.000 KM),True,False,False,False,PREVENTIVA,MOTOMEC,CONCLUÍDO,MANUTENÇÃO-2024
2024-07-11,,6182.0,12175.0,COMPRA DE 04 CALOTAS,False,False,False,False,CORRETIVA,TOTAL LATAS,CONCLUÍDO,MANUTENÇÃO-2024
2024-07-11,,33470.0,0.0,MONTAGEM E BALANCEAMENTO DE 02 PNEUS (225/75 R16 121/120R CV5000 - FIRESTONE). OBS.: RODAS TRASEIRAS,False,True,False,False,PREVENTIVA,GV PNEUS (GETÚLIO VARGAS),CONCLUÍDO,MANUTENÇÃO-2024
2024-07-10,,33405.0,2016.0,COMPRA DE 02 PNEUS (225/75 R16 121/120R CV5000 - FIRESTONE). OBS.: PARA USO NAS RODAS TRASEIRAS,False,True,False,False,PREVENTIVA,DELLAVIA,CONCLUÍDO,MANUTENÇÃO-2024
2024-07-08,,,163082.0,"1.        Fornecer e substituir, REPAROS DO COXINS DE CÂMBIO;
2.     Fornecer GUINCHO, para retirada da viatura no local de origem ( Av. Herman Teles Ribeiro, 93 - Vila Romanopolis, Ferraz de Vasconcelos), com destino à oficina mecânica cadastrada e direcionado pela plataforma.",False,False,False,False,CORRETIVA,J KAR,FINALIZADO NA NEO,MANUTENÇÃO-2024
2024-07-08,,,272216.0,"1.        Fornecer e substituir Homocinética completa lado esquerdo
2.        Fornecer e substituir parafuso do coxim do câmbio conforme especificação do fabricante;
3.        Fornecer serviço de tornearia e embuchamento na carcaça do câmbio em dois prisioneiros quebrados;
4.     Fornecer serviço de GUINCHO, para retirada da viatura no local de origem ( Rua Albert Oswald, 980 - Parque Suzano, Suzano), com destino à oficina mecânica cadastrada e direcionado pela plataforma.",False,False,False,False,CORRETIVA,J KAR,FINALIZADO NA NEO,MANUTENÇÃO-2024
2024-07-01,,33141.0,1480388.0,"1.        Fornecer e substituir, REPARO DOS INJETORES, REPARO DA BOMBA DE ALTA;
2.        Fornecer e executar, LIMPEZA DO SISTEMA DO COMBUSTÍVEL E LIMPEZA TANQUE DO COMBUSTÍVEL;
3.     Fornecer e exucatar, DIAGNÓSTICO ELETRÔNICO.
3.     Fornecer serviço de GUINCHO, para retirada da viatura no local de origem: (Rua Eduardo Froner, 1070 - Bonsucesso, Guarulhos - SP), com destino à oficina mecânica cadastrada pela pela plataforma.",False,False,False,False,CORRETIVA,NAVARRO,FINALIZADO NA NEO,MANUTENÇÃO-2024
2024-06-28,,45100.0,190.0,RODÍZIO DE PNEUS; ALINHAMENTO DE DIREÇÃO; BALANCEAMENTO DAS 4 RODAS,False,True,False,False,PREVENTIVA,DU PAIVA,CONCLUÍDO,MANUTENÇÃO-2024
2024-06-28,,45100.0,0.0,TROCA DA LÂMPADA DO FAROL BAIXO L.E.,False,False,False,True,CORRETIVA,MOTOMEC,CONCLUÍDO,MANUTENÇÃO-2024
2024-06-28,,10875.0,806.0,TROCA DAS PASTILHAS E DISCOS DE FREIO DIANTEIRO,True,False,False,False,PREVENTIVA,BF DIESEL,CONCLUÍDO,MANUTENÇÃO-2024
2024-06-27,,,138156.0,"1.	Fornecer e substituir o óleo do motor conforme especificação do fabricante;
2.	Fornecer e substituir o filtro de óleo do motor conforme especificação do fabricante;
3.	Fornecer e substituir o filtro de combustível conforme especificação do fabricante;
4.	Fornecer e substituir o filtro de ar do motor conforme especificação do fabricante;
5.	Fornecer e substituir o filtro de ar da cabine (habitáculo) conforme especificação do fabricante.",False,False,True,False,PREVENTIVA,CURIÓ,FINALIZADO NA NEO,MANUTENÇÃO-2024
2024-06-25,,164800.0,0.0,INSPEÇÃO DE FREIOS (OBS.: PRÓXIMA INSPEÇÃO AOS 166.000 KM),True,False,False,False,PREVENTIVA,MARCONDES,CONCLUÍDO,MANUTENÇÃO-2024
2024-06-24,,57380.0,117012.0,"1.     Fornecer e substituir óleo de motor conforme especificação do fabricante;
2      Fornecer e substituir filtro de óleo de motor conforme especificação do fabricante;
3.     Fornecer e substituir filtro de ar conforme especificação do fabricante.
",False,False,True,False,PREVENTIVA,RAVI MOTOS,FINALIZADO NA NEO,MANUTENÇÃO-2024
2024-06-24,,21320.0,993.0,TROCA DOS PENUS DIANTEIROS; ALINHAMENTO DE DIREÇÃO; CAMBAGEM; INSPEÇÃO DE FREIOS (OBS.: PRÓXIMA INSPEÇÃO DE FREIOS AOS 33.000 KM) ,True,True,False,False,PREVENTIVA,DELLA VIA SUZANO,CONCLUÍDO,MANUTENÇÃO-2024
2024-06-24,,272508.0,0.0,TROCA DA LÂMPADA DA LANTERNA TRASEIRA,False,False,False,True,CORRETIVA,MOTOMEC,CONCLUÍDO,MANUTENÇÃO-2024
2024-06-24,,57950.0,0.0,INSTALAÇÃO DE PREFIXO,False,False,False,False,CORRETIVA,MOTOMEC,CONCLUÍDO,MANUTENÇÃO-2024
2024-06-24,,304142.0,0.0,TROCA DA LÂMPADA DO FAROL,False,False,False,True,CORRETIVA,MOTOMEC,CONCLUÍDO,MANUTENÇÃO-2024
2024-06-21,,,210672.0,"1.        Fornecer e substituir, MOLA TRASEIRA ESQUERDA;
2.     Fornecer, ALIHAMENTO E BALANCEAMENTO;
3.     Fornecer serviço de GUINCHO, para retirada da viatura no local de origem ( Rua Regina Cabalau Mendonça, Nº 373, Quartel do Corpo de Bombeiros de Suzano, Jd. Japão, Suzano), com destino à oficina mecânica cadastrada e direcionado pela plataforma.
",False,True,False,False,CORRETIVA,J KAR,FINALIZADO NA NEO,MANUTENÇÃO-2024
2024-06-20,,272239.0,365.0,TROCA DO SENSOR DA BOIA DE COMBUSTÍVEL,False,False,False,False,CORRETIVA,MM MARCONDES,CONCLUÍDO,MANUTENÇÃO-2024
2024-06-20,,44503.0,4750.0,"TROCA DE SAPATA, DISCO, PASTILHA, TAMBOR, CILINDRO DE FREIO TRAS, FLUÍDO E LIMPEZA DO SISTEMA DE FREIO",True,False,False,False,PREVENTIVA,ÁPICE MOGI,CONCLUÍDO,MANUTENÇÃO-2024
2024-06-18,,164350.0,410.0,TROCA DAS CORREIAS DO ALTERNADOR E DO AR CONDICIONADO,False,False,False,True,CORRETIVA,BF DIESEL,CONCLUÍDO,MANUTENÇÃO-2024
2024-06-14,,4208.0,0.0,REVISÃO DE ASSENTAMENTO,False,False,False,False,PREVENTIVA,DIBRACAM,CONCLUÍDO,MANUTENÇÃO-2024
2024-06-11,,166600.0,0.0,INSPEÇÃO DE FREIOS COM REGULAGEM DO FREIO DIANTEIRO ESQUERDO (OBS.: PRÓXIMA INSPEÇÃO COM ???.000 KM),True,False,False,False,PREVENTIVA,CAR FREIOS,CONCLUÍDO,MANUTENÇÃO-2024
2024-06-11,,4040.0,0.0,INSPEÇÃO DE FREIOS (OBS.: PRÓXIMA INSPEÇÃO COM 14.000 KM),True,False,False,False,PREVENTIVA,CAR FREIOS,CONCLUÍDO,MANUTENÇÃO-2024
2024-06-11,,163638.0,0.0,INSPEÇÃO DE FREIOS (OBS.: PRÓXIMA INSPEÇÃO COM 164638 KM),True,False,False,False,PREVENTIVA,IKEDA,CONCLUÍDO,MANUTENÇÃO-2024
2024-06-10,,57400.0,0.0,INSPEÇÃO DE FREIO (OBS.: PRÓXIMA INSPEÇÃO COM 60.500 KM),True,False,False,False,PREVENTIVA,MOTOMEC,CONCLUÍDO,MANUTENÇÃO-2024
2024-06-10,,21020.0,0.0,INSPEÇÃO DE FREIO (OBS.: PRÓXIMA INSPEÇÃO COM 24.000 KM),True,False,False,False,PREVENTIVA,MOTOMEC,CONCLUÍDO,MANUTENÇÃO-2024
2024-06-03,,56888.0,6028.0,"COMPRA DE UMA BATERIA (ROUTE: 12V - 11,2Ah - XTZ14S; N° DE SÉRIE: 0692622",False,False,False,True,CORRETIVA,MEGA MOTOS,CONCLUÍDO,MANUTENÇÃO-2024
2024-05-30,,57145.0,620.0,TROCA DOS 02 ESTROBOS DO PARACHOQUE DIANTEIRO,False,False,False,False,CORRETIVA,LUIZ (ENGESIG),CONCLUÍDO,MANUTENÇÃO-2024
2024-05-29,,140933.0,0.0,"EM DIAGNÓSTICO QUANTO AOS SEGUINTES PROBLEMAS: 1. ROLAMENTO DO CUBO DE RODA DIANTEIRA ESQUERDA, APRESENTANDO FORTE RUÍDO E DESGATE DO MATERIAL; 2. VAZAMENTO DE ÓLEO LUBRIFICANTE DO ROLAMENTO DE RODA, NA TAMPA DO EIXO EXTERNO DAS RODAS DIANTEIRAS, LADOS DIREITO E ESQUERDO.",False,False,True,False,CORRETIVA,CSM/MOPB,CONCLUÍDO,MANUTENÇÃO-2024
2024-05-28,,253105.0,465.0,LIMPEZA NO SISTEMA DE ARREFECIMENTO,False,False,False,False,PREVENTIVA,REIS DO ÓLEO,CONCLUÍDO,MANUTENÇÃO-2024
2024-05-27,,109788.0,11707.0,RETÍFICA DE CABEÇOTE,False,False,False,False,CORRETIVA,BF DIESEL,CONCLUÍDO,MANUTENÇÃO-2024
2024-05-24,,162145.0,3800.0,DESMONTAGEM E MONTAGEM DO COMANDO HIDRÁULICO DO MUNK (PARA SANAR VAZAMENTOS DE ÓLEO HIDRÁULICO),False,False,True,False,CORRETIVA,EVR,CONCLUÍDO,MANUTENÇÃO-2024
2024-05-24,,162000.0,0.0,INSPEÇÃO DE FREIOS (OBS.: PRÓXIMA INSPEÇÃO COM 165000 KM),True,False,False,False,PREVENTIVA,EVR,CONCLUÍDO,MANUTENÇÃO-2024
2024-05-24,,162000.0,1200.0,REPARO EM CAIXA DE TRANSFERÊNCIA,False,False,False,False,CORRETIVA,EVR,CONCLUÍDO,MANUTENÇÃO-2024
2024-05-23,,176635.0,16351.0, Fornecer e executar alinhamento de direção.,False,True,False,False,PREVENTIVA,ÁPICE MOGI,FINALIZADO NA NEO,MANUTENÇÃO-2024
2024-05-21,,108352.0,16351.0, Fornecer e executar alinhamento de direção.,False,True,False,False,PREVENTIVA,ÁPICE MOGI,FINALIZADO NA NEO,MANUTENÇÃO-2024
2024-05-21,,,401726.0,"1.        Fornecer e substituir, PASTILHAS DE FREIOS DIANTEIRO E TRASEIRO E SENSORES, conforme especificação do fabricante;
2.     Fornecer e substituir, DISCO DE FREIOS DIANTEIROS E TRASEIROS, conforme especificação do fabricante;
3.        Fornecer e substituir, FLUÍDO DE FREIO CONFORME ESPECIFICAÇÃO DO FABRICANTE;
4.     Fornecer e substituir, LONAS DO FREIO ESTACIONÁRIO, conforme especificação do fabricante.
",True,False,False,False,PREVENTIVA,CURIÓ,FINALIZADO NA NEO,MANUTENÇÃO-2024
2024-05-21,,253079.0,1780.0,"1.     Fornecer e executar instalação de bateria veículo a diesel marca ""MOURA"" 12V - C20 / 150Ah.",False,False,False,True,CORRETIVA,EVR,FINALIZADO NA NEO,MANUTENÇÃO-2024
2024-05-21,,108352.0,395.0,TROCA DAS PASTILHAS DE FREO DIANTEIRO. OBS.: PRÓXIMA INSPEÇÃO AOS 118.000 KM,True,False,False,False,PREVENTIVA,ÁPICE MOGI,CONCLUÍDO,MANUTENÇÃO-2024
2024-05-15,,303450.0,1923.0,REPARO NO VAZAMENTO DE COMBUSTÍVEL,False,False,False,False,CORRETIVA,REI DAS BATERIAS,CONCLUÍDO,MANUTENÇÃO-2024
2024-05-14,,166136.0,136833.0,OLEO 15W40; FILTRO DE OLEO; FILTRO COMBUSTIVEL; FILTRO DE AR; FILTRO RACOR.,False,False,True,False,PREVENTIVA,REIS DO ÓLEO,FINALIZADO NA NEO,MANUTENÇÃO-2024
2024-05-13,,56888.0,0.0,EM DIAGNÓSTICO QUANTO AO PROBLEMA DE IGNIÇÃO. (OBS.: NADA DETECTADO),False,False,False,False,CORRETIVA,CSM/MOPB,CONCLUÍDO,MANUTENÇÃO-2024
2024-05-11,,139529.0,3749.0,TROCA DO FILTRO DE COMBUSTÍVEL E RACOR,False,False,True,False,CORRETIVA,REIS DO ÓLEO,CONCLUÍDO,MANUTENÇÃO-2024
2024-05-09,,19221.0,0.0,REVISÃO PERIÓDICA CONTEMPLANDO OS SEGUINTES SERVIÇOS: TROCA DO FILTRO DE ÓLEO DO MOTOR; TROCA DO ÓLEO DO MOTOR; TROCA DO FILTRO DE COMBUSTÍVEL; CHICOTE SELEC; VERIFICAÇÃO DO TUBO A/C,False,False,True,True,PREVENTIVA,DESTAQUE FIAT MOGI,CONCLUÍDO,MANUTENÇÃO-2024
2024-05-03,,139100.0,0.0,TROCA DA MANGUEIRA INFERIOR DO RADIADOR,False,False,False,False,CORRETIVA,EVR,CONCLUÍDO,MANUTENÇÃO-2024
2024-05-03,,139100.0,8597.0,COMPRA DA MANGUEIRA INFERIOR DO RADIADOR E 2 ABRAÇADEIRAS (14mm 64x76MM),False,False,False,False,CORRETIVA,NOGUTI CAMINHÕES,CONCLUÍDO,MANUTENÇÃO-2024
2024-05-03,,109327.0,445.0,TROCA DA VÁLVULA TERMOSTÁTICA,False,False,False,False,CORRETIVA,BF DIESEL,CONCLUÍDO,MANUTENÇÃO-2024
2024-05-02,,139000.0,160.0,DESMONTAGEM E MONTAGEM DOS 04 PNEUS TRASEIROS,False,True,False,False,CORRETIVA,RE9 ,CONCLUÍDO,MANUTENÇÃO-2024
2024-04-24,,,694667.0,"1.     Fornecer e substituir, 04 (QUATRO) PNEUS DE PRIMEIRA LINHA MARCA FIRESTONE CV 5000 - 225/75R16 - 121/120R;
2.     Fornecer e executar, ALINHAMENTO E BALANCEAMENTO.",False,True,False,False,CORRETIVA,BHB,FINALIZADO NA NEO,MANUTENÇÃO-2024
2024-04-23,,138998.0,470058.0,REPARO NA SUSPENSÃO DIANTEIRA E TRASEIRA; TROCA DAS LONAS DO FREIO TRASEIRO (OBS.: PRÓX. INSP. COM 143.000 KM),True,False,False,False,CORRETIVA,MOLAS TIETE,CONCLUÍDO,MANUTENÇÃO-2024
2024-04-19,,253068.0,8224.0,TROCA DE: ÓLEO DO MOTOR (15W40); FILTRO DE ÓLEO DO MOTOR; FILTRO DE COMBUSTÍVEL; FILTRO DE AR,False,False,True,False,PREVENTIVA,REIS DO ÓLEO,CONCLUÍDO,MANUTENÇÃO-2024
2024-04-17,,139124.0,108298.0,TROCA DE: ÓLEO DO MOTOR (15W40); FILTRO DE ÓLEO DO MOTOR; FILTRO DE COMBUSTÍVEL (PSC75); FILTRO PARKER RACOR; FILTRO DE AR; ENGRAXAMENTO,False,False,True,False,PREVENTIVA,REIS DO ÓLEO,CONCLUÍDO,MANUTENÇÃO-2024
2024-04-17,,83668.0,364499.0,"1.        Fornecer e substituir mangueira inferior do radiador conforme especificação do fabricante;
2.        Fornecer e substituir fluído de arrefecimento conforme especificação do fabricante;
3.        Fornecer e executar limpeza do sistema de arrefecimento;
4.        Fornecer e substituir coxin do motor dianteiro com parafuso conforme especificação do fabricante.",False,False,False,False,CORRETIVA,NAVARRO,FINALIZADO NA NEO,MANUTENÇÃO-2024
2024-04-17,,161991.0,359649.0,TROCA DE: ÓLEO DO MOTOR (15W40); FILTRO DE ÓLEO DO MOTOR; FILTRO DE COMBUSTÍVEL; FILTRO RACOR; FILTRO DE AR; ÓLEO DOS DIFERENCIAIS (85W140); ÓLEO DA CAIXA DE TRANSFERÊNCIA (85W90); ÓLEO DA CAIXA DE CÂMBIO (80W90); ENGRAXAMENTO DO MUNK; ENGRAXAMENTO TOCO.,False,False,True,False,PREVENTIVA,REIS DO ÓLEO,CONCLUÍDO,MANUTENÇÃO-2024
2024-04-16,,74239.0,106563.0,Fornecer e substituir pastilhas de freio dianteiro e traseiro conforme especificação do fabricante.,True,False,False,False,PREVENTIVA,RAVI MOTOS,FINALIZADO NA NEO,MANUTENÇÃO-2024
2024-04-16,,74239.0,3265.0,TROCA DE: KIT RELAÇÃO; ÓLEO DE MOTOR (10W30); FILTRO DE ÓLEO; ÓLEO PARA SUSPENSÃO (10W); FILTRO DE AR,False,False,True,False,CORRETIVA,RAVI MOTOS,CONCLUÍDO,MANUTENÇÃO-2024
2024-04-16,,161982.0,336532.0,REPARO EM SUSPENSÃO COM TROCA DE: ESPIGÃO 1/2x7 C. BAIXA G.5; PORCA 1/2 SEXT. SIMPLES UNF; BUCHA PINO MOLA TRAS.; PINO MOLA TRAS.; GRAXEIRA 3/8 RETA; ALGEMA MOLA TRAS.; PARAFUSO SEXT. 3/8 x 4 1/2 UNC G.5; TUBO ESPAÇADOR P/ ABRAÇ. MOLA (92mm); PORCA 3/8 SEXT. TORQUE UNC; PARAFUSO SEXT. 12x50 FLANGEADO; PORCA 12mm SEXT. TORQUE; GRAMPO 7/8 x 92 x 560 DA; PORCA 7/8 SEXT. DODI-LOC TUCHO; FIXAÇÃO DO SUPORTE DO AMORTECEDOR DIANT. LD; ARQUEAMENTO MOLA TRAS.,False,False,False,False,CORRETIVA,MOLAS TIETE,CONCLUÍDO,MANUTENÇÃO-2024
2024-04-16,,162163.0,609.0,TROCA DE: ÓLEO DO MOTOR (15W40); FILTRO DE ÓLEO DO MOTOR; FILTRO DE AR; FILTRO DE CABINE; FILTRO DE COMBUSTÍVEL,False,False,True,False,PREVENTIVA,REIS DO ÓLEO,CONCLUÍDO,MANUTENÇÃO-2024
2024-04-16,,29772.0,5400.0,TROCA DOS 04 PNEUS (225/75 R16C - CARGO MARATHON II 118/116R E); ALINHAMENTO DE DIREÇÃO; BALANCEAMENTO DAS 04 RODAS,False,True,False,False,PREVENTIVA,APICE MOGI,CONCLUÍDO,MANUTENÇÃO-2024
2024-04-16,,29772.0,5400.0,TROCA DOS 04 PNEUS (225/75 R16C - CARGO MARATHON II 118/116R E); ALINHAMENTO DE DIREÇÃO; BALANCEAMENTO DAS 04 RODAS,False,True,False,False,PREVENTIVA,APICE MOGI,CONCLUÍDO,MANUTENÇÃO-2024
2024-04-16,,29772.0,495.0,TROCA DAS PASTILHAS DE FREIO DIANTEIRO (OBS.: PRÓXIMA INSPEÇÃO AOS 35.000 KM) ,True,False,False,False,PREVENTIVA,APICE MOGI,CONCLUÍDO,MANUTENÇÃO-2024
2024-04-11,,49915.0,0.0,REVISÃO PERIÓDICA CONTEMPLANDO OS SEGUINTES SERVIÇOS: TROCA DO FILTRO DE ÓLEO DO MOTOR; TROCA DO ÓLEO DO MOTOR (0W20),False,False,True,False,PREVENTIVA,DESTAQUE FIAT MOGI,CONCLUÍDO,MANUTENÇÃO-2024
2024-04-09,,40190.0,2430.0,TROCA DOS PNEUS TRASEIROS (265/65R17 - WRANGLER WORKHORSE AT 112H SL); TROCA DOS BICOS DE PNEU TRASEIRO; BALANCEAMENTO DE RODAS.,False,True,False,False,PREVENTIVA,ÁPICE MOGI,CONCLUÍDO,MANUTENÇÃO-2024
2024-04-05,,159389.0,150.0,SERVIÇO DE LIMPEZA DO SISTEMA DE ARREFECIMENTO,False,False,False,False,PREVENTIVA,REIS DO ÓLEO,CONCLUÍDO,MANUTENÇÃO-2024
2024-04-04,,108628.0,215.0,COMPRA DE RESERVATÓRIO DE ÁGUA,False,False,False,False,CORRETIVA,MOGI VANS,CONCLUÍDO,MANUTENÇÃO-2024
2024-04-04,,108628.0,150.0,SERVIÇO DE LIMPEZA DO SISTEMA DE ARREFECIMENTO E TROCA DO RESERVATÓRIO DE AGUA,False,False,False,False,PREVENTIVA,REIS DO ÓLEO,CONCLUÍDO,MANUTENÇÃO-2024
2024-04-03,,50197.0,50753.0,"1.        Fornecer e substituir polia damper conforme especificação do fabricante;
2.        Fornecer e substituir correia do motor conforme especificação do fabricante;
3.        Fornecer e substituir tensionador conforme especificação do fabricante;
4.        Fornecer e substituir rolamento de embreagem conforme especificação do fabricante.
5.     Fornecer transporte do veiculo (GUINCHO) que esta no Corpo de Bombeiros de Itaquaquecetuba, R. Ali Hamoud, 162 - Jardim Alpes de Itaqua, Itaquaquecetuba - SP, 08588-630, até a oficina BF Diesel sito à Av. Pref. Carlos Ferreira Lopes, 383 - Vila Mogilar, Mogi das Cruzes - SP, 08773-490;",False,False,False,False,CORRETIVA,NAVARRO,FINALIZADO NA NEO,MANUTENÇÃO-2024
2024-04-03,,55383.0,0.0,TROCA DAS PASTILHAS DO FREIO TRASEIRO,True,False,False,False,PREVENTIVA,ROTA 1,CONCLUÍDO,MANUTENÇÃO-2024
2024-04-02,,71300.0,110201.0,Fornecer e substituir pastilhas de freio dianteiro e traseiro conforme especificação do fabricante.,True,False,False,False,PREVENTIVA,RAVI MOTOS,FINALIZADO NA NEO,MANUTENÇÃO-2024
2024-04-02,,62569.0,106563.0,Fornecer e substituir pastilhas de freio dianteiro e traseiro conforme especificação do fabricante.,True,False,False,False,PREVENTIVA,RAVI MOTOS,FINALIZADO NA NEO,MANUTENÇÃO-2024
2024-04-01,,161884.0,3723.0,"TROCA DE: TERMINAL DO TRAMBULADOR, BUCHA DO TRAMBULADOR, FLEXÍVEL DO HIDRÁULICO, BOMBA HIDRÁULICA, KIT BUCHA DA ALAVANCA DO TRAMBULADOR, ÓLEO 68 SEA (LUBRIMOTORS - PHANTER HIDRÁULICO 1)",False,False,True,False,CORRETIVA,BF DIESEL,CONCLUÍDO,MANUTENÇÃO-2024
2024-04-01,,39724.0,524.0,"INPEÇÃO DE FREIO,TROCA DE PASTILHA DE FREIO E RETÍFICA DOS DISCOS DIANTEIRO ( PRÓXIMA INSPEÇÃO 43000) ",True,False,False,False,CORRETIVA,IKEDA,CONCLUÍDO,MANUTENÇÃO-2024
2024-04-01,,6692.0,14803.0,"FORNECER E SUBSTITUIR PARACHOQUE DIANTEIRO
FORNECER E SUBSTITUIR GRADE FRONTAL
 REPARAR CAPÔ
FORNECER E SUBSTITUIR PARALAMA LATERAL DIREITO
FORNECER E SUBSTITUIR PARALAMA INTERNO DIREITO
FORNECER E SUBSTITUIR SUPORTE DO FAROL DE MILHA
FORNECER E SUBSTITUIR PORTA DIANTEIRA LADO DIREITO
FORNECER E SUBSTITUIR ACABAMENTO DE PLÁSTICO DO RETROVISOR LADO DIREITO
FORNECER E SUBSTITUIR POLAINA DA PORTA LADO DIREITO
FORNECER E SUBSTITUIR PARABRISA DIANTERIO
FORNECER E SUBSTITUIR RESERVATÓRIO DO ARLA",False,False,False,False,CORRETIVA,NAVARRO,FINALIZADO NA NEO,MANUTENÇÃO-2024
2024-03-28,,47800.0,1700.0,"TROCA DE 02 PNEUS, ALINHAMENTO E BALANCEAMENTO",False,True,False,False,CORRETIVA,ÁPICE MOGI,CONCLUÍDO,MANUTENÇÃO-2024
2024-03-28,,105180.0,0.0,TROCA DE PALHETAS DO LIMPADOR DE PARABRISA,False,False,False,False,CORRETIVA,REI DAS BATERIAS,CONCLUÍDO,MANUTENÇÃO-2024
2024-03-26,,39545.0,66507.0,"1.        Fornecer e substituir o óleo do motor (UTILIZADO O ÓLEO 5W30 - MARCA ELF);
2.        Fornecer e substituir o filtro de óleo do motor;
3.        Fornecer e substituir o filtro de combustível;
4.        Fornecer e substituir o filtro de ar do motor;
5.        Fornecer e substituir o filtro de ar da cabine (ar condicionado);",False,False,True,False,PREVENTIVA,REIS DO ÓLEO ,FINALIZADO NA NEO,MANUTENÇÃO-2024
2024-03-25,,138006.0,0.0,SUBSTITUÍÇÃO DA TAMPA DO RADIADOR,False,False,False,False,CORRETIVA,MOTOMEC,CONCLUÍDO,MANUTENÇÃO-2024
2024-03-19,,33141.0,0.0,"EM DIAGNÓSTICO QUANTO AO PROBLEMA DE IGNIÇÃO (GARANTIA). OBS.: VTR LEVADA ATÉ A CONCESSIONÁRIA PELO GUINCHO DO CSM (CB PM FACHINI). CONSTATADO PELA DENIGRIS QUE O PROBLEMA FOI DEVIDO A FATORES EXTERNOS (COMBUSTÍVEL RUIM), NÃO HAVENDO ASSIM GARANTIA.",False,False,False,False,CORRETIVA,DE NIGRIS (GUARULHOS),CONCLUÍDO,MANUTENÇÃO-2024
2024-03-15,,,257667.0,"1.        Fornecer e substituir pastilhas de freios dianteira conforme especificação do fabricante;
2.        Fornecer e substituir lonas de freio traseiro conforme especificação do fabricante;
3.        Fornecer e substituir retentores do sistema de freio conforme especificação do fabricante;
4.        Fornecer e substituir fluído de freio conforme especificação do fabricante;
5.        Fornecer e substituir 02 cilindros de freio conforme especificação do fabricante.",True,False,False,False,CORRETIVA,INJETRONIC,FINALIZADO NA NEO,MANUTENÇÃO-2024
2024-03-15,,50628.0,78667.0,"Fornecer e executar, ALINHAMENTO, BALANCEAMENTO E (CAMBAGEM / SE NECESSÁRIO)",False,True,False,False,PREVENTIVA,ALBUQUERQUE,FINALIZADO NA NEO,MANUTENÇÃO-2024
2024-03-15,,50628.0,23333.0,"1.        Substituir 02 pneu dianteiro. Os pneus para substituição serão fornecidos pelo 17ºGB, necessitando somente da montagem;
2.     Fornecer e substituir 02 válvulas (bico) de enchimento de pneu.",False,True,False,False,PREVENTIVA,ALBUQUERQUE,FINALIZADO NA NEO,MANUTENÇÃO-2024
2024-03-12,,33054.0,0.0,LIMPEZA DOS BICOS,False,False,False,False,CORRETIVA,BF DIESEL,CONCLUÍDO,MANUTENÇÃO-2024
2024-03-11,,103840.0,57877.0,"1.        Fornecer e substituir o óleo do motor;
2.        Fornecer e substituir o filtro de óleo do motor;
3.        Fornecer e substituir o filtro de combustível;
4.        Fornecer e substituir o filtro de ar do motor;
5.        Fornecer e substituir o filtro de ar da cabine (ar condicionado);",False,False,True,False,PREVENTIVA,REIS DO ÓLEO,FINALIZADO NA NEO,MANUTENÇÃO-2024
2024-03-08,,138830.0,9630.0,Fornecer e executar manutenção do sistema de bicos de injeção e bomba injetora.,False,False,False,False,CORRETIVA,NAVARRO ,FINALIZADO NA NEO,MANUTENÇÃO-2024
2024-03-08,,268550.0,2502.0,TROCA DO BUJÃO DO CÁRTER; TROCA DA COIFA DO CÂMBIO; TROCA DO RETENTOR DO VIRABREQUIM; TROCA DO ÓLEO DE CÂMBIO; DESCARBONIZANTES; TROCA DO KIT DE EMBREAGEM; TROCA DA JUNTA DO CÁRTER; 01 LITRO DE ÓLEO DE MOTOR.,False,False,True,False,CORRETIVA,ERGERAUTO (ERNANI),CONCLUÍDO,MANUTENÇÃO-2024
2024-03-06,,161410.0,3292.0,"1.        Fornecer e substituir 04 buchas de bandejas superior conforme especificação do fabricante;
2.        Fornecer e substituir 04 buchas de bandejas inferior conforme especificação do fabricante;
3.        Fornecer e substituir 02 pivos inferior conforme especificação do fabricante.",False,False,False,False,CORRETIVA,BHB,FINALIZADO NA NEO,MANUTENÇÃO-2024
2024-02-29,,174399.0,1262.0,Fornecer e substituir kit correia dentada e tensor originais conforme especificação do fabricante,False,False,False,False,PREVENTIVA,COSMORAMA,FINALIZADO NA NEO,MANUTENÇÃO-2024
2024-02-29,,159200.0,114233.0,"1. Fornecer e substituir o óleo do motor;
2. Fornecer e substituir o filtro de óleo do motor;
3. Fornecer e substituir o filtro de combustível;
4. Fornecer e substituir o filtro de ar do motor;
5. Fornecer e substituir o filtro de ar da cabine (ar condicionado);",False,False,True,False,PREVENTIVA,CURIÓ,FINALIZADO NA NEO,MANUTENÇÃO-2024
2024-02-29,,252870.0,0.0,TROCA DE BATERIA. OBS.: BATERIA USADA FORNECIDA PELA MOTOMEC,False,False,False,True,CORRETIVA,MOTOMEC,CONCLUÍDO,MANUTENÇÃO-2024
2024-02-29,,174399.0,338.0,"OS Complemetar para suprir a necessidade da OS 1277. Ao realizar o serviço foi constatado a necessidades de trocar o retentor do comando de válvula que é peça necessaria para a conclusão da OS 1277, bem como mão de obra do serviço.",False,False,False,False,CORRETIVA,COSMORAMA,FINALIZADO NA NEO,MANUTENÇÃO-2024
2024-02-28,,268400.0,1258.0,Fornecer e substituir kit correia dentada e tensor originais conforme especificação do fabricante.,False,False,False,False,PREVENTIVA,CURIÓ,FINALIZADO NA NEO,MANUTENÇÃO-2024
2024-02-28,,268465.0,8361.0,"1. Fornecer e substituir o óleo do motor;
2. Fornecer e substituir o filtro de óleo do motor;
3. Fornecer e substituir o filtro de combustível;
4. Fornecer e substituir o filtro de ar do motor;
5. Fornecer e substituir o filtro de ar da cabine (ar condicionado);
",False,False,True,False,PREVENTIVA,COSMORAMA,FINALIZADO NA NEO,MANUTENÇÃO-2024
2024-02-28,,268465.0,157667.0,"1. Fornecer e substituir dois pneus dianteiros, medida 195/65 15 de primeira linha, marca GOODYEAR.
2. Realizar alinhamento e balanceamento;",False,True,False,False,PREVENTIVA,BHB,FINALIZADO NA NEO,MANUTENÇÃO-2024
2024-02-28,,77785.0,0.0,INSTALAÇÃO DO SUPORTE DE BATERIA NO COMPARTIMENTO DO MOTOR; INSTALAÇÃO DE BATERIA,False,False,False,True,CORRETIVA,CSM/MOPB,CONCLUÍDO,MANUTENÇÃO-2024
2024-02-27,,39240.0,78667.0,"Fornecer e executar, ALINHAMENTO, BALANCEAMENTO E (CAMBAGEM / SE NECESSÁRIO);",False,True,False,False,PREVENTIVA,ALBUQUERQUE,FINALIZADO NA NEO,MANUTENÇÃO-2024
2024-02-27,,39240.0,120.0,"1.        Substituir 01 pneu dianteiro;
2.     Fornecer e substituir 01 válvula (bico) de enchimento de pneu.",False,True,False,False,PREVENTIVA,ALBUQUERQUE,FINALIZADO NA NEO,MANUTENÇÃO-2024
2024-02-27,,174083.0,0.0,TROCA DO AMORTECEDOR DO CAPÔ,False,False,False,False,CORRETIVA,CSM/MOPB,CONCLUÍDO,MANUTENÇÃO-2024
2024-02-27,,207460.0,2821.0,"1.        Fornecer e substituir, retífica da caixa de direção, óleo de direlçao hidráulica, coxim superior lado direito e coxim inferior ;
2.        Fornecer e realizar alinhamento.",False,True,True,False,CORRETIVA,NAVARRO,FINALIZADO NA NEO,MANUTENÇÃO-2024
2024-02-23,,36184.0,28666.0,"Fornecer e executar, ALINHAMENTO, BALANCEAMENTO E (CAMBAGEM / SE NECESSÁRIO);",False,True,False,False,PREVENTIVA,BHB,FINALIZADO NA NEO,MANUTENÇÃO-2024
2024-02-23,,36184.0,0.0,INSPEÇÃO DE FREIOS (OBS.: PRÓXIMA INSPEÇÃO COM 42.000 KM),True,False,False,False,PREVENTIVA,BHB,CONCLUÍDO,MANUTENÇÃO-2024
2024-02-22,,163764.0,235.0,"Fornecer e executar, ALINHAMENTO, BALANCEAMENTO E (CAMBAGEM / SE NECESSÁRIO);",False,True,False,False,PREVENTIVA,BHB,FINALIZADO NA NEO,MANUTENÇÃO-2024
2024-02-22,,163800.0,,REGULAGEM DE FREIOS (OBS.: PRÓXIMA INSPEÇÃO AOS 167.000 KM),True,False,False,False,CORRETIVA,R9,CONCLUÍDO,MANUTENÇÃO-2024
2024-02-22,,163764.0,4.0,"Executar montagem de 02 pneus dianteiro. (OBS.: PNEUS ""MEIA VIDA"" FORNECIDOS PELA MOTOMEC)",False,True,False,False,CORRETIVA,BHB,FINALIZADO NA NEO,MANUTENÇÃO-2024
2024-02-21,,31069.0,320.0,"Fornecer e executar, ALINHAMENTO, BALANCEAMENTO E (CAMBAGEM / SE NECESSÁRIO);",False,True,False,False,PREVENTIVA,BHB,FINALIZADO NA NEO,MANUTENÇÃO-2024
2024-02-20,,209050.0,200.0,1. Fornecer e executar serviço de balanceamento na rodas dianteiras e alinhamento.,False,True,False,False,CORRETIVA,BHB,FINALIZADO NA NEO,MANUTENÇÃO-2024
2024-02-20,,161174.0,28666.0,"Fornecer e executar, ALINHAMENTO, BALANCEAMENTO E (CAMBAGEM / SE NECESSÁRIO);",False,True,False,False,PREVENTIVA,BHB,FINALIZADO NA NEO,MANUTENÇÃO-2024
2024-02-20,,7300.0,5886.0,"1.        Fornecer e substituir o óleo do motor conforme especificação do fabricante;
2.        Fornecer e substituir o filtro de óleo do motor conforme especificação do fabricante;
",False,False,True,False,PREVENTIVA,TOTAL MOTOS,FINALIZADO NA NEO,MANUTENÇÃO-2024
2024-02-19,,62319.0,3246.0,"1. Fornecer e substituir o óleo do motor conforme especificação do fabricante;
2. Fornecer e substituir o filtro de óleo do motor conforme especificação do fabricante.",False,False,True,False,PREVENTIVA,TOTAL MOTOS,FINALIZADO NA NEO,MANUTENÇÃO-2024
2024-02-19,,23281.0,136.0,"1. Fornecer e substituir o óleo do motor;
2. Fornecer e substituir o filtro tela de óleo do motor;
3. Fornecer e substituir o filtro de combustível;
4. Fornecer e substituir o filtro de ar do motor.
",False,False,True,False,PREVENTIVA,TOTAL MOTOS,FINALIZADO NA NEO,MANUTENÇÃO-2024
2024-02-17,,107306.0,9629.0,"1. Fornecer e substituir o óleo do motor;
2. Fornecer e substituir o filtro de óleo do motor;
3. Fornecer e substituir o filtro de combustível;
4. Fornecer e substituir o filtro de ar do motor.",False,False,True,False,PREVENTIVA,EVR,FINALIZADO NA NEO,MANUTENÇÃO-2024
2024-02-17,,208955.0,10373.0,"1. Fornecer e substituir o óleo do motor;
2. Fornecer e substituir o filtro de óleo do motor;
3. Fornecer e substituir o filtro de combustível;
4. Fornecer e substituir o filtro de ar do motor.",False,False,True,False,PREVENTIVA,EVR,FINALIZADO NA NEO,MANUTENÇÃO-2024
2024-02-15,,207460.0,316067.0,"1. Fornecer e substituir, quite de embreagem;
2. Realizar reparo de escapamento.",False,False,False,False,CORRETIVA,NAVARRO,FINALIZADO NA NEO,MANUTENÇÃO-2024
2024-02-15,,10283.0,70.0,VULCANIZAÇÃO PNEU TRASEIRO LE,False,True,False,False,CORRETIVA,BORRACHARIA ROTA DO SOL,CONCLUÍDO,MANUTENÇÃO-2024
2024-02-12,,135504.0,0.0,SUBSTITUÍÇÃO DA TAMPA DO RADIADOR,False,False,False,False,CORRETIVA,MOTOMEC,CONCLUÍDO,MANUTENÇÃO-2024
2024-02-12,,35470.0,0.0,SUBSTITUÍÇAO DA LÂMPADA DO FAROL,False,False,False,True,CORRETIVA,MOTOMEC,CONCLUÍDO,MANUTENÇÃO-2024
2024-02-08,,135364.0,0.0,"TROCA DE: ÓLEO DO MOTOR, FILTRO DE AR DO MOTOR, FILTRO DE COMBUSTIVEL",False,False,True,False,PREVENTIVA,PREF. GMA,CONCLUÍDO,MANUTENÇÃO-2024
2024-02-06,,6992.0,0.0,AVALIAÇÃO PERICIAL NO SISTEMA DE FREIOS,True,False,False,False,PERÍCIA,CSM/MOPB,CONCLUÍDO,MANUTENÇÃO-2024
2024-02-01,,49610.0,0.0,DIAGNÓSTICO QUANTO AO PROBLEMA NO SISTEMA DE TRANSMISSÃO E ENGATE / DESENGATE DA BOMBA DE INCÊNDIO. (OBS.: AGUARDAR ORIENTAÇÕES DO CSM PARA NOVA CONDUTA A SER TOMADA),False,False,False,False,CORRETIVA,CSM/MOPB,CONCLUÍDO,MANUTENÇÃO-2024
2024-01-31,,39200.0,934.0,"1. Fornecer e substituir pastilhas de freios dianteira conforme especificação do fabricante;
2. Fornecer e substituir 02 discos de freios dianteiro conforme especificação do fabricante;
4. Fornecer e substituir fluído de freio conforme especificação do fabricante.",True,False,False,False,PREVENTIVA,BHB,FINALIZADO NA NEO,MANUTENÇÃO-2024
2024-01-30,,138697.0,0.0,DIAGNÓSTICO QUANTO AO PROBLEMA DE FALTA DE POTÊNCIA DO MOTOR. (NECESSÁRIO REALIZAR REVISÃO NO SISTEMA DE ALIMENTAÇÃO: BOMBA DE ALTA E BICOS),False,False,False,False,CORRETIVA,BF DIESEL,CONCLUÍDO,MANUTENÇÃO-2024
2024-01-30,,49530.0,0.0,DIAGNÓSTICO QUANTO AO PROBLEMA NO SISTEMA DE TRANSMISSÃO E ENGATE / DESENGATE DA BOMBA DE INCÊNDIO. (OBS.: NADA CONSTATADO PELOS MECÂNICOS DO CSM),False,False,False,False,CORRETIVA,CSM/MOPB,CONCLUÍDO,MANUTENÇÃO-2024
2024-01-30,,105308.0,0.0,DIAGNÓSTICO QUANTO AO PROBLEMA NAS SAPATAS DO FREIO ESTACIONÁRIO. (OBS.: NADA CONSTATADO PELO MECÂNICO DO CSM - CB PM KAZUO),True,False,False,False,CORRETIVA,CSM/MOPB,CONCLUÍDO,MANUTENÇÃO-2024
2024-01-26,,299568.0,795.0,Fornecer e substituir bateria automotiva marca MOURA de 60 Ah/12V.,False,False,False,True,CORRETIVA,BHB,FINALIZADO NA NEO,MANUTENÇÃO-2024
2024-01-25,,39167.0,0.0,REVISÃO PERIÓDICA CONTEMPLANDO OS SEGUINTES SERVIÇOS: TROCA DO FILTRO DE ÓLEO DO MOTOR; TROCA DO FILTRO DE COMBUSTÍVEL; TROCA DO FILTRO DE AR DO MOTOR; TROCA DO FLUIDO DE FREIO (DOT 4); TROCA DO ÓLEO DO MOTOR (0W20); TROCA DAS VELAS DE IGNIÇÃO.,True,False,True,False,PREVENTIVA,DESTAQUE FIAT MOGI,CONCLUÍDO,MANUTENÇÃO-2024
2024-01-25,,9711.0,0.0,REVISÃO PERIÓDICA CONTEMPLANDO OS SEGUINTES SERVIÇOS: TROCA DO FILTRO DE ÓLEO DO MOTOR; TROCA DO ÓLEO DO MOTOR (0W20).,False,False,True,False,PREVENTIVA,DESTAQUE FIAT MOGI,CONCLUÍDO,MANUTENÇÃO-2024
2024-01-24,,49498.0,273601.0,"1.        Fornecer e substituir o óleo do motor conforme especificação do fabricante;
2.        Fornecer e substituir o filtro de óleo do motor;
3.        Fornecer e substituir o filtro de combustível;
4.        Fornecer e substituir o filtro de ar do motor;
5.        Fornecer e substituir o filtro de ar da cabine (ar condicionado);
",False,False,True,False,PREVENTIVA,BF DIESEL,FINALIZADO NA NEO,MANUTENÇÃO-2024
2024-01-24,,49498.0,590.0,TROCA DAS MANGUEIRAS DE BASCULAMENTO DA CABINE,False,False,False,False,CORRETIVA,BF DIESEL,FINALIZADO NA NEO,MANUTENÇÃO-2024
2024-01-19,,36295.0,80938.0,"1.        Fornecer e substituir platô de embreagem conforme especificação do fabricante;
2.        Fornecer e substituir disco de embreagem conforme especificação do fabricante;
3.        Fornecer e substituir volante de embreagem conforme especificação do fabricante;
4.        Fornecer e substituir rolamento de embreagem conforme especificação do fabricante.
5.     Fornecer guincho para retirar a viatura.",True,False,False,False,CORRETIVA,CURIÓ,FINALIZADO NA NEO,MANUTENÇÃO-2024
2024-01-19,,161490.0,1725.0,"1.    Fornecer e substituir, REPAROS, NO SISTEMA DE ACIONAMENTO DO BOTÃO DO AFOGADOR (NÃO ESTÁ FUNCIONANDO);
2.    Fornecer e substituir, REPAROS, VAZAMENTO DE ÁGUA NO SISTEMA DE ARREFECIMENTO;
3.    Fornecer e substituir, TROCA DO CONJUNTO DE: CABO DE AÇO, CONDUÍTE E BOTÃO DO ACELERADOR DO GERADOR.",False,False,False,False,CORRETIVA,BF DIESEL,FINALIZADO NA NEO,MANUTENÇÃO-2024
2024-01-19,,105224.0,0.0,TROCA DE: PAR DE KIT DE AMORTECEDORES DIANTEIROS; PAR DE AMORTECEDORES DIANTEIROS; PAR DE AMORTECEDORES TRASEIROS; JOGO DE PASTILHAS DE FREIO DIANTEIRO; JOGO DE PASTILHAS DE FREIO TRASEIRO; FLUIDO DE FREIO COM SANGRIA COMPLETA; REGULAGEM DAS SAPATAS DE FREIO; FILTRO DE AR DO MOTOR; FILTRO DE AR CONDICIONADO. (OBS.: PRÓXIMA INSPEÇÃO DE FREIO AOS 107000 KM),True,False,True,False,CORRETIVA,CSM/MOPB,CONCLUÍDO,MANUTENÇÃO-2024
2024-01-17,,134400.0,,ALINHAMENTO DE DIREÇÃO E BALANCEAMENTO DAS RODAS DIANTEIRAS,False,True,False,False,PREVENTIVA,DUTRA MOLAS,CONCLUÍDO,MANUTENÇÃO-2024
2024-01-17,,103734.0,580.0,"1. Fornecer e substituir, (verificar barulho no alternador e correia);
2. Fornecer e substituir, correia do alternador.",False,False,False,True,CORRETIVA,BF DIESEL,FINALIZADO NA NEO,MANUTENÇÃO-2024
2024-01-16,,8763.0,154667.0,Fornecer e substituir 14 litros de óleo de câmbio 75W90.,False,False,True,False,PREVENTIVA,BF DIESEL,FINALIZADO NA NEO,MANUTENÇÃO-2024
2024-01-16,,134300.0,,MONTAGEM DOS PNEUS DIANTEIROS (OBS.: PNEUS FORNECIDOS PELO CSM/MOPB),False,True,False,False,CORRETIVA,MAGRÃO BORRACHARIA,CONCLUÍDO,MANUTENÇÃO-2024
2024-01-12,,138355.0,14270.0,"1.        Fornecer e substituir kit de embreagem (platô e disco) conforme especificação do fabricante;
2.        Fornecer e substituir atuador de embreagem do cambio conforme especificação do fabricante;
3.        Fornecer e substituir retentor do volante de motor conforme especificação do fabricante;
4.        Retificar volante de motor;
5.     Fornecer e substituir fluído DOT4.
6.     Obs: Contemplar ""Guincho"" para transporte da viatura até a oficina, pois ela encontra-se na Rua Olegário Paiva, 33, Centro, Mogi das Cruzes- SP (Corpo de Bombeiros).",True,False,False,False,CORRETIVA,INJETRONIC,FINALIZADO NA NEO,MANUTENÇÃO-2024
2024-01-11,,70449.0,3246.0,"1.        Fornecer e substituir o óleo do motor conforme especificação do fabricante;
2.        Fornecer e substituir o filtro de óleo do motor conforme especificação do fabricante.",False,False,True,False,PREVENTIVA,TOTAL MOTOS,FINALIZADO NA NEO,MANUTENÇÃO-2024
2024-01-03,,28459.0,0.0,REPARO NO SISTEMA DE TRANSMISSÃO E ENGATE DA BOMBA DE INCÊNDIO - EIXO DE ENGRENAGEM DOS MANCAIS DA BBA (OBS.: GARANTIA),False,False,False,False,CORRETIVA,DIBRACAM,CONCLUÍDO,MANUTENÇÃO-2024
2024-01-03,,28459.0,0.0,REVISÃO PERIÓDICA CONTEMPLANDO OS SEGUINTES SERVIÇOS: TROCA DE ÓLEO DO MOTOR E FILTRO DE ÓLEO DO MOTOR. OBS.: HORÍMETRO INOPERANTE NÃO TROCADO PELA DIBRACAM),False,False,True,False,PREVENTIVA,DIBRACAM,CONCLUÍDO,MANUTENÇÃO-2024
2023-12-28,AC-17001,30738.0,0.0,TROCA DAS PASTILHAS E DISCOS DE FREIO. (OBS.: PRÓXIMA INSPEÇÃO AOS 34.000 KM),True,False,False,False,PREVENTIVA,CSM/MOpB,CONCLUÍDO,MANUTENÇÃO-2023
2023-12-28,AC-17001,,,TROCA DAS PASTILHAS E DISCOS DE FREIO. (OBS.: PRÓXIMA INSPEÇÃO AOS 34.000 KM),True,False,False,False,,,,veiculos_manutencao_freio
2023-12-28,UR-17101,25923.0,0.0,SANGRIA DO SISTEMA DE FREIOS (DIANT. E TRAS.),True,False,False,False,CORRETIVA,CSM/MOpB,CONCLUÍDO,MANUTENÇÃO-2023
2023-12-28,UR-17101,,,SANGRIA DO SISTEMA DE FREIOS (DIANT. E TRAS.),True,False,False,False,,,,veiculos_manutencao_freio
2023-12-28,,28459.0,0.0,INSPEÇÃO PARA DIAGNÓSTICO NO SISTEMA DE TRANSMISSÃO E ENGATE DA BOMBA DE INCÊNDIO,False,False,False,False,CORRETIVA,CSM/MOPB,CONCLUÍDO,MANUTENÇÃO-2024
2023-12-22,UR-17101,25277.0,0.0,"SUBSTIUÍÇÃO DE DISCO E PASTILHA DIANTEIRA (KM 25149, PRÓXIMA INPEÇÃO COM 30.000)",True,False,False,False,PREVENTIVA,CSM/MOpB,CONCLUÍDO,MANUTENÇÃO-2023
2023-12-22,UR-17101,,,"SUBSTIUÍÇÃO DE DISCO E PASTILHA DIANTEIRA (KM 25149, PRÓXIMA INPEÇÃO COM 30.000)",True,False,False,False,,,,veiculos_manutencao_freio
2023-12-19,CA-17001,,970.0,"1. Fornecer e substituir jogo de chave de seta, conectores e chicote, conforme especificação do fabricante.",False,False,False,True,CORRETIVA,BF DIESEL,FINALIZADO NA NEO,MANUTENÇÃO-2023
2023-12-18,ABS-17106,28002.0,0.0,REVISÃO PERIÓDICA COM OS SEGUINTES SERVIÇOS: ??????????????),False,False,False,False,PREVENTIVA,DIBRACAM,CONCLUÍDO,MANUTENÇÃO-2023
2023-12-14,VO-17103,,0.0,RESET NO SISTEMA DE INFORMAÇÕES DA VTR,False,False,False,False,CORRETIVA,FIAT DESTAQUE MOGI,CONCLUÍDO,MANUTENÇÃO-2023
2023-12-11,ABS-17102,,611367.0,"1.     Fornecer e substituir 02 espigão 12x4 c. baixa 8.8;
2.     Fornecer e substituir 02 porca 12mm sextavada simples MB;
3.     Fornecer e substituir 08 parafuso sextavado 3/8x4"" unc g.5;
4      Fornecer e substituir 08 tubo espaçador p/abraç mola 82mm 
5      Fornecer e substituir 08 porca de 38"" sextavado torque unc;
6      Fornecer e substituir 04 buchas de mola dianteiro vw/ford 8Ton;
7      Fornecer e substituir 01 barra de direção curta ford cargo 815E;
8      Fornecer e substituir 01 barra de direção longa ford cargo 815E;
9      Fornecer e substituir 04 grampos 9/16 x82 x180 D;
10    Fornecer e substituir 08 porcas 9/16 sextavada dupla unf;
11    Fornecer e substituir 02 espigão 14/8 meia lua;
12    Fornecer e substituir 02 porcas 14mm sextavado simples MB;
13    Fornecer e substituir 04 parafusos sextavado 3/8 x4"" UNC G.5;
14    Fornecer e substituir 04 tubos espaçadores para abraç mola 82mm;
15    Fornecer e substituir 04 porca 3/8"" sextavado torque UNC;
16    Fornecer e substituir 06 bucha mola traseira VW 8120/delivery 8150;
17    Fornecer e substituir 01 5ª mola traseira vw/ford 8 Ton;
18    Fornecer e substituir 04 grampos 5/8 x82 x 380D;
19    Fornecer e substituir 08 porca 5/8 sextavado dupla unf.",False,False,False,False,CORRETIVA,BF DIESEL,FINALIZADO NA NEO,MANUTENÇÃO-2023
2023-12-08,MOB-17102,,234956.0,"1.        Fornecer e substituir pneu dianteiro nas dimensões 100/90 - 19, marca PIRELLI;
2.        Fornecer e substituir conjunto de relação, coroa, pinhão e corrente.
",False,True,False,False,PREVENTIVA,TOTAL MOTOS,FINALIZADO NA NEO,MANUTENÇÃO-2023
2023-11-27,AB-17201,,5064.0,"1.Fornecer e substituir hidráulico para  bascular cabine, MARCA  HIDROVAL, conforme especificação do fabricante:
  1.1 Capacidade: 2 toneladas;
   1.2 Curso hidráulico fechado: 400mm;
  1.3 comprimento fechado entre furos: 520mm;
  1.4 comprimento total: 560mm
  1.5 comprimento aberto entre os furos: 930mm
 1.6 peso: 9,5kg
  1.7 mangueira: com 2 tramas de aço de 1/4"" X 1.500
  1.8 volume máximo de óleo: 0,75 litros.",False,False,True,False,,SOMCAR,FINALIZADO NA NEO,MANUTENÇÃO-2023
2023-11-27,CA-17001,252462.0,317947.0,"1. Fornecer e substituir farol L/D e L/E e lâmpada;
 2. Fornecer e substituir lanterna traseira L/D e L/E com LED;
 3. Fornecer e substituir luz indicadora de direção dianteira (seta) L/D e L/E com lâmpada;
 4. Fornecer e substituir farol de milha L/D e L/E com LED;
 5 Fornecer e substituir palhetas do limpador de para-brisa;
 6. Fornecer e substituir espelho retrovisor L/D e L/E.",False,False,False,True,,SOMCAR,FINALIZADO NA NEO,MANUTENÇÃO-2023
2023-11-27,MOB-17104,,250663.0,"1.        Fornecer, substituir e executar reparo e limpeza no sistema de arrefecimento, pois apresenta aquecimento excessivo acionando o alivio de pressão;
2.        Fornecer e substituir buzina conforme especificação do fabricante.
",False,False,False,False,CORRETIVA,RAVI MOTOS,FINALIZADO NA NEO,MANUTENÇÃO-2023
2023-11-21,TP-17001,297000.0,51759.0,"1.        Fornecer e substituir o óleo do motor conforme especificação do fabricante;
2.        Fornecer e substituir o filtro de óleo do motor conforme especificação do fabricante;
3.        Fornecer e substituir o filtro de combustível conforme especificação do fabricante;
4.        Fornecer e substituir o filtro de ar do motor conforme especificação do fabricante;
5.        Fornecer e substituir o filtro de ar da cabine (ar condicionado) conforme especificação do fabricante.",False,False,True,False,PREVENTIVA,BF DIESEL,FINALIZADO NA NEO,MANUTENÇÃO-2023
2023-11-16,AC-17001,27243.0,143226.0,"1.        Fornecer e substituir óleo de motor conforme especificação do fabricante;
2.        Fornecer e substituir filtro de óleo de motor conforme especificação do fabricante;
3.        Fornecer e substituir filtro de combustível conforme especificação do fabricante;
4.        Fornecer e substituir filtro de ar conforme especificação do fabricante;
5.        Fornecer e substituir filtro do habitáculo especificação do fabricante.",False,False,True,False,,CURIÓ,FINALIZADO NA NEO,MANUTENÇÃO-2023
2023-11-14,VO-17103,99523.0,0.0,DIAGNÓSTICO QUANTO A MULTI PANES,False,False,False,False,,FIAT DESTAQUE MOGI,CONCLUÍDO,MANUTENÇÃO-2023
2023-11-10,MOB-17105,52895.0,0.0,"Fornecer e substituir manutenção no sistema de ignição, pois ao desligar o veiculo apresenta dificuldades ao acionar a partida.",False,False,False,False,,RAVI MOTOS,CANCELADO NA NEO,MANUTENÇÃO-2023
2023-10-27,ABS-17202,94130.0,413588.0,"1. Fornecer e substituir o reparo da barra curta;
 2. Fornecer e substituir o reparo da barra longa;
 3. Fornecer e substituir o reparo das mangas de eixo dianteiras, LD e LE;
 4. Alinhamento e balanceamento de direção.",False,True,False,False,,DOM AUTO CENTER,FINALIZADA NA NEO,MANUTENÇÃO-2023
2023-10-26,VO-17103,,,DIAGNÓSTICO DE DEFEITO ELÉTRICO,False,False,False,False,,JUCAR AUTO ELÉTRICA,NÃO HOUVE O.S.,MANUTENÇÃO-2023
2023-10-25,ABS-17102,159865.0,920.0,TROCA DE LONAS DE FREIO DIANTEIRA E TRASEIRA MOLAS DO PATIM (PRÓXIMA INSPEÇÃO DE FREIO 166000),True,False,False,False,,RE9,NÃO HOUVE O.S.,MANUTENÇÃO-2023
2023-10-25,ABS-17102,,,TROCA DE LONAS DE FREIO DIANTEIRA E TRASEIRA MOLAS DO PATIM (PRÓXIMA INSPEÇÃO DE FREIO 166000),True,False,False,False,,,,veiculos_manutencao_freio
2023-10-25,AC-17001,,2200.0,"TROCA DE 02 PNEUS DIANTEIRO, BALANCEAMENTO E RODÍZIO DOS PANEUS TRASERO",False,True,False,False,,DPASHOAL,NÃO HOUVE O.S.,MANUTENÇÃO-2023
2023-10-25,DIVERSOS,,140.34,COMPRA DE LÂMPADAS,False,False,False,True,,NOGUTI CAMINHÕES,NÃO HOUVE O.S.,MANUTENÇÃO-2023
2023-10-25,MO-17001,,0.0,TROCA DE LÂMPADA DE FAROL,False,False,False,True,,MOTOMEC,NÃO HOUVE O.S.,MANUTENÇÃO-2023
2023-10-25,UT-17003,,0.0,TROCA DA LÂMPADA DE FAROL E LANTERNA,False,False,False,True,,MOTOMEC,NÃO HOUVE O.S.,MANUTENÇÃO-2023
2023-10-25,VO-17003,,0.0,TROCA DA LÂMPADA DE FAROL E LANTERNA,False,False,False,True,,MOTOMEC,NÃO HOUVE O.S.,MANUTENÇÃO-2023
2023-10-19,AC-17001,24554.0,0.0,TROCA DE PASTILHA DE FREIO DIANTEIRO E RETÍFICA DE DISCO (PRÓXIMA INSPEÇÃO 26554),True,False,False,False,,IKEDA,NÃO HOUVE O.S.,MANUTENÇÃO-2023
2023-10-19,AC-17001,,,TROCA DE PASTILHA DE FREIO DIANTEIRO E RETÍFICA DE DISCO (PRÓXIMA INSPEÇÃO 26554),True,False,False,False,,,,veiculos_manutencao_freio
2023-10-18,AC-17002,159186.0,0.0,REGULAGEM DE FREIO ESTACIONÁRIO E INSPEÇÃO DE FREIO (PRÓXIMA INSPEÇÃO 161.000),True,False,False,False,,IKEDA,NÃO HOUVE O.S.,MANUTENÇÃO-2023
2023-10-18,AC-17002,,,REGULAGEM DE FREIO ESTACIONÁRIO E INSPEÇÃO DE FREIO (PRÓXIMA INSPEÇÃO 161.000),True,False,False,False,,,,veiculos_manutencao_freio
2023-10-18,TP-17000,171252.0,355.0,TROCA DE ÓLEO E FILTROS (PRÓXIMA TROCA 181000) INSPEÇÃO DE FREIO (PRÓXIMA INSPEÇÃO 181000),True,False,True,False,PREVENTIVA,IKEDA,NÃO HOUVE O.S.,MANUTENÇÃO-2023
2023-10-18,TP-17000,,,TROCA DE ÓLEO E FILTROS (PRÓXIMA TROCA 181000) INSPEÇÃO DE FREIO (PRÓXIMA INSPEÇÃO 181000),True,False,True,False,,,,veiculos_manutencao_freio
2023-10-05,ABS-17103,137110.0,220.0,REPARO NO VELOCIMENTRO,False,False,False,False,,BAIANO VELOCIMETRO,NÃO HOUVE O.S.,MANUTENÇÃO-2023
2023-09-29,AB-17102,,0.0,ESCANEAMENTO E REPARO DOS SENSORES DO AIR BAG E CINTO DE SEGURANÇA,False,False,False,False,,CSM/MOpB,NÃO HOUVE O.S.,MANUTENÇÃO-2023
2023-09-29,ASE-17101,,441.0,1. Fornecer e executar lavagem de equipamento complementar do veículo (MUNCK HIDRÚLICO).,False,False,False,False,,BF DIESEL,FINALIZADA NA NEO,MANUTENÇÃO-2023
2023-09-29,TP-17004,263500.0,660.0,REPARO ELÉTRICO,False,False,False,False,CORRETIVA,REI DAS BATERIAS,NÃO HOUVE O.S.,MANUTENÇÃO-2023
2023-09-29,VO-17003,264623.0,2735.0,"TROCA DO KIT EMBREAGEM, ATUADOR DO PEDAL, ATUADOR DO CÂMBIO, RETÍFICA DO VOLANTE E TROCA DO FLUÍDO HIDRÁULICO",False,False,False,False,PREVENTIVA,MM,NÃO HOUVE O.S.,MANUTENÇÃO-2023
2023-09-22,ABS-17202,94130.0,2100.0,"1. Fornecer e substituir 02 (duas) cuícas traseira, conforme especificação do fabricante;
 2. Fornecer e substituir 01 (uma) catraca de freio traseiro lado esquerdo.",True,False,False,False,,INJETRONIC,FINALIZADA NA NEO,MANUTENÇÃO-2023
2023-09-22,ABS-17202,,,"1. Fornecer e substituir 02 (duas) cuícas traseira, conforme especificação do fabricante;
 2. Fornecer e substituir 01 (uma) catraca de freio traseiro lado esquerdo.",True,False,False,False,,,,veiculos_manutencao_freio
2023-09-22,MO-17001,157005.0,750.0,TROCA DE BATERIA MOURA 95 AH (G-C1-0280) GARANTIA ATÉ 22/12/24,False,False,False,True,,MOGI BATERIA,NÃO HOUVE O.S.,MANUTENÇÃO-2023
2023-09-22,UR-17102,,220.0,MANUTENÇÃO NA FECHADURA DA PORTA DO LADO E/ DE EQUIPAMENTOS,False,False,False,False,CORRETIVA,ANTONINHO FUNILARIA,NÃO HOUVE O.S.,MANUTENÇÃO-2023
2023-09-20,TP-17000,,670.0,"REPARO EM SUSPENSÃO, FREIO E RODÍZIO DE PNEUS",True,True,False,False,CORRETIVA,TADACHI,NÃO HOUVE O.S.,MANUTENÇÃO-2023
2023-09-20,TP-17000,,,"REPARO EM SUSPENSÃO, FREIO E RODÍZIO DE PNEUS",True,True,False,False,,,,veiculos_manutencao_freio
2023-09-18,ASE-17101,,2540.0,"1. Fornecer e substituir troca dos reparos conforme especificação do fabricante;
 2. Fornecer e substituir gaxetas e anéis conforme especificação do fabricante;
 3. Fornecer e executar reaperto das conexões conforme especificação do fabricante;
 4. Fornecer e substituir troca da alavanca do comando conforme especificação do fabricante.",False,False,False,False,,BF DIESEL,FINALIZADA NA NEO,MANUTENÇÃO-2023
2023-09-15,ASE-17101,157870.0,379.0,COMPRA DE ÓLEO 15W40 20 LITROS,False,False,True,False,,REI DO ÓLEO,NÃO HOUVE O.S.,MANUTENÇÃO-2023
2023-09-15,ASE-17101,157870.0,,COMPLEMENTAÇÃO DE 08 LITROS DE ÓLEO 15W40,False,False,True,False,,MOTOMEC,NÃO HOUVE O.S.,MANUTENÇÃO-2023
2023-09-14,AC-17001,21967.0,2062.0,"TROCA DE DISCO DE FREIO DIANTEIRO, PASTILHAS, JOGO DE SAPATA TRASEIRO E RETÍFICA DOS TAMBORES (PRÓXIMA INSPEÇÃO 24000)",True,False,False,False,,IKEDA,NÃO HOUVE O.S.,MANUTENÇÃO-2023
2023-09-14,AC-17001,,,"TROCA DE DISCO DE FREIO DIANTEIRO, PASTILHAS, JOGO DE SAPATA TRASEIRO E RETÍFICA DOS TAMBORES (PRÓXIMA INSPEÇÃO 24000)",True,False,False,False,,,,veiculos_manutencao_freio
2023-09-13,AC-17001,21967.0,,"REVISÃO DOS 20.00, TROCA DE ÓLEO",False,False,True,False,,ECONORTE,NÃO HOUVE O.S.,MANUTENÇÃO-2023
2023-09-12,ABS-17103,137060.0,2243.0,REPARO ELÉTRICO => COMPRA DA CENTRAL ELETRÔNICA (PLACA DE FUSÍVEIS COM TRILHAS ROMPIDAS),False,False,False,False,,COFIPE IVECO,NÃO HOUVE O.S.,MANUTENÇÃO-2023
2023-09-06,VO-17103,93756.0,363.0,"TROCA DE: ÓLEO DO MOTOR, FILTRO DE ÓLEO DO MOTOR, FILTRO DE COMBUSTÍVEL, FILTRO DE AR DO MOTOR, E FILTRO DO AR CONDICIONADO.",False,False,True,False,PREVENTIVA,IKEDA,NÃO HOUVE O.S.,MANUTENÇÃO-2023
2023-09-06,VO-17103,93756.0,,INSPEÇÃO DE FREIO DIANTEIRO (PRÓXIMA INSPEÇÃO AOS 96.000 KM),True,False,False,False,PREVENTIVA,IKEDA,NÃO HOUVE O.S.,MANUTENÇÃO-2023
2023-09-06,VO-17103,,,INSPEÇÃO DE FREIO DIANTEIRO (PRÓXIMA INSPEÇÃO AOS 96.000 KM),True,False,False,False,,,,veiculos_manutencao_freio
2023-09-05,ABS-17102,,,INSTALADO LIMITADORES NAS ALAVANCAS BOMBA/TANQUE E TANQUE/BOMBA,False,False,False,False,,MOTOMEC,NÃO HOUVE O.S.,MANUTENÇÃO-2023
2023-09-05,ASE-17101,,80.0,LAVAGEM DO MUNK,False,False,False,False,,LAVA RÁPIDO ALOÍSIO,NÃO HOUVE O.S.,MANUTENÇÃO-2023
2023-08-29,AB-17102,,5546.0,"TROCA DE: MANGA DE EIXO COMPLETA, BRAÇO TENSOR, BUCHA TENSOR",False,False,False,False,,DUTRA MOLAS,NÃO HOUVE O.S.,MANUTENÇÃO-2023
2023-08-29,ABS-17101,,130.0,REPARO EM 4 PNEUS,False,True,False,False,,RE9,NÃO HOUVE O.S.,MANUTENÇÃO-2023
2023-08-29,ABS-17103,137060.0,,M.O. PARA TROCA DA CENTRAL ELETRÔNICA (PLACA DE FUSÍVEIS COM TRILHAS ROMPIDAS) (OBS.: REPARO REALIZADO NO PB SHANGAI),False,False,False,False,,REI DAS BATERIAS,NÃO HOUVE O.S.,MANUTENÇÃO-2023
2023-08-29,ABS-17202,93549.0,4586.93,"1. Fornecer e substituir retentor do cambio conforme especificação do fabricante;
 2. Fornecer e substituir junta do câmbio conforme especificação do fabricante;
 3. Fornecer e substituir filtro de óleo conforme especificação do fabricante;
 4. Fornecer e substituir retentor traseiro do motor conforme especificação do fabricante;
 5. Fornecer e substituir filtro de combustível conforme especificação do fabricante;
 6. Fornecer e substituir filtro de ar conforme especificação do fabricante;
 7. Fornecer e substituir filtro do habitáculo especificação do fabricante;
 8. Fornecer e substituir óleo cambio conforme especificação do fabricante;
 9. Fornecer e substituir óleo motor conforme especificação do fabricante.",False,False,True,False,,DOM AUTO CENTER,FINALIZADA NA NEO,MANUTENÇÃO-2023
2023-08-29,ASE-17101,157840.0,1875.0,"REPARO NO MOTOR DE ARRANQUE (TROCA DE: ESCOVAS, AUTOMÁTICO, RELÊ DE PARTIDA E INDUZIDO)",False,False,False,False,,REI DAS BATERIAS,NÃO HOUVE O.S.,MANUTENÇÃO-2023
2023-08-28,UR-17211,31632.0,710.0,"1. Fornecer e substituir pastilhas de freio dianteiro conforme especificação do fabricante;
 2. Fornecer e substituir pastilhas de freio traseiro conforme especificação do fabricante.",True,False,False,False,,BF DIESEL,FINALIZADA NA NEO,MANUTENÇÃO-2023
2023-08-28,UR-17211,,,"1. Fornecer e substituir pastilhas de freio dianteiro conforme especificação do fabricante;
 2. Fornecer e substituir pastilhas de freio traseiro conforme especificação do fabricante.",True,False,False,False,,,,veiculos_manutencao_freio
2023-08-28,VO-17008,205921.0,30.0,CONSERTO EM PNEU (PNEU TRASEIRO ESQUERDO FURADO),False,True,False,False,CORRETIVA,RE9 DIESEL,NÃO HOUVE O.S.,MANUTENÇÃO-2023
2023-08-21,CM-17102,43734.0,,RETIRADA DE 02 BATERIAS DE 150Ah,False,False,False,True,,CSM/MOpB,NÃO HOUVE O.S.,MANUTENÇÃO-2023
2023-08-21,CM-17102,43734.0,,INSTALAÇÃO DE 02 BATERIAS DE 150Ah,False,False,False,True,,MOTOMEC,NÃO HOUVE O.S.,MANUTENÇÃO-2023
2023-08-16,AC-17002,157514.0,1550.0,"1. Fornecer e executar pintura no para-choque dianteiro;
 2. Fornecer e executar polimento na lataria.",False,False,False,False,,BF DIESEL,FINALIZADA NA NEO,MANUTENÇÃO-2023
2023-08-14,MO-17001,156674.0,395.0,"1. Fornecer e executar limpeza do sistema de arrefecimento;
 2. Fornecer e substituir fluído de arrefecimento conforme especificação do fabricante.",False,False,False,False,,INJETRONIC,FINALIZADA NA NEO,MANUTENÇÃO-2023
2023-08-14,UT-17003,104942.0,1775.0,"1. Fornecer e executar reparo na caixa de ar do lado esquerdo (ponto de ferrugem);
 2. Fornecer e executar polimento geral na lataria.",False,False,False,False,CORRETIVA,INJETRONIC,FINALIZADA NA NEO,MANUTENÇÃO-2023
2023-08-11,ABS-17102,158120.0,,TROCA DA BUCHA E PARAFUSO DA BIELETA DIANTEIRA LD,False,False,False,False,,BF DIESEL,NÃO HOUVE O.S.,MANUTENÇÃO-2023
2023-08-11,VO-17103,88551.0,220.0,MONTAGEM E BALANCEAMENTO DOS 04 PNEUS E ESTÉPE; TROCA DAS 04 VÁLVULAS DE PNEU; 01 ALINHAMENTO DE DIREÇÃO (OBS.: PNEUS FORNECIDOS PELA MOTOMEC),False,True,False,False,PREVENTIVA,IKEDA,NÃO HOUVE O.S.,MANUTENÇÃO-2023
2023-08-10,AS-17101,284705.0,1360.0,TROCA DO CILINDRO DE EMBREAGEM (OBS.: SERVIÇO REALIZADO NA OFICINA SEBINHO),False,False,False,False,,BF DIESEL,NÃO HOUVE O.S.,MANUTENÇÃO-2023
2023-08-10,AS-17101,284705.0,,REVISÃO NO SISTEMA DA EMBREAGEM (OBS.: GARANTIA REFERENTE A TROCA DO CILINDRO DE EMBREAGEM - SERVIÇO REALIZADO NA OFICINA SEBINHO),False,False,False,False,,BF DIESEL,NÃO HOUVE O.S.,MANUTENÇÃO-2023
2023-08-10,UR-17213,21647.0,7500.0,"1. Fornecer e substituir platô de embreagem conforme especificação do fabricante;
 2. Fornecer e substituir disco de embreagem conforme especificação do fabricante;
 3. Fornecer e substituir volante de embreagem conforme especificação do fabricante;
 4. Fornecer e substituir rolamento de embreagem conforme especificação do fabricante.",True,False,False,False,PREVENTIVA,BF DIESEL,FINALIZADA NA NEO,MANUTENÇÃO-2023
2023-08-10,UR-17213,,,"1. Fornecer e substituir platô de embreagem conforme especificação do fabricante;
 2. Fornecer e substituir disco de embreagem conforme especificação do fabricante;
 3. Fornecer e substituir volante de embreagem conforme especificação do fabricante;
 4. Fornecer e substituir rolamento de embreagem conforme especificação do fabricante.",True,False,False,False,,,,veiculos_manutencao_freio
2023-08-10,VO-17003,264370.0,2596.0,"1. Fornecer mão de obra mecânica para serviços no sistema de direção da viatura, alinhamento e balanceamento nas rodas;
 2. Fornecer e Substituir 01 braço Pitman dir. chevrolet S10;
 3. Fornecer e Substituir braço auxiliar S10;
 4. Fornecer e Substituir 02 buchas de bandejas inferiores dianteiras S10 /2 axios;
 5. Fornecer e Substituir 02 buchas de bandejas inferiores traseiras S10 /20 axios;
 6. Fornecer e Substituir 02 bieletas estabilizadora dianteira S10;
 7. Fornecer e Substituir 01 terminal dir. rosca esquerda S10;
 8. Fornecer e Substituir óleo do diferencial.",False,True,True,False,PREVENTIVA,BF DIESEL,FINALIZADA NA NEO,MANUTENÇÃO-2023
2023-08-09,UT-17003,104783.0,910.0,"1. Fornecer e substituir reservatório do fluído do sistema de arrefecimento;
 2. Fornecer e substituir fluído de arrefecimento conforme especificação do fabricante;
 3. Fornecer e executar limpeza do sistema de arrefecimento;",False,False,False,False,CORRETIVA,BF DIESEL,FINALIZADA NA NEO,MANUTENÇÃO-2023
2023-08-07,CM-17102,43203.0,,TROCA DO GRAMPO DE MOLA LD (OBS.: GARANTIA),False,False,False,False,,MOLAS TIETÊ,NÃO HOUVE O.S.,MANUTENÇÃO-2023
2023-08-04,MOB-17102,70160.0,263.9,"1. Fornecer e substituir o óleo do motor conforme especificação do fabricante;
 2. Fornecer e substituir o filtro de óleo do motor conforme especificação do fabricante.",False,False,True,False,,TOTAL MOTOS,FINALIZADA NA NEO,MANUTENÇÃO-2023
2023-08-02,MOB-17206,2897.0,30.0,ADESIVAGEM (TROCA DE PREFIXO),False,False,False,False,,SKILL COMUNICAÇÃO VISUAL,NÃO HOUVE O.S.,MANUTENÇÃO-2023
2023-08-02,MOB-17207,2895.0,30.0,ADESIVAGEM (TROCA DE PREFIXO),False,False,False,False,,SKILL COMUNICAÇÃO VISUAL,NÃO HOUVE O.S.,MANUTENÇÃO-2023
2023-08-02,UR-17102,1642.0,135.0,ADESIVAGEM (TROCA DE PREFIXO),False,False,False,False,CORRETIVA,SKILL COMUNICAÇÃO VISUAL,NÃO HOUVE O.S.,MANUTENÇÃO-2023
2023-07-31,AB-17102,126378.0,50.58,COMPRA DE 02 TAMPAS PARA O RADIADOR,False,False,False,False,,NOGUTI CAMINHÃO,NÃO HOUVE O.S.,MANUTENÇÃO-2023
2023-07-31,AB-17102,126378.0,,TROCA DA TAMPA DO RADIADOR,False,False,False,False,,MOTOMEC,NÃO HOUVE O.S.,MANUTENÇÃO-2023
2023-07-31,TP-17001,291761.0,614.0,"TROCA DE: SENSOR DE TEMPERATURA, CONECTOR DO SENSOR DE TEMPERATURA, CHICOTE DO SENSOR DE TEMPERATURA, TAMPA DO RESERVATÓRIO, ADITIVO.",False,False,False,True,CORRETIVA,REI DAS BATERIAS,NÃO HOUVE O.S.,MANUTENÇÃO-2023
2023-07-31,UR-17101,11656.0,,RECONFIGURAÇÃO DO RÁDIO COMUNICADOR,False,False,False,False,,CSM/MOpB,NÃO HOUVE O.S.,MANUTENÇÃO-2023
2023-07-26,CM-17102,43195.0,,TROCA DO CALÇO DO GRAMPO DE MOLA LD (OBS.: GARANTIA),False,False,False,False,,MOLAS TIETÊ,NÃO HOUVE O.S.,MANUTENÇÃO-2023
2023-07-26,VO-17008,205285.0,,Troca do cabo do puxador da abertura do capô (garantia).,False,False,False,False,CORRETIVA,4 TEMPOS (DANIEL - ITAQUÁ),NÃO HOUVE O.S.,MANUTENÇÃO-2023
2023-07-24,ABS-17103,136492.0,759.0,"REPARO NAS MOLAS TRASEIRAS D/E COM TROCA DE: ESPIGÃO 1/2x10, PORCA 1/X SEXTAVADA, GRAMPO 7/8, PORCA 7/8 SEXTAVADA, GRAMPO CÔNICO.",False,False,False,False,,MOLAS TIETÊ,NÃO HOUVE O.S.,MANUTENÇÃO-2023
2023-07-24,CM-17102,43186.0,4347.2,"REPARO NAS MOLAS TRASEIRA D/E E SUSPENSÃO TRASEIRA D/E, COM TROCA DE: PARAFUSO SEXTAVADO 30x2X225 MA, PARAFUSO SEXTAVADO 18x90 MB, PORCA 18mm SEXTAVADA, BUCHA MOLA TRASEIRA, GUIA DE GRAMPO TRASEIRO, GRAMPO 24x145x360, PORCA 24mm SEXTAVADA DUPLA, CONICO GRAMPO 24.5mm, MOLA PNEUMÁTICA, PORCA 30mm NYLON, AMORTECDOR TRASEIRO",False,True,False,False,,MOLAS TIETÊ,NÃO HOUVE O.S.,MANUTENÇÃO-2023
2023-07-24,VO-17103,87316.0,,INSPEÇÃO DE FREIO (OBS.: PRÓXIMA INSPEÇÃO AOS 97.000 KM),True,False,False,False,PREVENTIVA,IKEDA,NÃO HOUVE O.S.,MANUTENÇÃO-2023
2023-07-24,VO-17103,,,INSPEÇÃO DE FREIO (OBS.: PRÓXIMA INSPEÇÃO AOS 97.000 KM),True,False,False,False,,,,veiculos_manutencao_freio
2023-07-21,MOB-17102,70000.0,96.0,TROCA DA CÂMARA DE AR DO PNEU DIANTEIRO (PNEU FURADO),False,True,False,False,,TOTAL MOTOS,NÃO HOUVE O.S.,MANUTENÇÃO-2023
2023-07-20,ASE-17101,156821.0,790.0,RECONDICIONAMENTO DO ALTERNADOR (OBS.: DESMONTAGEM E MONTAGEM EFETUADA PELA MOTOMEC - CB MORAIS),False,False,False,True,,REFRIA'S CAR,NÃO HOUVE O.S.,MANUTENÇÃO-2023
2023-07-17,ABS-17102,,150.0,REPARO EM ALTERNADOR,False,False,False,True,,BF DIESEL,NÃO HOUVE O.S.,MANUTENÇÃO-2023
2023-07-14,AC-17001,17118.0,,"REVISÃO PERIÓDICA COM OS SEGUINTES SERVIÇOS: TROCA DE ÓLEO DO MOTOR, TROCA DO FILTRO DE ÓLEO DO MOTOR, TROCA DO FILTRO DE COMBUSTÍVEL. (OBS.: PRÓXIMA REVISÃO COM 22.118 KM OU EM JANEIRO DE 2024 - O QUE OCORRER PRIMEIRO)",False,False,True,False,,ECONORTE,NÃO HOUVE O.S.,MANUTENÇÃO-2023
2023-07-14,UR-17210,30492.0,2787.0,"1. Fornecer e substituir 02 Pneus 225/75 R16 C;
 2. Executar 02 balanceamentos em Pneus;
 3. Executar alinhamento técnico de direção, conforme especificação do fabricante.",False,True,False,False,PREVENTIVA,ALBUQUERQUE PNEUS,FINALIZADA NA NEO,MANUTENÇÃO-2023
2023-07-14,UR-17211,30223.0,2662.0,"1. Fornecer e substituir 02 Pneus 225/75 R16 C;
 2. Executar 02 balanceamentos em Pneus.",False,True,False,False,,ALBUQUERQUE PNEUS,FINALIZADA NA NEO,MANUTENÇÃO-2023
2023-07-14,UR-17212,40630.0,2662.0,"1. Fornecer e substituir 02 Pneus 225/75 R16 C;
 2. Executar 02 balanceamentos em Pneus.",False,True,False,False,PREVENTIVA,ALBUQUERQUE PNEUS,FINALIZADA NA NEO,MANUTENÇÃO-2023
2023-07-13,MOB-17102,69652.0,,TROCA DAS PASTILHAS DO FREIO TRASEIRO (OBS.: PRÓXIMA INSPEÇÃO COM 79.000 KM; PEÇA E MÃO DE OBRA PROVIDENCIADAS PELO SD PM KIMURA - NÃO HOUVE CUSTO),True,False,False,False,,ROTA 1,NÃO HOUVE O.S.,MANUTENÇÃO-2023
2023-07-13,MOB-17102,,,TROCA DAS PASTILHAS DO FREIO TRASEIRO (OBS.: PRÓXIMA INSPEÇÃO COM 79.000 KM; PEÇA E MÃO DE OBRA PROVIDENCIADAS PELO SD PM KIMURA - NÃO HOUVE CUSTO),True,False,False,False,,,,veiculos_manutencao_freio
2023-07-13,TP-17000,164640.0,230.0,TROCA DA LENTE DO FAROL ESQUERDO,False,False,False,False,CORRETIVA,CHAPARRAL,NÃO HOUVE O.S.,MANUTENÇÃO-2023
2023-07-12,ABS-17205,40050.0,2233.0,"1. Fornecer e substituir o óleo do motor conforme especificação do fabricante;
 2. Fornecer e substituir o filtro de óleo do motor conforme especificação do fabricante;
 3. Fornecer e substituir o filtro de combustível conforme especificação do fabricante;
 4. Fornecer e substituir o filtro de ar do motor conforme especificação do fabricante;
 5. Fornecer e substituir o filtro de ar da cabine (habitáculo) conforme especificação do fabricante.",False,False,True,False,,BF DIESEL,FINALIZADA NA NEO,MANUTENÇÃO-2023
2023-07-12,ABS-17205,40050.0,1516.0,"1. Fornecer e substituir chicote com 07 mts de cabo elétrico para alimentação do automático do guincho;
 2. Fornecer e substituir chave geral do guincho;
 3. Fornecer e substituir ponteiras e terminais.",False,False,False,True,,BF DIESEL,FINALIZADA NA NEO,MANUTENÇÃO-2023
2023-07-12,VO-17008,205249.0,2142.0,"1. Fornecer cilindro mestre de embreagem, conforme especificação do fabricante;
 2. Fornecer atuador de embreagem, conforme especificação do fabricante;",False,False,False,False,PREVENTIVA,BF DIESEL,FINALIZADA NA NEO,MANUTENÇÃO-2023
2023-07-12,VO-17008,,,"1. Fornecer cilindro mestre de embreagem, conforme especificação do fabricante;
 2. Fornecer atuador de embreagem, conforme especificação do fabricante;",False,False,False,False,,,,veiculos_manutencao_freio
2023-07-11,MOB-17104,60117.0,2310.0,"1. Fornecer e substituir kit de relação (corrente, coroa e pinhão), conforme especificação do fabricante;
 2. Fornecer e substituir bateria para motocicleta, conforme especificação do fabricante.",False,False,False,True,,LYLLY MOTOS,FINALIZADA NA NEO,MANUTENÇÃO-2023
2023-07-11,UR-17208,98889.0,5809.0,"1. Fornecer e substituir platô de embreagem conforme especificação do fabricante;
 2. Fornecer e substituir disco de embreagem conforme especificação do fabricante;
 3. Fornecer e substituir volante de embreagem conforme especificação do fabricante;
 4. Fornecer e substituir rolamento de embreagem conforme especificação do fabricante.",True,False,False,False,PREVENTIVA,4 TEMPOS (DANIEL - ITAQUÁ),FINALIZADA NA NEO,MANUTENÇÃO-2023
2023-07-11,UR-17208,,,"1. Fornecer e substituir platô de embreagem conforme especificação do fabricante;
 2. Fornecer e substituir disco de embreagem conforme especificação do fabricante;
 3. Fornecer e substituir volante de embreagem conforme especificação do fabricante;
 4. Fornecer e substituir rolamento de embreagem conforme especificação do fabricante.",True,False,False,False,,,,veiculos_manutencao_freio
2023-07-10,ABS-17105,38746.0,,TROCA DOS DISCOS DO TACÓGRAFO,True,False,False,False,,BAIANO VELOCÍMETROS,NÃO HOUVE O.S.,MANUTENÇÃO-2023
2023-07-10,ABS-17105,,,TROCA DOS DISCOS DO TACÓGRAFO,True,False,False,False,,,,veiculos_manutencao_freio
2023-07-06,ABS-17105,38500.0,,INSPEÇÃO DE FREIOS (OBS.: PRÓXIMA INSPEÇÃO COM 44.000 KM),True,False,False,False,,RE9 DIESEL,NÃO HOUVE O.S.,MANUTENÇÃO-2023
2023-07-06,ABS-17105,,,INSPEÇÃO DE FREIOS (OBS.: PRÓXIMA INSPEÇÃO COM 44.000 KM),True,False,False,False,,,,veiculos_manutencao_freio
2023-07-06,AC-17001,16359.0,548.0,TROCA DAS PASTILHAS DE FREIO (MARCA JURID). (OBS.: PRÓXIMA INSPEÇÃO COM 21.000 KM),True,False,False,False,,FIT AUTO CENTER,NÃO HOUVE O.S.,MANUTENÇÃO-2023
2023-07-06,AC-17001,,,TROCA DAS PASTILHAS DE FREIO (MARCA JURID). (OBS.: PRÓXIMA INSPEÇÃO COM 21.000 KM),True,False,False,False,,,,veiculos_manutencao_freio
2023-07-04,AB-17201,,1791.52,"1. Fornecer e substituir o óleo do motor conforme especificação do fabricante;
 2. Fornecer e substituir o filtro de óleo do motor conforme especificação do fabricante;
 3. Fornecer e substituir o filtro de combustível conforme especificação do fabricante;
 4. Fornecer e substituir o filtro de ar do motor conforme especificação do fabricante;
 5. Fornecer e substituir o filtro de ar da cabine (habitáculo) conforme especificação do fabricante.",False,False,True,False,,CURIÓ,FINALIZADA NA NEO,MANUTENÇÃO-2023
2023-07-04,ABS-17103,136444.0,5920.0,"1. Fornecer e substituir reparo completo e peças necessárias para alinhamento de eixos e direção;
 2. Fornecer alinhamento computadorizado do eixo dianteiro do caminhão;
 3. Fornecer manutenção e reparo na barra de direção e eixo dianteiro pesado;",False,True,False,False,,BF DIESEL,FINALIZADA NA NEO,MANUTENÇÃO-2023
2023-07-04,UR-17105,19447.0,,"REVISÃO PERIÓDICA DOS 20.000 KM. => SERVIÇOS REALIZADOS: TROCA DE ÓLEO DO MOTOR (5W30 SINTÉTICO), TROCA DO FILTRO DE ÓLEO DO MOTOR, TROCA DO FILTRO DE AR DO MOTOR, TROCA DO FILTRO DE COMBUSTÍVEL, TROCA DO FILTRO DO AR CONDICIONADO, LUBRIFICAÇÃO ???, ABRAÇADEIRA ???, ANEL DE VEDAÇÃO ???",False,False,True,False,,DE NIGRIS (GUARULHOS),NÃO HOUVE O.S.,MANUTENÇÃO-2023
2023-07-03,ABS-17102,157469.0,894.0,"TROCA DOS AMORTECEDORES DIANTEIROS, TROCA DO PARAFUSO DO AMORTECEDOR, TROCA DA MAÇANETA INTERNA DA PORTA ESQUERDA",False,False,False,False,,BF DIESEL,NÃO HOUVE O.S.,MANUTENÇÃO-2023
2023-06-30,UR-17211,28973.0,1440.0,1. Fornecer e substituir bateria automotiva de 150Ah para veículo a diesel conforme especificação do fabricante;,False,False,False,True,,ROBSON AUTO ELÉTRICA,FINALIZADA NA NEO,MANUTENÇÃO-2023
2023-06-30,UT-17004 (ANTIGA UR-17206),168706.0,1440.0,1. Fornecer e substituir bateria automotiva de 150Ah para veículo a diesel conforme especificação do fabricante;,False,False,False,True,,ROBSON AUTO ELÉTRICA,FINALIZADA NA NEO,MANUTENÇÃO-2023
2023-06-29,TP-17205,200456.0,7020.33,"1. Fornecer e Substituir 4 pneus 175/65 R14. 82T;
 2. Realizar 4 balanceamento de rodas;
 3. Fornecer e Substituir 2 amortecedores dianteiros;
 4. Fornecer e Substituir 2 amortecedores traseiros;
 5. Fornecer e Substituir 2 kit de amortecedor dianteiro (2 batentes, 2 coifas, 2 coxins, 2 rolamentos);
 6. Fornecer e Substituir 2 kit de amortecedor traseiro (2 batentes, 2 coifas, 2 coxins);
 7. Fornecer e Substituir 1 bandeja de suspensão dianteira inferior lado direito;
 8. Fornecer e Substituir 1 bandeja de suspensão dianteira inferior lado esquerdo;
 9. Fornecer e Substituir 2 buchas da bandeja dianteira parte dianteira;
 10. Fornecer e Substituir 2 buchas da bandeja dianteira parte traseira;
 11. Fornecer e Substituir 2 bieletas estabilizadoras dianteiras;
 12. Fornecer e Substituir 2 pivôs da bandeja dianteira;
 13. Fornecer e Substituir 1 terminal de direção lado esquerdo;
 14. Fornecer e Substituir 1 terminal de direção lado direito;
 15. Realizar 1 alinhamento de direção.",False,True,False,False,PREVENTIVA,BHB COMÉRCIO E SERVIÇO,FINALIZADA NA NEO,MANUTENÇÃO-2023
2023-06-28,ABS-17102,157600.0,,TROCA DAS MOLAS DAS CUICAS DIANTEIRAS (OBS.: GARANTIA.SERVIÇO EFETUADO PELO TIZIL),False,False,False,False,,RE9 DIESEL,NÃO HOUVE O.S.,MANUTENÇÃO-2023
2023-06-28,ABS-17103,136387.0,330.0,"REPARO NO PAINEL DE INSTRUMENTOS (REPARO EM CURTO CIRCUITO, TROCA DAS LÂMPADAS VIGIAS DIANTEIRA DIREITA E ESQUERDA, TROCA DA LÂMPADA DA LANTERNA DO FAROL DIREITO, TROCA DAS LÂMPADAS DO PAINEL)",False,False,False,True,,BAIANO VELOCÍMETROS,NÃO HOUVE O.S.,MANUTENÇÃO-2023
2023-06-28,VO-17103,82092.0,299.96,"TROCA DE ÓLEO DE MOTOR, FILTRO DE ÓLEO, FILTRO DE COMBUSTÍVEL, FILTRO DE AR E FILTRO DE CABINE",False,False,True,False,PREVENTIVA,REIS DO ÓLEO,NÃO HOUVE O.S.,MANUTENÇÃO-2023
2023-06-27,AB-17102,124682.0,1421.99,"REPARO NO SISTEMA DE MOLA TRASEIRO LADO DIREITO (TROCA DE: MOLA PARABOLICA, ESPIGÃO DE AÇO COM PORCA P, GRAMPO 7/8 x 102 x 280, PORCA PARABOLICA DUPLA 7/8",False,False,False,False,,DUTRA MOLAS,NÃO HOUVE O.S.,MANUTENÇÃO-2023
2023-06-27,TP-17000,164447.0,,INSPEÇÃO DE FREIO DIANTEIRO (PRÓXIMA INSPEÇÃO AOS 168.000 KM),True,False,False,False,PREVENTIVA,MOTOMEC,NÃO HOUVE O.S.,MANUTENÇÃO-2023
2023-06-27,TP-17000,,,INSPEÇÃO DE FREIO DIANTEIRO (PRÓXIMA INSPEÇÃO AOS 168.000 KM),True,False,False,False,,,,veiculos_manutencao_freio
2023-06-27,TP-17004,260860.0,320.0,TROCA DE 01 BICO INJETOR (3º BICO),False,False,False,False,CORRETIVA,REI DAS BATERIAS,NÃO HOUVE O.S.,MANUTENÇÃO-2023
2023-06-26,ABS-17105,38150.0,1850.0,"TROCA DE: ÓLEO DO MOTOR (10W40), FILTRO DE ÓLEO DO MOTOR, FILTRO DE AR, FILTRO DE COMBUSTÍVEL, FILTRO RACOR.",False,False,True,False,,REIS DO ÓLEO,NÃO HOUVE O.S.,MANUTENÇÃO-2023
2023-06-22,AB-17102,124500.0,620.0,TROCA DE: ÓLEO DO MOTOR E FILTRO DE ÓLEO DO MOTOR,False,False,True,False,,PREF. GMA,NÃO HOUVE O.S.,MANUTENÇÃO-2023
2023-06-20,TP-17001,289300.0,1403.0,"1. Fornecer e substituir 02 pneus 195/60 R15 - 88V;
 2. Executar alinhamento de direção;
 3. Executar 02 balanceamentos de pneus;",False,True,False,False,PREVENTIVA,ALBUQUERQUE PNEUS,FINALIZADA NA NEO,MANUTENÇÃO-2023
2023-06-20,VO-17008,205200.0,320.0,"1. Fornecer e executar lavagem e lubrificação e ou engraxamento específica para caminhonete a diesel.
 2. Fornecer e executar lavagem e limpeza da carroceria parte externa e parte interna do veículo.",False,False,False,False,PREVENTIVA,BF DIESEL,FINALIZADA NA NEO,MANUTENÇÃO-2023
2023-06-19,AS-17101,284377.0,5405.0,"1. Fornecer Mão de obra mecânica para manutenção no Sincronizado do cambio;
 2. Fornecer e Substituir materiais necessário para manutenção no sincronizado 1-2-3-4-5-ré;
 3. Fornecer e substituir óleo do sincronizado;
 4. Realizar revisão e manutenção no freio estacionário do caminhão;
 5. Fornecer e substituir (01) uma bateria 12V 90ah. (OBS.: SEREVIÇOS REALIZADOS PELA OFICINA DO ""SEBINHO"")",True,False,True,True,,BF DIESEL,FINALIZADA NA NEO,MANUTENÇÃO-2023
2023-06-19,AS-17101,,,"1. Fornecer Mão de obra mecânica para manutenção no Sincronizado do cambio;
 2. Fornecer e Substituir materiais necessário para manutenção no sincronizado 1-2-3-4-5-ré;
 3. Fornecer e substituir óleo do sincronizado;
 4. Realizar revisão e manutenção no freio estacionário do caminhão;
 5. Fornecer e substituir (01) uma bateria 12V 90ah. (OBS.: SEREVIÇOS REALIZADOS PELA OFICINA DO ""SEBINHO"")",True,False,True,True,,,,veiculos_manutencao_freio
2023-06-16,ABS-17102,157147.0,,AVALIAÇÃO DO SISTEMA DE FREIOS (GARANTIA),True,False,False,False,,TIZIL,NÃO HOUVE O.S.,MANUTENÇÃO-2023
2023-06-16,ABS-17102,,,AVALIAÇÃO DO SISTEMA DE FREIOS (GARANTIA),True,False,False,False,,,,veiculos_manutencao_freio
2023-06-15,UT-17001,100950.0,,INPEÇÃO DE FREIO (OBS.: PRÓXIMA INSPEÇÃO COM 104.000 KM),True,False,False,False,,APICE MOGI,NÃO HOUVE O.S.,MANUTENÇÃO-2023
2023-06-15,UT-17001,,,INPEÇÃO DE FREIO (OBS.: PRÓXIMA INSPEÇÃO COM 104.000 KM),True,False,False,False,,,,veiculos_manutencao_freio
2023-06-14,TP-17001,289235.0,2420.0,"1. Fornecer e substituir 02 kit de batente dos amortecedores dianteiro;
 2. Fornecer e substituir 02 amortecedores dianteiro;
 3. Fornecer e substituir 02 kit de batente dos amortecedores traseiro;
 4. Fornecer e substituir 02 amortecedores traseiro;
 5. Fornecer e substituir 02 rolamentos das rodas traseira, lado direito e esquerdo.",False,False,False,False,PREVENTIVA,BF DIESEL,FINALIZADA NA NEO,MANUTENÇÃO-2023
2023-06-14,TP-17004,260127.0,91.2,TROCA DAS VELAS DE IGNIÇÃO,False,False,False,False,PREVENTIVA,REI DAS BATERIAS,NÃO HOUVE O.S.,MANUTENÇÃO-2023
2023-06-12,ASE-17101,155564.0,150.0,COMPRA DE ÓLEO 15W40 5 LITROS,False,False,True,False,,BF DIESEL,NÃO HOUVE O.S.,MANUTENÇÃO-2023
2023-06-12,ASE-17101,155564.0,,COMPLETADO O ÓLEO DE MOTOR (15W40 - 5 LITROS),False,False,True,False,,MOTOMEC,NÃO HOUVE O.S.,MANUTENÇÃO-2023
2023-06-12,RE-17102,,769.48,ARRUELA TRAVA EIXO CARRETA / TRUCK; GRAXA ROLAMENTO MP2 1 KG; JUNTA CUBO TRUCK RANDON 4 FUROS; RETENTOR CUBO RODA CARRETA; REVISÃO DE ROLAMENTOS.,False,False,False,False,,MOLAMEC,NÃO HOUVE O.S.,MANUTENÇÃO-2023
2023-06-12,RE-17102,,70.0,REGULAGEM DE FREIO,True,False,False,False,,MOLAMEC,NÃO HOUVE O.S.,MANUTENÇÃO-2023
2023-06-12,RE-17102,,,REGULAGEM DE FREIO,True,False,False,False,,,,veiculos_manutencao_freio
2023-06-07,ABS-17102,157120.0,,REGULAGEM DE FREIO (OBS.: PRÓXIMA INSPEÇÃO COM 160.000 KM),True,False,False,False,,TIZIL,NÃO HOUVE O.S.,MANUTENÇÃO-2023
2023-06-07,ABS-17102,157120.0,276.0,TROCA DOS 2 DIAFRÁGMAS E MOLA DA CUICA DIANTEIRA L.E.; TROCA DO DIAFRAGMA DA CUICA; ALINHAMENTO DE DIREÇÃO,False,True,False,False,,TIZIL,NÃO HOUVE O.S.,MANUTENÇÃO-2023
2023-06-07,ABS-17102,,,REGULAGEM DE FREIO (OBS.: PRÓXIMA INSPEÇÃO COM 160.000 KM),True,False,False,False,,,,veiculos_manutencao_freio
2023-06-07,ABS-17105,37650.0,,REPARO NO SISTEMA DO GUINCHO ELÉTRICO (RESTABELECIMENTO DO FUNCIONAMENTO),False,False,False,False,,MOTOMEC,NÃO HOUVE O.S.,MANUTENÇÃO-2023
2023-06-07,ABS-17105,37650.0,,REPARO NO SISTEMA DO STROBO DIANTEIRO,False,False,False,False,,MOTOMEC,NÃO HOUVE O.S.,MANUTENÇÃO-2023
2023-06-07,AC-17002,156320.0,1745.33,"1. Fornecer e substituir fluído de óleo de freio;
 2. Fornecer e substituir conjunto de pastilhas de freio dianteiro lado esquerdo e direito;
 3. Fornecer e substituir conjunto de discos de freio dianteiro lado esquerdo e direito;
 4. Fornecer e substituir conjunto de sapatas de freio com lona traseiro lado direito e esquerdo.",True,False,True,False,,BF DIESEL,FINALIZADA NA NEO,MANUTENÇÃO-2023
2023-06-07,AC-17002,,,"1. Fornecer e substituir fluído de óleo de freio;
 2. Fornecer e substituir conjunto de pastilhas de freio dianteiro lado esquerdo e direito;
 3. Fornecer e substituir conjunto de discos de freio dianteiro lado esquerdo e direito;
 4. Fornecer e substituir conjunto de sapatas de freio com lona traseiro lado direito e esquerdo.",True,False,True,False,,,,veiculos_manutencao_freio
2023-06-06,MO-17001,156280.0,1040.0,"1. Fornecer e substituir fluído de óleo de freio;
 2. Fornecer e substituir conjunto de pastilhas de freio dianteiro esquerdo e direito;
 3. Fornecer e substituir conjunto de discos de freio dianteiro esquerdo e direito;",True,False,True,False,,BF DIESEL,FINALIZADA NA NEO,MANUTENÇÃO-2023
2023-06-06,MO-17001,,,"1. Fornecer e substituir fluído de óleo de freio;
 2. Fornecer e substituir conjunto de pastilhas de freio dianteiro esquerdo e direito;
 3. Fornecer e substituir conjunto de discos de freio dianteiro esquerdo e direito;",True,False,True,False,,,,veiculos_manutencao_freio
2023-06-06,VO-17008,204995.0,799.99,"1. Fornecer e substituir bateria automotiva 60Ah, 12V para veículo a diesel;
 2. Fornecer e substituir cabo de abertura do capo do motor.",False,False,False,True,PREVENTIVA,4 TEMPOS (DANIEL - ITAQUÁ),FINALIZADA NA NEO,MANUTENÇÃO-2023
2023-06-05,MOB-17105,50973.0,,"LIMPEZA NO PUNHO DE COMANDOS DA SETA (OBS.: VALOR R$ 5,00 PAGO PELO SGT VELOSO)",False,False,False,False,,RR MOTOS,NÃO HOUVE O.S.,MANUTENÇÃO-2023
2023-06-01,UR-17105,17800.0,,RECONFIGURAÇÃO DO RÁDIO COMUNICADOR,False,False,False,False,,CSM/MOpB,NÃO HOUVE O.S.,MANUTENÇÃO-2023
2023-05-30,UR-17208,97174.0,1510.0,Fornecer e substituir 01 (uma) bateria veicular de 12V 150Ah.,False,False,False,True,PREVENTIVA,BF DIESEL,FINALIZADA NA NEO,MANUTENÇÃO-2023
2023-05-29,ABS-17102,157133.0,2300.0,Troca da junta de vedação do corpo de bomba,False,False,False,False,,EVR REPRESENTAÇÕES,NÃO HOUVE O.S.,MANUTENÇÃO-2023
2023-05-29,ABS-17103,135390.0,1850.0,"1. Fornecer e Substituir 02 (dois) Amortecedores originais conforme descrição do fabricante; 
 2. Fornecer alinhamento de direção do caminhão;",False,True,False,False,,EVR REPRESENTAÇÕES,FINALIZADA NA NEO,MANUTENÇÃO-2023
2023-05-24,MOB-17101,66110.0,855.01,"1. Fornecer e substituir o óleo do motor;
 2. Fornecer e substituir o filtro de óleo do motor;
 3. Fornecer e substituir o filtro de ar;
 4. Realizar inspeção de freios e ajuste necessário.",True,False,True,False,,TOTAL MOTOS,FINALIZADA NA NEO,MANUTENÇÃO-2023
2023-05-24,MOB-17101,,,"1. Fornecer e substituir o óleo do motor;
 2. Fornecer e substituir o filtro de óleo do motor;
 3. Fornecer e substituir o filtro de ar;
 4. Realizar inspeção de freios e ajuste necessário.",True,False,True,False,,,,veiculos_manutencao_freio
2023-05-24,MOB-17105,50921.0,645.0,"1. Fornecer e substituir o óleo do motor;
 2. Fornecer e substituir o filtro de óleo do motor;
 3. Fornecer e substituir o filtro de ar.",False,False,True,False,,TOTAL MOTOS,FINALIZADA NA NEO,MANUTENÇÃO-2023
2023-05-24,UT-17003,103446.0,650.0,ALINHAMENTO DE DIREÇÃO; CAMBAGEM; REGULAGEM DE CASTER; ALINHAMENTO DO EIXO TRASEIRO,False,True,False,False,PREVENTIVA,MASTER TIRE,NÃO HOUVE O.S.,MANUTENÇÃO-2023
2023-05-21,ABS-17103,136435.0,3800.0,Troca da junta de vedação do corpo de bomba,False,False,False,False,,EVR REPRESENTAÇÕES,NÃO HOUVE O.S.,MANUTENÇÃO-2023
2023-05-18,AS-17101,284337.0,15261.0,"1. Fornecer Mão de obra mecânica completa para serviços no Diferencial;
 
 2. Fornecer e Substituir caixa satélite completa;
 
 3. Fornecer e Substituir semieixos diferencial;
 
 4. Fornecer e Substituir coroa e pinhão 8x37;
 
 5. Fornecer e Substituir jogo de arruela para diferencial;
 
 6. Fornecer e Substituir rolamentos Pinhão traseiros e Pinhão dianteiros;
 
 8. Fornecer e Substituir Kit de rolamentos lateral de coroa;
 
 9. Fornecer e Substituir óleo do diferencial. (OBS.: SERVIÇOS REALIZADOS PELA OFICINA DO SEBINHO)",False,False,True,False,,BF DIESEL,FINALIZADA NA NEO,MANUTENÇÃO-2023
2023-05-18,AS-17101,284337.0,585.0,TROCA DE ÓLEO DO MOTOR E FILTROS,False,False,True,False,,BF DIESEL,NÃO HOUVE O.S.,MANUTENÇÃO-2023
2023-05-17,TP-17000,161192.0,1370.0,"TROCA DE: KIT BATENTE DO AMORTECEDOR DIANTEIRO, ROLAMENTO DE RODA DIANTEIRO LADO DIREITO, CUBO DIANTEIRO LADO DIREITO, PIVÔ LADO ESQUERDO, COXIM DO CÂMBIO INFERIOR, ALINHAMENTO DE DIREÇÃO.",False,True,False,False,PREVENTIVA,IKEDA,NÃO HOUVE O.S.,MANUTENÇÃO-2023
2023-05-17,VO-17104,19948.0,,"REVISÃO PERIÓDICA DOS 20.000 KM. (SERVIÇOS REALIZADOS: TROCA DE ÓLEO DO MOTOR, TROCA DO FILTRO DE ÓLEO DO MOTOR, TROCA DO FILTRO DE AR DO MOTOR, TROCA DO FILTRO DE COMBUSTÍVEL)",False,False,True,False,,FIAT DESTAQUE MOGI,NÃO HOUVE O.S.,MANUTENÇÃO-2023
2023-05-16,MO-17001,156205.0,320.0,TROCA DA BUCHA DA BANDEJA DE MANCAL TRASEIRO; TROCA DA BORRACHA COM PINO,False,False,False,False,,PEDRO VANS,NÃO HOUVE O.S.,MANUTENÇÃO-2023
2023-05-16,TP-17004,259130.0,480.0,RESTABELECIMENTO DO FUNCIONAMENTO DO SISTEMA DE PARTIDA A FRIO; REGULAGEM DE VÁLVULAS; TESTES E LIMPEZA DE BICOS; TESTE DE CHICOTES; SCANNER.,False,False,False,True,CORRETIVA,REI DAS BATERIAS,NÃO HOUVE O.S.,MANUTENÇÃO-2023
2023-05-16,UT-17003,102976.0,1552.76,"TROCA DE: HOMOCINÉTICA DE RODA, PIVÔ ARO 16, BUCHA DA BANDEJA (BORRACHA COM PINO), BUCHA BANDEJA MANCAL",False,False,False,False,CORRETIVA,PEDRO VANS,NÃO HOUVE O.S.,MANUTENÇÃO-2023
2023-05-16,UT-17003,102976.0,,REPARO NA FLAUTA DE DISTRIBUIÇÃO DE COMBUSTÍVEL,False,False,False,False,CORRETIVA,MOTOMEC,NÃO HOUVE O.S.,MANUTENÇÃO-2023
2023-05-12,CM-17102,42072.0,,REAPERTO NO FILTRO DE ÓLEO,False,False,True,False,,BF DIESEL,NÃO HOUVE O.S.,MANUTENÇÃO-2023
2023-05-12,TP-17000,161185.0,600.0,"1. Fornecer e substituir o óleo do motor;
 2. Fornecer e substituir o filtro de óleo do motor;
 3. Fornecer e substituir o filtro de combustível;
 4. Fornecer e substituir o filtro de ar do motor;
 5. Fornecer e substituir o filtro de ar da cabine (ar condicionado).",False,False,True,False,PREVENTIVA,EVR REPRESENTAÇÕES,FINALIZADA NA NEO,MANUTENÇÃO-2023
2023-05-12,TP-17000,161185.0,,INSPEÇÃO DE FREIOS (OBS.: PRÓXIMA INSPEÇÃO: 164.000 KM),True,False,False,False,CORRETIVA,IKEDA,NÃO HOUVE O.S.,MANUTENÇÃO-2023
2023-05-12,TP-17000,,,INSPEÇÃO DE FREIOS (OBS.: PRÓXIMA INSPEÇÃO: 164.000 KM),True,False,False,False,,,,veiculos_manutencao_freio
2023-05-12,TP-17004,258983.0,550.0,"1. Fornecer e substituir o óleo do motor;
 2. Fornecer e substituir o filtro de óleo do motor;
 3. Fornecer e substituir o filtro de combustível;
 4. Fornecer e substituir o filtro de ar do motor;
 5. Fornecer e substituir o filtro de ar da cabine (ar condicionado).",False,False,True,False,PREVENTIVA,EVR REPRESENTAÇÕES,FINALIZADA NA NEO,MANUTENÇÃO-2023
2023-05-10,MO-17001,155425.0,25.0,REPARO EM PNEU FURADO,False,True,False,False,,RE9 DIESEL,NÃO HOUVE O.S.,MANUTENÇÃO-2023
2023-05-09,ABS-17102,157116.0,,FIXAÇÃO DO PARAFUSO DA BIELETA NA BARRA ESTABILIZADORA (OBS.: A VTR ESTAVA SEM O PARAFUSO),False,False,False,False,,BF DIESEL,NÃO HOUVE O.S.,MANUTENÇÃO-2023
2023-05-08,UT-17003,102976.0,704.4,"MANUTENÇÃO NO SISTEMA DE FREIO E ARREFECIMENTO (TROCA DE: 02 ABRAÇADEIRAS, MANGUEIRA SUPERIOR DO RADIADOR, ADITIVO PARA RADIADOR, ÁGUA DESMINERALIZADA, SENSOR ABS DIANTEIRO)",True,False,False,False,PREVENTIVA,BF DIESEL,NÃO HOUVE O.S.,MANUTENÇÃO-2023
2023-05-08,UT-17003,,,"MANUTENÇÃO NO SISTEMA DE FREIO E ARREFECIMENTO (TROCA DE: 02 ABRAÇADEIRAS, MANGUEIRA SUPERIOR DO RADIADOR, ADITIVO PARA RADIADOR, ÁGUA DESMINERALIZADA, SENSOR ABS DIANTEIRO)",True,False,False,False,,,,veiculos_manutencao_freio
2023-05-08,VO-17008,204545.0,,ACIONADA A GARANTIA QUANTO AOS DIVERSOS PROBLEMAS NO MOTOR,False,False,False,False,,APICE JACU PESSEGO,NÃO HOUVE O.S.,MANUTENÇÃO-2023
2023-05-05,AB-17102,122337.0,,"FEITO LIMPEZA DO SISTEMA DE ARREFECIMENTO, TESTE DE AQUECIMENTO EM MOVIMENTO E ESTACIONADO",False,False,False,False,,CSM/MOpB,NÃO HOUVE O.S.,MANUTENÇÃO-2023
2023-05-05,ABS-17102,156972.0,60.0,"MONTAGEM DE 02 PNEUS 215/75R17,5 PIRELLI (TRASEIROS LADO DIREITO)",False,True,False,False,,RE9 DIESEL,NÃO HOUVE O.S.,MANUTENÇÃO-2023
2023-05-04,ABS-17102,156972.0,2940.0,"COMPRA DE 02 PNEUS 215/75R17,5 PIRELLI (TRASEIROS LADO DIREITO)",False,True,False,False,,SERGIPANA PNEUS,NÃO HOUVE O.S.,MANUTENÇÃO-2023
2023-05-02,MOB-17105,50368.0,854.0,TROCA DOS RETENTORES DA BENGALA E ÓLEO DA SUSPENSÃO (10W),False,False,True,False,,RAVI MOTOS,NÃO HOUVE O.S.,MANUTENÇÃO-2023
2023-04-28,AB-17201,213042.0,900.0,"Fornecer e reparar (01) alternador, da viatura e do implemento.",False,False,False,True,,BF DIESEL,FINALIZADA NA NEO,MANUTENÇÃO-2023
2023-04-26,CM-17102,41399.0,1545.0,"1. Realizar limpeza do sistema de arrefecimento, bem como o reservatório de água;
 2. Fornecer e substituir o líquido do arrefecimento e aditivo, conforme especificação do fabricante.",False,False,False,False,,BF DIESEL,FINALIZADA NA NEO,MANUTENÇÃO-2023
2023-04-26,VO-17103,71667.0,971.0,"TROCA DE ÓLEO E FILTROS (ÓLEO, AR E COMBUSTÍVEL); TROCA DOS DISCOS DE FREIO DIANT E PASTILHAS DE FREIO DIANT.",True,False,True,False,PREVENTIVA,IKEDA,NÃO HOUVE O.S.,MANUTENÇÃO-2023
2023-04-26,VO-17103,,,"TROCA DE ÓLEO E FILTROS (ÓLEO, AR E COMBUSTÍVEL); TROCA DOS DISCOS DE FREIO DIANT E PASTILHAS DE FREIO DIANT.",True,False,True,False,,,,veiculos_manutencao_freio
2023-04-25,ABS-17103,134544.0,5777.0,"1. Fornecer e substituir 02 (dois) pneus para caminhão, direcional, dimensões 275/80 R22,5, construção radial, aro 22,5, ic 152/148, cod. vel. “m”, novo (primeira vida), com certificação compulsória inmetro. Atendendo a norma ABNT NBR 15296/2005;
 2. Efetuar a montagem, balanceamento, alinhamento de direção e calibragem de 02 (dois) pneus, conforme especificações do fabricante.",False,True,False,False,,PALACE PNEUS,FINALIZADA NA NEO,MANUTENÇÃO-2023
2023-04-24,AS-17201,192037.0,3355.1,"1. Fornecer e Substituir Barra de direção completa.
 
 2. Fornecer e Substituir 2 (dois) amortecedores dianteiros.
 
 3. Fornecer e Substituir 2 (duas) buchas da barra estabilizadora.
 
 4. Fornecer e Substituir 2 (duas) bieletas.
 
 5. Fornecer e Substituir 4 (quatro) Pivôs.",False,False,False,False,,4 TEMPOS (DANIEL - ITAQUÁ),FINALIZADA NA NEO,MANUTENÇÃO-2023
2023-04-24,VO-17008,204510.0,,EM DIAGNÓSTICO QUANTO AO PROBLEMA DE VÁLVULA,False,False,False,False,,BF DIESEL,NÃO HOUVE O.S.,MANUTENÇÃO-2023
2023-04-20,AC-17001,10506.0,,REALIZADO O RODÍZIO DE PNEUS,False,True,False,False,,FIT AUTO CENTER,NÃO HOUVE O.S.,MANUTENÇÃO-2023
2023-04-20,MOB-17102,68123.0,1163.7,"1. Fornecer e substituir o pneu dianteiro de medida 100/90R19;
 2. Fornecer e substituir a câmara do pneu.",False,True,False,False,,RAVI MOTOS,FINALIZADA NA NEO,MANUTENÇÃO-2023
2023-04-20,MOB-17102,68123.0,1972.89,TROCA DO PULSADOR (GERADOR DE PULSOS),False,False,False,False,,ROTA 1,NÃO HOUVE O.S.,MANUTENÇÃO-2023
2023-04-18,ABS-17102,156749.0,,REVISÃO DE FREIO (OBS.: PRÓXIMA INSPEÇÃO COM ??? KM),True,False,False,False,,MOLAMEC,NÃO HOUVE O.S.,MANUTENÇÃO-2023
2023-04-18,ABS-17102,,,REVISÃO DE FREIO (OBS.: PRÓXIMA INSPEÇÃO COM ??? KM),True,False,False,False,,,,veiculos_manutencao_freio
2023-04-17,ABS-17103,134321.0,2110.0,"1. Fornecer e substituir o óleo do motor;
 2. Fornecer e substituir o filtro de óleo do motor;
 3. Fornecer e substituir o filtro de combustível;
 4. Fornecer e substituir o filtro de ar do motor;
 5. Realizar lavagem inferior do chassi e lubrificação dos pontos de graxa, fornecendo a graxa apropriada.",False,False,True,False,,BF DIESEL,FINALIZADA NA NEO,MANUTENÇÃO-2023
2023-04-14,TP-17000,158000.0,173.92,"COMPRA DO RESERVATORIO, ADITIVO E TAMPA DO RESERVATÓRIO DE ARREFECIMENTO",False,False,False,False,CORRETIVA,MAGU AUTO PEÇAS,NÃO HOUVE O.S.,MANUTENÇÃO-2023
2023-04-12,AB-17201,213042.0,2940.0,"1. Fornecer e substituir 02 (duas) baterias de 150Ah, primeira linha.
 2. Reparar alternador, da viatura e do implemento.",False,False,False,True,,BF DIESEL,FINALIZADA NA NEO,MANUTENÇÃO-2023
2023-04-11,VO-17003,251513.0,,"COMPLETADO O ÓLEO DO MOTOR, POIS O NÍVEL ESTAVA QUASE NO MÍNIMO (GARANTIA DA O.S. NEO 3025. SERVIÇO REALIZADO NA OFICINA REIS DO ÓLEO EM JUNDIAPEBA)",False,False,True,False,CORRETIVA,EVR REPRESENTAÇÕES,NÃO HOUVE O.S.,MANUTENÇÃO-2023
2023-04-10,ABS-17102,156723.0,2440.58,TROCA DE: 2 MOLAS TRASEIRAS VIRADA GANCHO LONGO; 02 MOLAS TRASEIRAS LAMINADAS; 02 ESPIGÕES 9/16; 02 PORCAS DUPLAS 9/16; 04 PASTILHAS FEIXE DE MOLA DIANT./TRAS. QUADRADAS; 06 REBITES DE FERRO CABEÇA REDONDA; 04 ABRAÇADEIRAS RETAS TRÊS FUROS 260mm; 02 ABRAÇADEIRAS RETAS TRÊS FUROS 360mm; 04 GRAMPOS; 08 PORCAS DUPLAS 5/8; 06 PARAFUSOS 3/8 FERRO; 06 PORCAS TRAVANTES 3/8; 02 GRAXA PARA ROLAMENTO; 02 RETENTORES DE RODA DIANT.; 02 TRAVA ARANHA EIXO CARRETA / TRUCK; ARQUEAMENTO DE FEIXE COM COLOCAÇÃO DE MOLAS REFORÇO EM AMBOS OS LADOS (FEIXE TRASEIRO); REVISÃO DE FREIO COM TROCA DE RETENTOR E GRAXA;,True,False,False,False,,MOLAMEC,NÃO HOUVE O.S.,MANUTENÇÃO-2023
2023-04-10,ABS-17102,,,TROCA DE: 2 MOLAS TRASEIRAS VIRADA GANCHO LONGO; 02 MOLAS TRASEIRAS LAMINADAS; 02 ESPIGÕES 9/16; 02 PORCAS DUPLAS 9/16; 04 PASTILHAS FEIXE DE MOLA DIANT./TRAS. QUADRADAS; 06 REBITES DE FERRO CABEÇA REDONDA; 04 ABRAÇADEIRAS RETAS TRÊS FUROS 260mm; 02 ABRAÇADEIRAS RETAS TRÊS FUROS 360mm; 04 GRAMPOS; 08 PORCAS DUPLAS 5/8; 06 PARAFUSOS 3/8 FERRO; 06 PORCAS TRAVANTES 3/8; 02 GRAXA PARA ROLAMENTO; 02 RETENTORES DE RODA DIANT.; 02 TRAVA ARANHA EIXO CARRETA / TRUCK; ARQUEAMENTO DE FEIXE COM COLOCAÇÃO DE MOLAS REFORÇO EM AMBOS OS LADOS (FEIXE TRASEIRO); REVISÃO DE FREIO COM TROCA DE RETENTOR E GRAXA;,True,False,False,False,,,,veiculos_manutencao_freio
2023-04-10,ABS-17106,17297.0,40.0,CONSERTO EM PNEU (PNEU TRASEIRO ESQUERDO EXTERNO FURADO),False,True,False,False,,RE9 DIESEL,NÃO HOUVE O.S.,MANUTENÇÃO-2023
2023-04-10,CM-17102,41710.0,,REGULAGEM DE FREIO DO CONJUNTO CAVALO / CARRETA,True,False,False,False,,RE9 DIESEL,NÃO HOUVE O.S.,MANUTENÇÃO-2023
2023-04-10,CM-17102,,,REGULAGEM DE FREIO DO CONJUNTO CAVALO / CARRETA,True,False,False,False,,,,veiculos_manutencao_freio
2023-04-10,TP-17001,286604.0,,TROCA DO PROTETOR DE CÁRTER (OBS.: APENAS MÃO DE OBRA),False,False,False,False,PREVENTIVA,BF DIESEL,NÃO HOUVE O.S.,MANUTENÇÃO-2023
2023-04-06,UR-17210,25524.0,1775.0,"1. Fornecer e substituir o óleo do motor conforme especificação do fabricante;
 2. Fornecer e substituir o filtro de óleo do motor;
 3. Fornecer e substituir o filtro de combustível;
 4. Fornecer e substituir o filtro de ar do motor;
 5. Fornecer e substituir o filtro de ar da cabine (ar condicionado).
 6. Fornecer e substituir o jogo de pastilhas do freio dianteiro e traseiro.",True,False,True,False,PREVENTIVA,BF DIESEL,FINALIZADA NA NEO,MANUTENÇÃO-2023
2023-04-06,UR-17210,,,"1. Fornecer e substituir o óleo do motor conforme especificação do fabricante;
 2. Fornecer e substituir o filtro de óleo do motor;
 3. Fornecer e substituir o filtro de combustível;
 4. Fornecer e substituir o filtro de ar do motor;
 5. Fornecer e substituir o filtro de ar da cabine (ar condicionado).
 6. Fornecer e substituir o jogo de pastilhas do freio dianteiro e traseiro.",True,False,True,False,,,,veiculos_manutencao_freio
2023-04-05,AB-17201,213042.0,1051.0,"1. Reparar servo da embreagem, fornecendo e substituindo as peças que forem necessárias.",False,False,False,False,,BF DIESEL,FINALIZADA NA NEO,MANUTENÇÃO-2023
2023-04-05,TP-17001,286472.0,2820.0,"1. Fornecer e substituir as borrachas de vedação das portas, dianteiras e traseiras, lado direito e esquerdo;
 2. Fornecer e substituir a borracha de vedação do porta malas;
 3. Fornecer e substituir o jogo de pestanas externas das portas dianteiras e traseiras, lado direito e esquerdo;
 4. Fornecer e substituir o forro completo interno das portas dianteiras, lado direito e esquerdo, para vidro elétrico.",False,False,False,False,CORRETIVA,BF DIESEL,FINALIZADA NA NEO,MANUTENÇÃO-2023
2023-04-04,TP-17001,286472.0,135.0,COMPRA DO PROTETOR DE CÁRTER,False,False,False,False,PREVENTIVA,NOGUTI AUTO PEÇAS,NÃO HOUVE O.S.,MANUTENÇÃO-2023
2023-04-03,TP-17000,156582.0,77.0,COMPRA DE 01 PAR DE PALHETAS DIANTEIRA (DYNA),False,False,False,False,PREVENTIVA,NOGUTI AUTO PEÇAS,NÃO HOUVE O.S.,MANUTENÇÃO-2023
2023-04-03,TP-17001,286472.0,510.0,"1. Fornecer e substituir o óleo do motor conforme especificação do fabricante;
 2. Fornecer e substituir o filtro de óleo do motor;
 3. Fornecer e substituir o filtro de combustível;
 4. Fornecer e substituir o filtro de ar do motor;
 5. Fornecer e substituir o filtro de ar da cabine (ar condicionado).",False,False,True,False,PREVENTIVA,BF DIESEL,FINALIZADA NA NEO,MANUTENÇÃO-2023
2023-03-30,TP-17000,155815.0,596.0,"COMPRA, TROCA E BALANCEAMENTO DO PNEU TRASEIRO DIREITO (GOODYEAR EAGLE SPORT 185/65 R15); TROCA DA VÁLVULA DO PNEU",False,True,False,False,PREVENTIVA,APICE MOGI,NÃO HOUVE O.S.,MANUTENÇÃO-2023
2023-03-30,TP-17000,155815.0,,SUBSTITUIÇÃO DO PNEU ESTÉPE PELO PNEU TRASEIRO DIREITO (TROCADO),False,True,False,False,PREVENTIVA,APICE MOGI,NÃO HOUVE O.S.,MANUTENÇÃO-2023
2023-03-30,UR-17212,29297.0,1040.0,Fornecer e substituir o jogo de pastilhas do sistema de frenagem dianteiro e traseiro.,True,False,False,False,PREVENTIVA,AUTO REPAIR 4X4,FINALIZADA NA NEO,MANUTENÇÃO-2023
2023-03-30,UR-17212,,,Fornecer e substituir o jogo de pastilhas do sistema de frenagem dianteiro e traseiro.,True,False,False,False,,,,veiculos_manutencao_freio
2023-03-30,VO-17103,66789.0,,INSTALAÇÃO DE TELEMETRIA,False,False,False,False,,CMM (PMESP),NÃO HOUVE O.S.,MANUTENÇÃO-2023
2023-03-29,ABS-17102,156723.0,920.0,TROCA DA CRUZETA DO CARDAN; TROCA DAS BIELETAS LE / LD; REAPERTO NO ESCAPAMENTO; REAPERTO NA ABRAÇADEIRA DO CORPO DE BOMBA (VAZAMENTO DE ÁGUA).,False,False,False,False,,TIZIL,NÃO HOUVE O.S.,MANUTENÇÃO-2023
2023-03-28,ABS-17106,16834.0,,REVISÃO PERIÓDICA (OBS.: AGUARDANDO O DESCRITIVO DOS SERVIÇOS REALIZADOS. PRÓXIMA REVISÃO COM 40.000 KM),False,False,False,False,,DIBRACAM,NÃO HOUVE O.S.,MANUTENÇÃO-2023
2023-03-28,CM-17102,41405.0,,"TROCA DE: GRAMPO DO FEIXE DE MOLA TRAS. L.D. (24x140x360 BA), PORCA DUPLA 24mm MB SX 2.0. OBS.: GARANTIA",False,False,False,False,,MOLAMEC,NÃO HOUVE O.S.,MANUTENÇÃO-2023
2023-03-28,MOB-17104,58081.0,285.0,"1. Fornecer e substituir o óleo do motor;
 2. Fornecer e substituir o filtro de óleo do motor;",False,False,True,False,,LYLLY MOTOS,FINALIZADA NA NEO,MANUTENÇÃO-2023
2023-03-27,ABS-17102,156700.0,1658.0,"1. Fornecer e substituir o óleo do motor;
 2. Fornecer e substituir o filtro de óleo do motor;
 3. Fornecer e substituir o filtro de combustível;
 4. Fornecer e substituir o filtro de ar do motor;
 5. Realizar lavagem inferior do chassi e lubrificação de todos os pontos de graxa, fornecendo a graxa apropriada.",False,False,True,False,,BF DIESEL,FINALIZADA NA NEO,MANUTENÇÃO-2023
2023-03-27,CM-17102,41399.0,2648.0,"1. Fornecer e Substituir o óleo do motor, conforme especificação do fabricante;
 2. Fornecer e substituir o filtro de óleo do motor;
 3. Fornecer e substituir o filtro de combustível;
 4. Fornecer e substituir o filtro de ar do motor;
 5. Fornecer e substituir o filtro Racor;
 6. Fornecer e substituir o filtro de cabine;
 7. Realizar lavagem do chassi e lubrificação dos pontos de graxa, fornecendo a graxa apropriada para o serviço.",False,False,True,False,,BF DIESEL,FINALIZADA NA NEO,MANUTENÇÃO-2023
2023-03-24,UT-17003,101890.0,670.94,"1. Fornecer e substituir o óleo do motor, conforme especificação de fábrica;
 2. Fornecer e substituir o filtro de óleo do motor;
 3. Fornecer e substituir o filtro de combustível;
 4. Fornecer e substituir o filtro de ar do motor;",False,False,True,False,PREVENTIVA,EVR REPRESENTAÇÕES,FINALIZADA NA NEO,MANUTENÇÃO-2023
2023-03-23,VO-17003,256337.0,588.0,"1. Fornecer e substituir o óleo do motor;
 2. Fornecer e substituir o filtro de óleo do motor;
 3. Fornecer e substituir o filtro de combustível;
 4. Fornecer e substituir o filtro de ar do motor;  (OBS.: SERVIÇO REALIZADO NA OFICINA REIS DO ÓLEO EM JUNDIAPEBA)",False,False,True,False,PREVENTIVA,EVR REPRESENTAÇÕES,FINALIZADA NA NEO,MANUTENÇÃO-2023
2023-03-22,AS-17201,191673.0,7700.0,"1. Fornecer e substituir 04 (quatro) pneus traseiros, de tração, de medidas 7.50 Aro 16;
 2. Realizar alinhamento de volante;
 3. Realizar o balanceamento de 04 (quatro) pneus;",False,True,False,False,,APICE MOGI,FINALIZADA NA NEO,MANUTENÇÃO-2023
2023-03-22,MOB-17102,67775.0,,TROCA DA LÂMPADA DE FREIO; FIXAÇÃO DO PISCA TRASEIRO DIREITO,True,False,False,True,,RR MOTOS,NÃO HOUVE O.S.,MANUTENÇÃO-2023
2023-03-22,MOB-17102,,,TROCA DA LÂMPADA DE FREIO; FIXAÇÃO DO PISCA TRASEIRO DIREITO,True,False,False,True,,,,veiculos_manutencao_freio
2023-03-22,UT-17003,101551.0,,TROCA DO LIMITADOR DA PORTA DO MOTORISTA (OBS.: PEÇA RETIRADA DA UT-17002),False,False,False,False,CORRETIVA,MOTOMEC,NÃO HOUVE O.S.,MANUTENÇÃO-2023
2023-03-21,ASE-17101,153685.0,329.1,"TROCA DOS CABOS DE AÇO DO ACELERADOR, AFOGADOR E REGULAGEM DO TRAMBULADOR",False,False,False,False,,TIZIL,NÃO HOUVE O.S.,MANUTENÇÃO-2023
2023-03-21,TP-17004,256459.0,500.0,TROCA DO PARABRISA DIANTEIRO,False,False,False,False,CORRETIVA,VIDROSHIMA,NÃO HOUVE O.S.,MANUTENÇÃO-2023
2023-03-20,ABS-17103,133583.0,,parafuso da trava do mangotinho danificado,False,False,False,False,,MOTOMEC,NÃO HOUVE O.S.,MANUTENÇÃO-2023
2023-03-20,VO-17103,64950.0,,COMPLETADO O FLUIDO DE FREIO (DOT 4),True,False,False,False,CORRETIVA,MOTOMEC,NÃO HOUVE O.S.,MANUTENÇÃO-2023
2023-03-20,VO-17103,,,COMPLETADO O FLUIDO DE FREIO (DOT 4),True,False,False,False,,,,veiculos_manutencao_freio
2023-03-18,CA-17001,251756.0,4370.0,"1. Fornecer e substituir 02 pneus 7.50 R16 ;
 2. Executar alinhamento de direção;
 3. Executar 06 balanceamentos de rodas.",False,True,False,False,,APC COMÉRCIO DE PNEUS,FINALIZADA NA NEO,MANUTENÇÃO-2023
2023-03-18,UT-17003,101551.0,1656.05,"REPARO GERAL NO SISTEMA DE SINALIZAÇÃO VISUAL E SONORA; INSTALAÇÃO DA CHAPARIA (BISNAGA DE COLA SIKAFLEX, CAIXA BROCANTE, CONECTORES, PARES DE TOMADA 220V - 20A, CAIXA REBITE, PORTA FUSÍVEL, RELÉ AUXILIAR 30A)",False,False,False,False,CORRETIVA,LUIZ (ENGESIG),NÃO HOUVE O.S.,MANUTENÇÃO-2023
2023-03-16,AS-17101,284250.0,1602.0,COMPRA DE 02 PNEUS (DIANTEIROS),False,True,False,False,,DELLA VIA PNEUS,NÃO HOUVE O.S.,MANUTENÇÃO-2023
2023-03-16,AS-17101,284250.0,,MONTAGEM E BALANCEAMENTO DOS 02 PNEUS DIANTEIROS,False,True,False,False,,RE9 DIESEL,NÃO HOUVE O.S.,MANUTENÇÃO-2023
2023-03-15,ABS-17103,133450.0,,REPARO NO BANCO DO MOTORISTA,False,False,False,False,,MALDONADO,NÃO HOUVE O.S.,MANUTENÇÃO-2023
2023-03-15,AC-17001,7800.0,1307.95,"REVISÃO PERIÓDICA (COM TROCA DE ÓLEO, FILTRO DE ÓLEO, FILTRO DE AR, FILTRO DE COMBUSTÍVEL, E PASTILHAS DE FREIO)",True,False,True,False,,ECONORTE,NÃO HOUVE O.S.,MANUTENÇÃO-2023
2023-03-15,AC-17001,,,"REVISÃO PERIÓDICA (COM TROCA DE ÓLEO, FILTRO DE ÓLEO, FILTRO DE AR, FILTRO DE COMBUSTÍVEL, E PASTILHAS DE FREIO)",True,False,True,False,,,,veiculos_manutencao_freio
2023-03-13,AC-17001,7724.0,,REPARO NOS ENCOSTOS DE CABEÇA DIANTEIRO,False,False,False,False,,MALDONADO,NÃO HOUVE O.S.,MANUTENÇÃO-2023
2023-03-13,VO-17003,256337.0,1918.36,"1. Fornecer e substituir 02 (dois) pneus de medida 235/75R15, novo (primeira vida), com certificação compulsória inmetro. Atendendo a norma ABNT NBR 15296/2005;
 2. Realizar alinhamento direção;
 3. Realizar o balanceamento de 04 (quatro) pneus;
 4. Fornecer e substituir 02 (dois) bicos, referentes aos pneus substituídos.",False,True,False,False,PREVENTIVA,DELLA VIA PNEUS,FINALIZADA NA NEO,MANUTENÇÃO-2023
2023-03-09,TP-17004,256150.0,405.0,"COMPRA DE: 01 JOGO DE CABO DE VELA, 01 BOBINA DE IGNIÇÃO",False,False,False,False,PREVENTIVA,NOGUTI AUTO PEÇAS,NÃO HOUVE O.S.,MANUTENÇÃO-2023
2023-03-09,VO-17003,256220.0,77.0,COMPRA DE 01 PAR DE PALHETAS DIANTEIRA (DYNA),False,False,False,False,PREVENTIVA,NOGUTI AUTO PEÇAS,NÃO HOUVE O.S.,MANUTENÇÃO-2023
2023-03-08,ABS-17102,155960.0,,INSPEÇÃO DE FREIO E REGULAGEM (PRÓXIMA INSPEÇÃO 158000),True,False,False,False,,RE9 DIESEL,NÃO HOUVE O.S.,MANUTENÇÃO-2023
2023-03-08,ABS-17102,,,INSPEÇÃO DE FREIO E REGULAGEM (PRÓXIMA INSPEÇÃO 158000),True,False,False,False,,,,veiculos_manutencao_freio
2023-03-08,ABS-17204,77208.0,1470.0,"1. Fornecer e substituir o óleo do motor, conforme especificação do fabricante.
 2. Fornecer e substituir o filtro de óleo do motor;
 3. Fornecer e substituir o filtro de combustível;
 4. Fornecer e substituir o filtro de ar do motor;
 5. Fornecer e substituir o filtro secador de diesel.",False,False,True,False,,BF DIESEL,FINALIZADA NA NEO,MANUTENÇÃO-2023
2023-03-07,ABS-17103,133000.0,13456.0,"1. Fornecer e substituir 04 (quatro) pneus para caminhão, de tração, dimensões 275/80 R22,5, construção radial, aro 22,5, ic 152/148, cod. vel. “m”, novo (primeira vida), com certificação compulsória inmetro. Atendendo a norma ABNT NBR 15296/2005;
 2. Efetuar a montagem, balanceamento e calibragem de 04 (quatro) pneus, conforme especificações do fabricante.",False,True,False,False,,APICE JACU PESSEGO,FINALIZADA NA NEO,MANUTENÇÃO-2023
2023-03-07,MT-17001,22677.0,404.0,"TROCA DE BATERIA (MARCA, MODELO E GARANTIA: ???????); REGULAGEM DA CAIXA DE DIREÇÃO; TROCA DE ÓLEO DO MOTOR",False,False,True,True,,RR MOTOS,NÃO HOUVE O.S.,MANUTENÇÃO-2023
2023-03-07,TP-17000,155408.0,180.0,REPARO NA CHAVE DE SETA,False,False,False,False,CORRETIVA,AUTO ELÉTRICO MARCELO,NÃO HOUVE O.S.,MANUTENÇÃO-2023
2023-03-07,VO-17102,46552.0,,TROCA DE: DISCO DE FREIOS E PASTILHAS; FAROL DE MILHA.,True,False,False,False,,PREF. GMA,NÃO HOUVE O.S.,MANUTENÇÃO-2023
2023-03-07,VO-17102,,,TROCA DE: DISCO DE FREIOS E PASTILHAS; FAROL DE MILHA.,True,False,False,False,,,,veiculos_manutencao_freio
2023-03-06,AB-17102,76013.0,2147.0,"Fornecer e substituir o bocal da tampa do radiador, por um que use tampa que suporte a pressão de trabalho do sistema de arrefecimento da viatura, conforme pressão especificada pela fabricante. OBA.: SERVIÇO REALIZADO EM 26/01/2023 PELA OFICINA BF DIESEL",False,False,False,False,,BF DIESEL,FINALIZADA NA NEO,MANUTENÇÃO-2023
2023-03-03,TP-17000,155408.0,340.0,BATERIA CRAL DE 60 AMPERES (GARANTIA 24 MESES),False,False,False,True,PREVENTIVA,REI DAS BATERIAS,NÃO HOUVE O.S.,MANUTENÇÃO-2023
2023-03-01,CA-17001,251000.0,895.0,"1. Substituir o óleo do motor, o óleo será fornecido pelo setor de Motomecanização;
 2. Fornecer e substituir o filtro de óleo do motor;
 3. Fornecer e substituir o filtro de combustível;
 4. Fornecer e substituir o filtro de ar do motor;
 5. Fornecer e substituir o filtro Racor;",False,False,True,False,,BF DIESEL,FINALIZADA NA NEO,MANUTENÇÃO-2023
2023-02-28,UT-17001,97955.0,280.0,REPARO NO MOTOR DE PARTIDA,False,False,False,True,CORRETIVA,AUTO ELÉTRICO MARCELO,NÃO HOUVE O.S.,MANUTENÇÃO-2023
2023-02-28,VO-17103,61371.0,433.55,TROCA DE ÓLEO E FILTROS,False,False,True,False,PREVENTIVA,REI DAS BATERIAS,NÃO HOUVE O.S.,MANUTENÇÃO-2023
2023-02-27,VO-17103,60888.0,86.8,COMPRA DE: 01 PAR DE PALHETAS,False,False,False,False,PREVENTIVA,NOGUTI AUTO PEÇAS,NÃO HOUVE O.S.,MANUTENÇÃO-2023
2023-02-24,ABS-17103,132700.0,164.04,"COMPRA DE: 1,72m DE MANGUEIRA TECALON 12mm; 03 COTOVELOS MACHOS D12xM16; 01 CONECTOR MACHO D12xM16)",False,False,False,False,,JACFLEX,NÃO HOUVE O.S.,MANUTENÇÃO-2023
2023-02-24,ABS-17103,132700.0,,"REPARO EM MANGUEIRA DO FREIO TRASEIRO (TROCA DE: 1,72m DE MANGUEIRA TECALON 12mm; 03 COTOVELOS MACHOS D12xM16; 01 CONECTOR MACHO D12xM16)",True,False,False,False,,MOTOMEC,NÃO HOUVE O.S.,MANUTENÇÃO-2023
2023-02-24,ABS-17103,,,"REPARO EM MANGUEIRA DO FREIO TRASEIRO (TROCA DE: 1,72m DE MANGUEIRA TECALON 12mm; 03 COTOVELOS MACHOS D12xM16; 01 CONECTOR MACHO D12xM16)",True,False,False,False,,,,veiculos_manutencao_freio
2023-02-24,MO-17001,153730.0,1040.0,TROCA DO SUPORTE DO FILTRO DE COMBUSTÍVEL. OBS.: SOCORRO E SERVIÇO REALIZADO EM VIA PÚBLICA.,False,False,True,False,,BF DIESEL,NÃO HOUVE O.S.,MANUTENÇÃO-2023
2023-02-23,CM-17102,40750.0,,"TROCA DE: GRAMPO DO FEIXE DE MOLA TRAS. L.D. (24x140x360 BA), PORCA DUPLA 24mm MB SX 2.0. OBS.: GARANTIA",False,False,False,False,,MOLAMEC,NÃO HOUVE O.S.,MANUTENÇÃO-2023
2023-02-23,MOB-17105,48400.0,120.0,TROCA DAS PASTILHAS DE FREIO DIANTEIRO E TRASEIRO E DA GARRA DA PINÇA. OBS.: APENAS M.O.,True,False,False,False,,RR MOTOS,NÃO HOUVE O.S.,MANUTENÇÃO-2023
2023-02-23,MOB-17105,,,TROCA DAS PASTILHAS DE FREIO DIANTEIRO E TRASEIRO E DA GARRA DA PINÇA. OBS.: APENAS M.O.,True,False,False,False,,,,veiculos_manutencao_freio
2023-02-17,ABS-17102,155153.0,4215.0,"TROCA DO CONJUNTO DE EMBREAGEM, ROLAMENTO DA PONTA DO PILOTO, RETÍFICA DO VOLANTE, CILINDRO MESTRE, CILINDRO AUXILIAR, FLUÍDO DOT 4.",False,False,False,False,,TIZIL,NÃO HOUVE O.S.,MANUTENÇÃO-2023
2023-02-17,ABS-17102,,,"TROCA DO CONJUNTO DE EMBREAGEM, ROLAMENTO DA PONTA DO PILOTO, RETÍFICA DO VOLANTE, CILINDRO MESTRE, CILINDRO AUXILIAR, FLUÍDO DOT 4.",False,False,False,False,,,,veiculos_manutencao_freio
2023-02-15,ASE-17101,153205.0,100.0,TROCA DA CAMARA DE AR,False,False,False,False,,RE9 DIESEL,NÃO HOUVE O.S.,MANUTENÇÃO-2023
2023-02-14,TP-17004,255625.0,530.0,TROCA DE DISCO DE FREIO E PASTILHAS,True,False,False,False,PREVENTIVA,IKEDA,NÃO HOUVE O.S.,MANUTENÇÃO-2023
2023-02-14,TP-17004,,,TROCA DE DISCO DE FREIO E PASTILHAS,True,False,False,False,,,,veiculos_manutencao_freio
2023-02-13,ABS-17101,226608.0,610.0,"TROCA DE: CILINDRO DO PEDAL, CILINDRO AUXILIAR, FLUIDO DOT 4",True,False,False,False,,TIZIL,NÃO HOUVE O.S.,MANUTENÇÃO-2023
2023-02-13,ABS-17101,,,"TROCA DE: CILINDRO DO PEDAL, CILINDRO AUXILIAR, FLUIDO DOT 4",True,False,False,False,,,,veiculos_manutencao_freio
2023-02-13,CM-17102,40701.0,,REVISÃO DE FREIO,True,False,False,False,,RE9 DIESEL,NÃO HOUVE O.S.,MANUTENÇÃO-2023
2023-02-13,CM-17102,,,REVISÃO DE FREIO,True,False,False,False,,,,veiculos_manutencao_freio
2023-02-10,AC-17002,153530.0,1500.0,ADAPTAÇÃO DO ALTERNADOR (ALTERNADOR FIAT DUCATO 2008),False,False,False,True,,AUTO ELÉTRICO MARCELO,NÃO HOUVE O.S.,MANUTENÇÃO-2023
2023-02-10,UR-17208,96846.0,1939.0,"1. Fornecer e substituir 02 (dois) discos de freio traseiro completo;
 2. Fornecer e substituir os patinhos dos freios traseiros;
 3. Fornecer e substituir as molas dos patinhos de freio traseiros;
 4. Fornecer e substituir as travas do freio traseiro;
 5. Fornecer e substituir o jogo de pastilhas de freio do sistema de frenagem das 4 rodas;",True,False,False,False,PREVENTIVA,4 TEMPOS (DANIEL - ITAQUÁ),FINALIZADA NA NEO,MANUTENÇÃO-2023
2023-02-10,UR-17208,,,"1. Fornecer e substituir 02 (dois) discos de freio traseiro completo;
 2. Fornecer e substituir os patinhos dos freios traseiros;
 3. Fornecer e substituir as molas dos patinhos de freio traseiros;
 4. Fornecer e substituir as travas do freio traseiro;
 5. Fornecer e substituir o jogo de pastilhas de freio do sistema de frenagem das 4 rodas;",True,False,False,False,,,,veiculos_manutencao_freio
2023-02-08,ASE-17101,152975.0,,TROCA DE ÓLEO 15W40 E FILTRO (KM 152975),False,False,True,False,,MOTOMEC,NÃO HOUVE O.S.,MANUTENÇÃO-2023
2023-02-08,CM-17102,40562.0,210.0,TROCA DO SEPARADOR DO GRAMPO,False,False,False,False,,MOLAMEC,NÃO HOUVE O.S.,MANUTENÇÃO-2023
2023-02-07,ABS-17102,154698.0,,LIMPEZA DO SISTEMA DE ARREFECIMENTO. OBS.: SERVIÇO REALIZADO PELA PRONTIDÃO VERDE (SGT ARCANJO),False,False,False,False,,MOTOMEC,NÃO HOUVE O.S.,MANUTENÇÃO-2023
2023-02-07,UT-17001,96846.0,417.8,TROCA DO SENSOR DE ROTAÇÃO,False,False,False,False,CORRETIVA,NICOLAU,NÃO HOUVE O.S.,MANUTENÇÃO-2023
2023-02-06,VO-17003,254819.0,1264.8,ADITIVO PARA RADIADOR; COXIM DO MOTOR; SENSOR DO VELOCÍMETRO; PUXADOR DO CAPÔ; JUNTA DA TAMPA DE VÁLVULAS; TAMPA DO RADIADOR; JOGO DE VELAS; LIMPEZA DO SISTEMA DE ARREFECIMENTO. OBS.: SERVIÇO REALIZADO EM 20/12/2022.,False,False,False,False,CORRETIVA,MAC CAR,NÃO HOUVE O.S.,MANUTENÇÃO-2023
2023-02-03,AS-17101,282260.0,,REVISÃO DE FREIO E REGULAGEM DO FREIO ESTACIONÁRIO. (PRÓXIMA REVISÃO COM 285.000 km),True,False,False,False,,ZÉ HENRIQUE,NÃO HOUVE O.S.,MANUTENÇÃO-2023
2023-02-03,AS-17101,,,REVISÃO DE FREIO E REGULAGEM DO FREIO ESTACIONÁRIO. (PRÓXIMA REVISÃO COM 285.000 km),True,False,False,False,,,,veiculos_manutencao_freio
2023-02-02,MOB-17104,57216.0,1825.0,"1. Fornecer e substituir o pneu dianteiro de medida 100/90R19;
 2. Fornecer e substituir o pneu traseiro de medida 130/80R17;",False,True,False,False,,LYLLY MOTOS,FINALIZADA NA NEO,MANUTENÇÃO-2023
2023-02-02,MOB-17104,57216.0,,REVISÃO DE FREIO,True,False,False,False,,LYLLY MOTOS,NÃO HOUVE O.S.,MANUTENÇÃO-2023
2023-02-02,MOB-17104,57216.0,,REVISÃO NO KIT RELAÇÃO,False,False,False,False,,LYLLY MOTOS,NÃO HOUVE O.S.,MANUTENÇÃO-2023
2023-02-02,MOB-17104,,,REVISÃO DE FREIO,True,False,False,False,,,,veiculos_manutencao_freio
2023-02-01,AC-17001,3550.0,800.0,CAPA DE PLÁSTICO PARA OS BANCOS,False,False,False,False,,MALDONADO,NÃO HOUVE O.S.,MANUTENÇÃO-2023
2023-02-01,AS-17101,281821.0,795.0,"Fornecer e substituir a bateria do motor, de 90Ah, conforme especificação do fabricante.",False,False,False,True,,BF DIESEL,FINALIZADA NA NEO,MANUTENÇÃO-2023
2023-01-31,AC-17002,153343.0,890.0,"1. Fornecer e substituir o óleo do motor;
 2. Fornecer e substituir o filtro de óleo do motor;
 3. Fornecer e substituir o filtro de combustível;
 4. Fornecer e substituir o filtro de ar do motor;
 5. Fornecer e substituir o filtro de ar da cabine (ar condicionado).",False,False,True,False,,BF DIESEL,FINALIZADA NA NEO,MANUTENÇÃO-2023
2023-01-30,AB-17102,76013.0,,REPARO NO SISTEMA DE ARREFECIMENTO (VAZAMENTO NO RADIADOR),False,False,False,False,,BF DIESEL,NÃO HOUVE O.S.,MANUTENÇÃO-2023
2023-01-30,UT-17003,100622.0,2000.0,"1. Fornecer e substituir o farol completo dianteiro, lado direito e esquerdo;
 2. Fornecer e substituir as lâmpadas que fazem parte do farol e luz de seta.",False,False,False,True,CORRETIVA,BF DIESEL,FINALIZADA NA NEO,MANUTENÇÃO-2023
2023-01-27,MOB-17105,47850.0,90.0,TROCA DA CAMARA DE AR,False,False,False,False,,TOTAL MOTOS,NÃO HOUVE O.S.,MANUTENÇÃO-2023
2023-01-26,AB-17102,76013.0,1735.0,"1. Reparar vazamento em bomba d'água do sistema de arrefecimento do motor.
 2. Fornecer e substituir o líquido de arrefecimento, com o aditivo próprio conforme especificação do fabricante. OBS.: TRATAVA-SE DE TROCA DA VÁLVULA TERMOSTÁTICA. SERVIÇO REALIZADO PELA OFICINA BF DIESEL EM 11/01/2023",False,False,False,False,,BF DIESEL,FINALIZADA NA NEO,MANUTENÇÃO-2023
2023-01-26,ABS-17103,132626.0,14740.0,"1. Fornecer e substituir coroa e pinhão do diferencial, conforme especificação do fabricante;
 2. Fornecer e substituir a caixa satélite completa do diferencial;
 3. Fornecer e substituir os rolamentos do diferencial;
 4. Recondicionar a carcaça do diferencial;
 5. Fornecer e substituir o sino do diferencial;
 6. Revisão geral do diferencial;
 7. revisão dos cubos da roda da tração, lado direito e esquerdo;
 8. Fornecer e substituir o silicone de vedação;
 9. Fornecer e substituir o óleo do diferencial 85w40;
 10. Fornecer e substituir o rolamento da roda, lado direito e esquerdo.",False,False,True,False,,BF DIESEL,FINALIZADA NA NEO,MANUTENÇÃO-2023
2023-01-25,AB-17201,210108.0,2332.0,"1. Fornecer e substituir a bomba d'água do sistema de arrefecimento;
 2. Fornecer e substituir a correia do alternador;
 3. Fornecer e substituir o rolamento suporte da correia do alternador;
 4. Fornecer e substituir o suporte da correia do alternador.
 5. Realizar lavagem do chassi e motor;
 6. Lubrificar todos os pontos de graxa, fornecendo a graxa apropriada.
 7. Fornecer o guincho necessário para deslocamento da viatura do Quartel do corpo de Bombeiros de Suzano até a oficina que irá executar o serviço.",False,False,False,True,,4 TEMPOS (DANIEL - ITAQUÁ),FINALIZADA NA NEO,MANUTENÇÃO-2023
2023-01-24,ABS-17202,87767.0,1620.0,"Fornecer e substituir 02 (duas) baterias de 100Ah, do motor, conforme especificação do fabricante.",False,False,False,True,,BF DIESEL,FINALIZADA NA NEO,MANUTENÇÃO-2023
2023-01-24,UR-17208,96846.0,5469.25,"1. Fornecer e substituir os rolamentos da manga de eixo traseira, lado direto e esquerdo;
 2. Fornecer e substituir o espelho de proteção da sapata;
 3. Fornecer e substituir o óleo do diferencial;
 4. Fornecer e substituir a junta da tampa da caixa satélite.
 5. Realizar lavagem e lubrificação do chassi, fornecendo a graxa apropriada para o serviço.",True,False,True,False,PREVENTIVA,OLUCHI,FINALIZADA NA NEO,MANUTENÇÃO-2023
2023-01-24,UR-17208,,,"1. Fornecer e substituir os rolamentos da manga de eixo traseira, lado direto e esquerdo;
 2. Fornecer e substituir o espelho de proteção da sapata;
 3. Fornecer e substituir o óleo do diferencial;
 4. Fornecer e substituir a junta da tampa da caixa satélite.
 5. Realizar lavagem e lubrificação do chassi, fornecendo a graxa apropriada para o serviço.",True,False,True,False,,,,veiculos_manutencao_freio
2023-01-23,TP-17205,196498.0,2745.0,"Fornecer e substituir o óleo do motor; Fornecer e substituir o filtro de óleo do motor; Fornecer e substituir o filtro de combustível; Fornecer e substituir o filtro de ar do motor; Fornecer e substituir o filtro de ar da cabine (ar condicionado); Fornecer e substituir o reservatório de água, completo; Fornecer e substituir todas as mangueiras do sistema de arrefecimento; Fornecer e substituir o líquido de arrefecimento com aditivo, conforme especificação do fabricante; Fornecer e substituir a válvula termostática, completa.",False,False,True,False,PREVENTIVA,COSMORAMA,FINALIZADA NA NEO,MANUTENÇÃO-2023
2023-01-19,MOB-17105,47500.0,549.9,"Fornecer e substituir a bateria do motor, conforme especificação do fabricante.",False,False,False,True,,RAVI MOTOS,FINALIZADA NA NEO,MANUTENÇÃO-2023
2023-01-16,AC-17002,152771.0,1300.0,"1. Fornecer e substituir a bateria do motor, de 95Ah, conforme especificação do fabricante.
 2. Realizar lavagem completa e lubrificação de todos os pontos de graxa, fornecendo e substituindo a graxa conforme especificação do fabricante.",False,False,False,True,,AUTO REPAIR 4x4,FINALIZADA NA NEO,MANUTENÇÃO-2023
2023-01-12,TP-17000,150565.0,441.8,"1. Fornecer e substituir o óleo do motor;
 2. Fornecer e substituir o filtro de óleo do motor;
 3. Fornecer e substituir o filtro de combustível;
 4. Fornecer e substituir o filtro de ar do motor;
 5. Fornecer e substituir o filtro de ar da cabine (ar condicionado). OBS.: SERVIÇO REALIZADO PELA OFICINA IKEDA",False,False,True,False,PREVENTIVA,MARVANS,FINALIZADA NA NEO,MANUTENÇÃO-2023
2023-01-12,VO-17007,131976.0,524.0,"1. Fornecer e substituir o óleo do motor;
 2. Fornecer e substituir o filtro de óleo do motor;
 3. Fornecer e substituir o filtro de combustível;
 4. Fornecer e substituir o filtro de ar do motor.",False,False,True,False,,COSMORAMA,FINALIZADA NA NEO,MANUTENÇÃO-2023
2023-01-11,UR-17206,168420.0,1470.0,BATERIA 95 AH,False,False,False,True,,VG ELETRO DIESEL,FINALIZADA NA NEO,MANUTENÇÃO-2023
2023-01-10,MO-17001,152247.0,1286.0,"1. Fornecer e substituir o óleo do motor;
 2. Fornecer e substituir o filtro de óleo do motor;
 3. Fornecer e substituir o filtro de combustível;
 4. Fornecer e substituir o filtro de ar do motor;
 5. Fornecer e substituir o filtro de ar da cabine (ar condicionado).
 6. Realizar lavagem completa do veículo, externa e interna.",False,False,True,False,,MARVANS,FINALIZADA NA NEO,MANUTENÇÃO-2023
2023-01-09,MOB-17102,67214.0,380.0,REPARO NO SISTEMA SONORO,False,False,False,False,,LUIZ (ENGESIG),NÃO HOUVE O.S.,MANUTENÇÃO-2023
2023-01-09,VO-17008,204505.0,,"TROCA DO VOLANTE DO MOTOR; E ?????????????. OBS.: VTR DEIXADA NA OFICINA MACCAR, PORÉM O SERVIÇO FOI EXECUTADO PELA ÁPICE PNEUS MOGI DEVIDO O MESMO ESTAR NA GARANTIA. TODAS AS DESPESAS GERADAS FORAM CUSTEADAS PELA OFINA ÁPICE PNEUS.",False,True,False,False,CORRETIVA,APICE MOGI,NÃO HOUVE O.S.,MANUTENÇÃO-2023
2023-01-02,AS-17101,280937.0,1860.0,FLEXÍVEL FREIO DIANT. E TRAS.; FLUIDO FREIO (DOT 4); REBITES E JOGO DE LONAS DE FREIO TRASEIRO; PATIM FREIO TRAS. L.E.,True,False,False,False,,BF DIESEL,NÃO HOUVE O.S.,MANUTENÇÃO-2023
2023-01-02,AS-17101,,,FLEXÍVEL FREIO DIANT. E TRAS.; FLUIDO FREIO (DOT 4); REBITES E JOGO DE LONAS DE FREIO TRASEIRO; PATIM FREIO TRAS. L.E.,True,False,False,False,,,,veiculos_manutencao_freio
2021-01-04,ABS-17205,2242.0,,"PAINEL DO GOVERNADOR APRESENTOU MANCHAS ESCURAS NA TELA DO PAINEL LUMINOSO, DIFICULTANDO A LEITURA",False,False,False,False,,,PENDENTE,CONTROLE  MAN. 181920
2020-12-28,TP-17004,102170.0,,INSPEÇÃO DE FREIO (PRÓXIMA INSP 107170 KM),True,False,False,False,,MULTI PNEUS,O.S. ENCERRADA,CONTROLE  MAN. 181920
2020-12-28,TP-17004,,,INSPEÇÃO DE FREIO (PRÓXIMA INSP 107170 KM),True,False,False,False,,,,veiculos_manutencao_freio
2020-12-22,TP-17001,,130.0,VAZAMENTO DE COMBUST. TANQUE (TROCA DA MANGUEIRA),False,False,False,False,,MAC SOM,O.S. ENCERRADA,CONTROLE  MAN. 181920
2020-12-22,UR-17208,44698.0,7178.0,TROCA DE KIT EMBREAGEM; ATUADOR HIDRAULICO EMBREAGEM; VOLANTE MOTOR; OLEO FREIO DOT 4.,True,False,True,False,,TRUCK SERVICE,O.S. ENCERRADA,CONTROLE  MAN. 181920
2020-12-22,UR-17208,,,TROCA DE KIT EMBREAGEM; ATUADOR HIDRAULICO EMBREAGEM; VOLANTE MOTOR; OLEO FREIO DOT 4.,True,False,True,False,,,,veiculos_manutencao_freio
2020-12-21,TP-17001,,75.0,"TROCA DA ""CEBOLINHA"" DE ÓLEO DO MOTOR",False,False,True,False,,MAC SOM,O.S. ENCERRADA,CONTROLE  MAN. 181920
2020-12-20,UR-17104,95391.0,,PROTETOR DO CÁRTER QUEBRADO,False,False,False,False,,,PENDENTE,CONTROLE  MAN. 181920
2020-12-18,AT-17104,,161.0,REPARO EM MOTOR DE ARRANQUE DO MOTOR ESTACIONÁRIO,False,False,False,False,,MAC SOM,O.S. ENCERRADA,CONTROLE  MAN. 181920
2020-12-18,CM-17102,26656.0,100.0,REVISÃO ELÉTRICA (TROCA DE LÂMPADAS),False,False,False,True,,MAC SOM,O.S. ENCERRADA,CONTROLE  MAN. 181920
2020-12-18,UT-17001,72654.0,,INSPEÇÃO DE FREIO (PRÓXIMA INSP 77000 KM),True,False,False,False,,APICE MOGI,O.S. ENCERRADA,CONTROLE  MAN. 181920
2020-12-18,UT-17001,,,INSPEÇÃO DE FREIO (PRÓXIMA INSP 77000 KM),True,False,False,False,,,,veiculos_manutencao_freio
2020-12-16,AB-17102,58097.0,,INPEÇÃO DE FREIO (PRÓXIMA INSP 58.700 MI),True,False,False,False,,IMADA,O.S. ENCERRADA,CONTROLE  MAN. 181920
2020-12-16,AB-17102,,,INPEÇÃO DE FREIO (PRÓXIMA INSP 58.700 MI),True,False,False,False,,,,veiculos_manutencao_freio
2020-12-16,AC-17002,109300.0,,INPEÇÃO DE FREIO (PRÓXIMA INSPEÇÃO COM 111.300 KM),True,False,False,False,,IKEDA,O.S. ENCERRADA,CONTROLE  MAN. 181920
2020-12-16,AC-17002,,,INPEÇÃO DE FREIO (PRÓXIMA INSPEÇÃO COM 111.300 KM),True,False,False,False,,,,veiculos_manutencao_freio
2020-12-16,CM-17101,113747.0,,INPEÇÃO DE FREIO (PROXIMA INSP 115.000 KM),True,False,False,False,,IMADA,O.S. ENCERRADA,CONTROLE  MAN. 181920
2020-12-16,CM-17101,,,INPEÇÃO DE FREIO (PROXIMA INSP 115.000 KM),True,False,False,False,,,,veiculos_manutencao_freio
2020-12-16,TP-17000,189295.0,256.0,TROCA DE ÓLEO E FILTROS E REVISÃO DE FREIO (PRÓXIMA TROCA: 197.000 KM ; PRÓXIMA INSP. 194.000 KM),True,False,True,False,,APICE MOGI,O.S. ENCERRADA,CONTROLE  MAN. 181920
2020-12-16,TP-17000,189307.0,25.0,SERVIÇO DE BORRACHARIA (REMENDO EM PNEU),False,True,False,False,,RE9 DIESEL,O.S. ENCERRADA,CONTROLE  MAN. 181920
2020-12-16,TP-17000,,,TROCA DE ÓLEO E FILTROS E REVISÃO DE FREIO (PRÓXIMA TROCA: 197.000 KM ; PRÓXIMA INSP. 194.000 KM),True,False,True,False,,,,veiculos_manutencao_freio
2020-12-16,UR-17104,95281.0,,INPEÇÃO DE FREIO (PRÓXIMA INSP 97.500 KM),True,False,False,False,,PREF. GMA,O.S. ENCERRADA,CONTROLE  MAN. 181920
2020-12-16,UR-17104,,,INPEÇÃO DE FREIO (PRÓXIMA INSP 97.500 KM),True,False,False,False,,,,veiculos_manutencao_freio
2020-12-15,ABS-17102,137050.0,50.0,TROCA DO TERMINAL DO ALTERNADOR,False,False,False,True,,MACSOM II,O.S. ENCERRADA,CONTROLE  MAN. 181920
2020-12-14,ABS-17102,137101.0,,INPEÇÃO DE FREIO (PRÓXIMA 140000),True,False,False,False,,IMADA,O.S. ENCERRADA,CONTROLE  MAN. 181920
2020-12-14,ABS-17102,,,INPEÇÃO DE FREIO (PRÓXIMA 140000),True,False,False,False,,,,veiculos_manutencao_freio
2020-12-14,AS-17101,255780.0,70.0,REPARO EM PNEU COM TROCA DE CAMARA DE AR,False,True,False,False,,RE9 DIESEL,O.S. ENCERRADA,CONTROLE  MAN. 181920
2020-12-14,AT-17103,109200.0,,INPEÇÃO DE FREIO (PRÓXIMA 112000),True,False,False,False,,IMADA,O.S. ENCERRADA,CONTROLE  MAN. 181920
2020-12-14,AT-17103,,,INPEÇÃO DE FREIO (PRÓXIMA 112000),True,False,False,False,,,,veiculos_manutencao_freio
2020-12-09,AC-17002,108866.0,40.0,TROCA DE 02 PNEUS TRASEIROS (OBS.: APENAS MONTAGEM - PNEUS FORNECIDOS PELA MOTOMEC),False,True,False,False,,R9 DIESEL,O.S. ENCERRADA,CONTROLE  MAN. 181920
2020-12-06,AT-17103,,,DURANTE ALINHAMENTO E BALANCIAMENTO NA OFICINA BORRACHEIRO VERIFICOU FOLGA DE ROLAMENTOS NAS RODAS DIANTEIRAS.,False,True,False,False,,,O.S. ENCERRADA,CONTROLE  MAN. 181920
2020-12-04,AT-17103,108931.0,180.0,MONTAGEM DE 6 PNEUS,False,True,False,False,,R9 DIESEL,O.S. ENCERRADA,CONTROLE  MAN. 181920
2020-12-04,AT-17103,108931.0,286.0,ALINHAMENTO E BALANCEAMENTO,False,True,False,False,,MV PNEUS,O.S. ENCERRADA,CONTROLE  MAN. 181920
2020-12-03,AE-17101,17689.0,,PAINEL SUPERIOR DE COMANDOS NÃO RESPONDE AO AVANÇO DA ESCADA,False,False,False,False,,,PENDENTE,CONTROLE  MAN. 181920
2020-12-03,CM-17101,113621.0,,MÁQUINA DE VIDRO COM DEFEITO,False,False,False,False,,PRONTIDÃO,O.S. ENCERRADA,CONTROLE  MAN. 181920
2020-12-03,RE-17101,0.0,81.0,"BOMBA DE C0MBUSTIVEL,MOTOR ESTAC.",False,False,False,False,,NOGUTI,O.S. ENCERRADA,CONTROLE  MAN. 181920
2020-12-03,VO-17003,241407.0,7338.0,RETIFICAR - CABEÇOTE; VALVULA DE ESCAP; VALVULA DE ADMISSÃO; BOMBA D AGUA; KIT CORREIA DENTADA COM TENSOR; JOGO DE JUNTA SUPERIOR DO CABEÇOTE; OLEO DO MOTOR 5W30; FILTRO DE ÓLEO; BOMBA DE ÓLEO; JOGO DE PISTÃO DO MOTOR; JOGO DE ANEIS; JOGO DE BRONZINA DE BIELA; JOGO DE BRONZINA DE MANCAL; SELO DO BLOCO DO MOTOR ; RETIFICAR - BLOCO; RETIFICAR - VIRA BREQUIM; RETIFICAR - 4 BIELAS; RETENTOR DO VOLANTE; RETENTOR DO COMANDO; RETENTOR DIANTEIRO DO VIRA ................(PRÓXIMA TROCA DE ÓLEO E FILTROS: 251.500 KM ////// PRÓXIMA TROCA DA CORREIA DENTADA: 280.000 KM),False,False,True,False,,AUTO CENTER COSMORAMA,O.S. ENCERRADA,CONTROLE  MAN. 181920
2020-12-02,TP-17002,445293.0,,ÓLEO ENTRANDO NAS VELAS POR CONTA DE RETENTOR ESTOURADO TENDO QUE SUBSTITUIR. VAI TER QUE ABRIR O MOTOR PARA SUBSTITUI-LO. MÊCANICO DA ANÁLISE VITOR.,False,False,True,False,,,,CONTROLE  MAN. 181920
2020-12-01,CM-17101,113586.0,,BOMBA INJETORA C/ VAZAMENTE EM UM DOS BICOS,False,False,False,False,,,O.S. ENCERRADA,CONTROLE  MAN. 181920
2020-11-30,TP-17001,258278.0,70.0,REPARO EM VENTOINHA E CHICOTE DO RAY LIGHT,False,False,False,True,,MAC SOM,O.S. ENCERRADA,CONTROLE  MAN. 181920
2020-11-29,AS-17201,167533.0,,FREIO ESTACIONÁRIO NÃO FUNCIONA,True,False,False,False,,,PENDENTE,CONTROLE  MAN. 181920
2020-11-29,AS-17201,,,FREIO ESTACIONÁRIO NÃO FUNCIONA,True,False,False,False,,,,veiculos_manutencao_freio
2020-11-27,TP-17002,444982.0,1460.19,"JOGO DE CABO DE VELA DE IGNIÇÃO; JOGO DE VELA; JOGO REPARO INJETOR; FILTRO COMBUSTÍVEL; KIT EMBREAGEM (PLATO, DISCO E ROLAMENTO); LIMPEZA DE BICO INJETOR; RETIFICAR VOLANTE",True,False,True,False,,MECÂNICA BOSS,O.S. ENCERRADA,CONTROLE  MAN. 181920
2020-11-27,TP-17002,,,"JOGO DE CABO DE VELA DE IGNIÇÃO; JOGO DE VELA; JOGO REPARO INJETOR; FILTRO COMBUSTÍVEL; KIT EMBREAGEM (PLATO, DISCO E ROLAMENTO); LIMPEZA DE BICO INJETOR; RETIFICAR VOLANTE",True,False,True,False,,,,veiculos_manutencao_freio
2020-11-26,ABS-17102,136242.0,,HI LIGHT E SIRENE DESLIGAM DURANTE DESLOCAMENTO DEIXANDO A SEGURANÇA COMPROMETIDA.,False,False,False,False,,,PENDENTE,CONTROLE  MAN. 181920
2020-11-25,ABS-17101,223112.0,,TROCA DE 04 PNEUS,False,True,False,False,,CSM/MOpB,O.S. ENCERRADA,CONTROLE  MAN. 181920
2020-11-25,MOB-17101,55010.0,942.0,TROCA RETENTOR DAS BENGALAS,False,False,False,False,,JR MOTOS,O.S. ENCERRADA,CONTROLE  MAN. 181920
2020-11-24,AS-17101,254502.0,90.0,"MÃO DE OBRA: TROCA DE DOIS PNEUS DINTEIRO, CAMARA E PROTETOR",False,True,False,False,,RE9,O.S. ENCERRADA,CONTROLE  MAN. 181920
2020-11-24,AT-17103,,1500.0,"REPARO NO PARACHOQUE DIANTEIRO, TROCA DA LÂMPADA DO FAROL",False,False,False,True,,ESTRELA,O.S. ENCERRADA,CONTROLE  MAN. 181920
2020-11-24,AT-17104,125000.0,3000.0,REPARO EM PINTURA (REVITALIZAÇÃO),False,False,False,False,,ESTRELA,O.S. ENCERRADA,CONTROLE  MAN. 181920
2020-11-24,TP-17001,258248.0,416.0,TROCA DE BOMBA DE ÁGUA E VÁLVULA TERMOSTÁTICA,False,False,False,False,,MULTI PNEUS,O.S. ENCERRADA,CONTROLE  MAN. 181920
2020-11-23,MOB-17104,37827.0,542.6,"TROCA DE OLEO,FILTRO DE AR E MOTOR",False,False,True,False,,JR MOTO,O.S. ENCERRADA,CONTROLE  MAN. 181920
2020-11-23,MOB-17105,25832.0,542.6,"TROCA DE OLEO,FILTRO DE AR E MOTOR",False,False,True,False,,JR MOTO,O.S. ENCERRADA,CONTROLE  MAN. 181920
2020-11-19,TP-17000,187379.0,33.0,REPARO EM PNEU LADO DIR. TRAS,False,True,False,False,,MV PNEUS,O.S. ENCERRADA,CONTROLE  MAN. 181920
2020-11-18,ABS-17101,222972.0,,ODÔMETRO COM DEFEITO,False,False,False,False,,,PENDENTE,CONTROLE  MAN. 181920
2020-11-18,AC-17002,107563.0,50.0,DIAGNÓSTICOPANE NO SISTEMA DE RAY LIGHT E SIRENE,False,False,False,False,,MACSOM II,O.S. ENCERRADA,CONTROLE  MAN. 181920
2020-11-18,AS-17101,253900.0,3050.0,"TROCA DE 04 PNEUS, 02 CAMERAS DE AR, 01 PROTETOR NOVO",False,True,False,False,,MV PNEUS,O.S. ENCERRADA,CONTROLE  MAN. 181920
2020-11-17,AS-17101,254022.0,165.0,REPARO EM TUBULAÇÃO DO SISTEMA DE INJEÇÃO,False,False,False,False,,BF DIESEL,O.S. ENCERRADA,CONTROLE  MAN. 181920
2020-11-17,AT-17202,71014.0,,"FREIO ESTACIONÁRIO, REVISÃO DE FREIO, 2 MARCHA NÃO ENGATA, SUSPENSÃO BATENDO",True,False,False,False,,,PENDENTE,CONTROLE  MAN. 181920
2020-11-17,AT-17202,,,"FREIO ESTACIONÁRIO, REVISÃO DE FREIO, 2 MARCHA NÃO ENGATA, SUSPENSÃO BATENDO",True,False,False,False,,,,veiculos_manutencao_freio
2020-11-17,TP-17004,96882.0,616.0,TROCA DE ROLAMENTO E HOMOCINÉTICA LD,False,False,False,False,,MULTI PNEUS,O.S. ENCERRADA,CONTROLE  MAN. 181920
2020-11-16,AC-17002,107308.0,1411.0,"(PRÓXIMA TROCA 115.000)TROCA DE ÓLEO, FILTROS E REVISÃO DE FREIO, TROCA DE PASTILHA DIANTEIRA, 02 PIVÔS, RETÍFICA DE DISCO DE FREIO, ALINHAMENTO BALANCEAMENTO.",True,True,True,False,,IKEDA,O.S. ENCERRADA,CONTROLE  MAN. 181920
2020-11-16,AC-17002,,,"(PRÓXIMA TROCA 115.000)TROCA DE ÓLEO, FILTROS E REVISÃO DE FREIO, TROCA DE PASTILHA DIANTEIRA, 02 PIVÔS, RETÍFICA DE DISCO DE FREIO, ALINHAMENTO BALANCEAMENTO.",True,True,True,False,,,,veiculos_manutencao_freio
2020-11-16,RE-17101,113468.0,,REPARO EM PNEU LD EXTERNO,False,True,False,False,,RE9,O.S. ENCERRADA,CONTROLE  MAN. 181920
2020-11-16,RE-17101,113468.0,357.65,"TROCA DE CARBURADOR, FILTRO DE COMBUSTÍVEL E ÓLEO DO MOTOR ESTACIONÁRIO",False,False,True,False,,NOGUTI,O.S. ENCERRADA,CONTROLE  MAN. 181920
2020-11-13,AS-17101,253810.0,,REVISÃO DE FREIO,True,False,False,False,,IMADA,O.S. ENCERRADA,CONTROLE  MAN. 181920
2020-11-13,AS-17101,,,REVISÃO DE FREIO,True,False,False,False,,,,veiculos_manutencao_freio
2020-11-13,TP-17000,186097.0,,REVISÃO DE FREIO (RODAR MAIS 2000),True,False,False,False,,APICE,O.S. ENCERRADA,CONTROLE  MAN. 181920
2020-11-13,TP-17000,,,REVISÃO DE FREIO (RODAR MAIS 2000),True,False,False,False,,,,veiculos_manutencao_freio
2020-11-13,TP-17004,96040.0,438.95,"TROCA DE ÓLEO, FILTROS E REVISÃO DE FREIO",True,False,True,False,,APICE,O.S. ENCERRADA,CONTROLE  MAN. 181920
2020-11-13,TP-17004,,,"TROCA DE ÓLEO, FILTROS E REVISÃO DE FREIO",True,False,True,False,,,,veiculos_manutencao_freio
2020-11-13,TP-17007,199307.0,3295.0,"AMORTECEDOR,COXIM, FILTROS, ÓLEO DE MOTOR, BANDEJA DA SUSPENSÃO, VÁLVULA TERMOSTÁTICA, ALINHAMENTO, BALANCEAMENTO, MONTAGEM DE 4 PNEUS",False,True,True,False,,APICE NEO,O.S. ENCERRADA,CONTROLE  MAN. 181920
2020-11-13,UT-17001,70476.0,335.0,"TROCA DE ÓLEO, FILTROS",False,False,True,False,,APICE,O.S. ENCERRADA,CONTROLE  MAN. 181920
2020-11-11,CA-17001,244938.0,,TROCA DA PALHETA DO LIMPADOR DE PARABRISA,False,False,False,False,,MOTOMEC,O.S. ENCERRADA,CONTROLE  MAN. 181920
2020-11-10,UT-17002,198616.0,430.0,TROCA DA POLIA DO ALTERNADOR E CORREIA,False,False,False,True,,MACSOM II,O.S. ENCERRADA,CONTROLE  MAN. 181920
2020-11-09,ABS-17102,135747.0,3480.0,"BICO E BOMBA DE COMBUSTÍVEL, CONFIGURAÇÃO DO MÓDULO DE POTENCIA",False,False,False,False,,BF DIESEL,O.S. ENCERRADA,CONTROLE  MAN. 181920
2020-11-09,AE-17101,17689.0,1310.0,REVISÃO E TROCA DE COMPONENTES DO MOTOR DE ARRANQUE,False,False,False,False,,MACSOM II,O.S. ENCERRADA,CONTROLE  MAN. 181920
2020-11-09,CA-17001,244900.0,650.0,REFORMA DO RADIADOR,False,False,False,False,,SLC RADIADORES,O.S. ENCERRADA,CONTROLE  MAN. 181920
2020-11-08,ASE-17101,140995.0,,CABO DE AÇO DO ACELERADOR DO GERADOR,False,False,False,False,,EVR REPRESENTAÇÕES,O.S. ENCERRADA,CONTROLE  MAN. 181920
2020-11-07,CA-17001,,,RODA COM BARULHO DIANT. DIR.,False,False,False,False,,,PENDENTE,CONTROLE  MAN. 181920
2020-11-07,MOB-17101,,,RICALL CHICOTE,False,False,False,True,,MOTO FIELD,O.S. ENCERRADA,CONTROLE  MAN. 181920
2020-11-07,TP-17007,,,BARULHO NO CÂMBIO,False,False,False,False,,,PENDENTE,CONTROLE  MAN. 181920
2020-11-07,VO-17008,,,INST. RÁDIO,False,False,False,False,,CSM/MOpB,O.S. ENCERRADA,CONTROLE  MAN. 181920
2020-11-06,AB-17102,56000.0,300.0,TROCA DE BOMBA DE ÁGUA,False,False,False,False,,BF DIESEL,O.S. ENCERRADA,CONTROLE  MAN. 181920
2020-11-06,AB-17102,56000.0,324.75,COMPRA BOMBA DE ÁGUA,False,False,False,False,,NOGUTI CAMINHÕES,O.S. ENCERRADA,CONTROLE  MAN. 181920
2020-11-06,TP-17001,256405.0,1060.0,"TROCA DE ÓLEO, REVISÃO DE FREIO, REVISÃO EM SISTEMA DE ARREFECIMENTO COM TROCA DE RESERVBATÓRIO DE ÁGUA",True,False,True,False,,R9 AUTO PEÇAS E SERVIÇOS,O.S. ENCERRADA,CONTROLE  MAN. 181920
2020-11-06,TP-17001,,,"TROCA DE ÓLEO, REVISÃO DE FREIO, REVISÃO EM SISTEMA DE ARREFECIMENTO COM TROCA DE RESERVBATÓRIO DE ÁGUA",True,False,True,False,,,,veiculos_manutencao_freio
2020-11-06,VO-17008,180688.0,6585.5,OLEO MOTOR DIESEL 15W40; COMPRESSOR DO AR CONDICIONADO; CORREIA DO ALTERNADOR; CORREIA DO AR CONDICIONADO; ROLAMENTO GUIA DA CORREIA DO ALTERNADOR; ROLAMENTO TENSOR DA CORREIA DO ALTERNADOR; BATERIA 60AH; FILTRO DE COMBUSTÍVEL; FILTRO DE AR; FILTRO DE OLEO; CARGA DE GAS; INSTALAÇÃO DE CHAVE GERAL; RECONDICIONAR MOTOR DE ARRANQUE; RECONDICIONAR ALTERNADOR.,False,False,True,True,,APICE,O.S. ENCERRADA,CONTROLE  MAN. 181920
2020-11-04,ABE-17101,107838.0,,"PORTA DO MOTORISTA NÃO ABRE, VIDRO DO LADO DIR TRASEIRO PASSAGEIRO NÃO ABRE, VAZAMENTO DE ÓLEO NA ESCADA, PATOLAS NÃO FUNCIONAM",False,False,True,False,,EVR REPRESENTAÇÕES,O.S. ENCERRADA,CONTROLE  MAN. 181920
2020-11-04,ABS-17101,222970.0,280.0,TROCA DE ÓLEO E FILTROS,False,False,True,False,,IMADA,O.S. ENCERRADA,CONTROLE  MAN. 181920
2020-11-04,UR-17104,91756.0,5223.33,"REPARO EM MOTOR DE ARRANQUE, SUSPENSÃO COM TROCA DE AMORTECEDORES E BATENTES",False,False,False,False,,INJETRONIC,O.S. ENCERRADA,CONTROLE  MAN. 181920
2020-11-03,ABS-17102,135568.0,280.0,"TROCA DE FILTRO DE AR E COMBUSTÍVEL, TROCA DA VÁLVULA SOLENOIDE DO FREIO MOTOR",True,False,True,False,,IMADA,O.S. ENCERRADA,CONTROLE  MAN. 181920
2020-11-03,ABS-17102,,,"TROCA DE FILTRO DE AR E COMBUSTÍVEL, TROCA DA VÁLVULA SOLENOIDE DO FREIO MOTOR",True,False,True,False,,,,veiculos_manutencao_freio
2020-11-03,CM-17101,113350.0,,REGULAGEM DE FREIOS (PRÓX. REV. 114500 KM),True,False,False,False,,IMADA,NÃO HOUVE O.S. (GEFROE),CONTROLE  MAN. 181920
2020-11-03,CM-17101,113350.0,,TROCA DE FUSÍVEL; TROCA DE 01 LÂMPADA DE RÉ; TROCA DE 01 LÂMPADA INDICADORA DA LUZ DE RÉ.,False,False,False,True,,MACSOM II,O.S. ENCERRADA,CONTROLE  MAN. 181920
2020-11-03,CM-17101,,,REGULAGEM DE FREIOS (PRÓX. REV. 114500 KM),True,False,False,False,,,,veiculos_manutencao_freio
2020-10-30,AB-17102,56441.0,,TROCA DE ÓLEO E FILTROS (PRÓXIMA TROCA COM 63.000 MILHAS),False,False,True,False,,INJETRONIC,O.S. ENCERRADA,CONTROLE  MAN. 181920
2020-10-29,ABS-17101,222969.0,980.0,RECONDICIONAMENTO DO COMPRESSOR DE AR,False,False,False,False,,CAR FREIOS,O.S. ENCERRADA,CONTROLE  MAN. 181920
2020-10-29,AE-17101,107853.0,4880.0,RETÍFICA DE CILINDRO DA PATOLA,False,False,False,False,,EVR REPRESENTAÇÕES,O.S. ENCERRADA,CONTROLE  MAN. 181920
2020-10-29,TP-17007,,3786.1,"TROCA DE ÓLEO DE CÁRTER, FILTROS, TROCA DA BANDEJA DIANT. DIR, MANGUEIRA SUPERIOR DO RADIADOR, VÁLVULA TERMOSTÁTICA, MONTAGEM DE 04 PNEUS DO CSM/MOpB, ALINHAMENTO, BALANCEAMENTO, HIGIENIZAÇÃO DO AR COND. 02 AMORTECEDORES DIANT. CAXIM DE CÂMBIO E MOTOR.",False,True,True,False,,APICE,O.S. ENCERRADA,CONTROLE  MAN. 181920
2020-10-28,ABS-17101,222900.0,625.82,"FILTROS DE ÓLEO, AR, COMBUST. KIT FILTRO, VALV. DO FREIO MOTOR",True,False,True,False,,NOGUTI CAMINHÕES,O.S. ENCERRADA,CONTROLE  MAN. 181920
2020-10-28,ABS-17101,,,"FILTROS DE ÓLEO, AR, COMBUST. KIT FILTRO, VALV. DO FREIO MOTOR",True,False,True,False,,,,veiculos_manutencao_freio
2020-10-26,ABS-17101,223201.0,,"VAZAMENTO DE AR NO SISTEMA DE FREIO, DEMORA AO CARREGAR OS RESERVATÓRIOS DE AR E DESCARREGAR RAPIDAMENTE. /////// RESOLVIDO. INFORMAÇÕES FORNECIDAS PELO SD PM LUIS FERNANDO DA BB GMA, EM 28JAN21.",True,False,False,False,,BB GMA,NÃO HOUVE O.S. (GEFROE),CONTROLE  MAN. 181920
2020-10-26,ABS-17101,,,"VAZAMENTO DE AR NO SISTEMA DE FREIO, DEMORA AO CARREGAR OS RESERVATÓRIOS DE AR E DESCARREGAR RAPIDAMENTE. /////// RESOLVIDO. INFORMAÇÕES FORNECIDAS PELO SD PM LUIS FERNANDO DA BB GMA, EM 28JAN21.",True,False,False,False,,,,veiculos_manutencao_freio
2020-10-26,ABS-17102,135206.0,,"TROCA DO ROTOR, RETENTOR E REPARO NO EIXO DA BOMBA; REPARO NO SISTEMA DE ESCORVA; TROCA DE ÓLEO DO MOTOR; TROCA DO ÓLEO DE CÂMBIO; TROCA DE FILTROS; LUBRIFICAÇÃO. (PRÓXIMA TROCA DE ÓLEO: 143.000 KM)",False,False,True,False,,CSM/MOpB,NÃO HOUVE O.S. (GEFROE),CONTROLE  MAN. 181920
2020-10-23,ABE-17101,107571.0,,INSPEÇÃO DE FREIO. PRÓXIMA INSPEÇÃO: 108500 MILHAS,True,False,False,False,,IMADA,NÃO HOUVE O.S. (GEFROE),CONTROLE  MAN. 181920
2020-10-23,ABE-17101,,,INSPEÇÃO DE FREIO. PRÓXIMA INSPEÇÃO: 108500 MILHAS,True,False,False,False,,,,veiculos_manutencao_freio
2020-10-23,AT-17104,124870.0,,INSPEÇÃO DE FREIO. PRÓXIMA INSPEÇÃO: 126000 KM,True,False,False,False,,IMADA,NÃO HOUVE O.S. (GEFROE),CONTROLE  MAN. 181920
2020-10-23,AT-17104,124880.0,180.0,02 LÂMPADAS H1 24V; 05 LÂMPADAS 24V; 01 PORTA FUSÍVEL,False,False,False,True,,MACSOM II,O.S. ENCERRADA,CONTROLE  MAN. 181920
2020-10-23,AT-17104,,,INSPEÇÃO DE FREIO. PRÓXIMA INSPEÇÃO: 126000 KM,True,False,False,False,,,,veiculos_manutencao_freio
2020-10-21,AS-17101,252460.0,64.64,04 INSERT 8MM; 04 INSERT 6MM; 02 UNIÃO DUPLA 6MM; 06 BUCHA DO PEDAL ACELERADOR; 01 TOMADA TIPO CACHIMBO MAIOR,False,False,False,False,,NOGUTI CAMINHÕES,O.S. ENCERRADA,CONTROLE  MAN. 181920
2020-10-21,TP-17001,,30.0,TROCA DE LÂMPADAS,False,False,False,True,,MACSOM II,O.S. ENCERRADA,CONTROLE  MAN. 181920
2020-10-20,TP-17000,183000.0,876.0,TROCA DO ÓLEO DE CÂMBIO; TROCA DO FILTRO DE COMBUSTÍVEL; TROCA DO FILTRO DE AR DO MOTOR; TROCA DO FILTRO DE ÓLEO; TROCA DE ÓLEO (10W40 - CASTROL MAGNATEC SEMI SINTÉTICO); TROCA DO FILTRO DE CABINE; HIGIENIZAÇÃO DO AR CONDICIONADO; REGULAGEM DO FREIO ESTACIONÁRIO; LIMPEZA DO SISTEMA DE FREIOS; TROCA DO FLUIDO DE FREIO (DOT 4). (PRÓXIMA TROCA DE ÓLEO E FILTROS: 191.000 KM ///// PRÓXIMA INSPEÇÃO DE FREIOS: 185.000),True,False,True,False,,ÁPICE MOGI,O.S. ENCERRADA,CONTROLE  MAN. 181920
2020-10-20,TP-17000,,,TROCA DO ÓLEO DE CÂMBIO; TROCA DO FILTRO DE COMBUSTÍVEL; TROCA DO FILTRO DE AR DO MOTOR; TROCA DO FILTRO DE ÓLEO; TROCA DE ÓLEO (10W40 - CASTROL MAGNATEC SEMI SINTÉTICO); TROCA DO FILTRO DE CABINE; HIGIENIZAÇÃO DO AR CONDICIONADO; REGULAGEM DO FREIO ESTACIONÁRIO; LIMPEZA DO SISTEMA DE FREIOS; TROCA DO FLUIDO DE FREIO (DOT 4). (PRÓXIMA TROCA DE ÓLEO E FILTROS: 191.000 KM ///// PRÓXIMA INSPEÇÃO DE FREIOS: 185.000),True,False,True,False,,,,veiculos_manutencao_freio
2020-10-16,ASE-17101,140650.0,3978.35,COMPRA DE: 01 PLATÔ SCANIA; 01 DISCO EMBREAGEM; 01 MANCAL DE EMBR. ALTO; 01 ADESIVO TRAVA PARAFUSO; 01 RETENTOR MANCAL TRASEIRO; 01 ROLAMENTO PONTA DE EIXO PILOTO; 01 SILICONE CINZA; 08 PARAFUSOS VOLANTE DO MOTOR.,True,False,False,False,,NOGUTI CAMINHÕES,O.S. ENCERRADA,CONTROLE  MAN. 181920
2020-10-16,ASE-17101,,,COMPRA DE: 01 PLATÔ SCANIA; 01 DISCO EMBREAGEM; 01 MANCAL DE EMBR. ALTO; 01 ADESIVO TRAVA PARAFUSO; 01 RETENTOR MANCAL TRASEIRO; 01 ROLAMENTO PONTA DE EIXO PILOTO; 01 SILICONE CINZA; 08 PARAFUSOS VOLANTE DO MOTOR.,True,False,False,False,,,,veiculos_manutencao_freio
2020-10-16,AT-17103,106803.0,,INSPEÇÃO DE FREIO (PRÓXIMA INSPEÇÃO: 109.000 KM),True,False,False,False,,IMADA,NÃO HOUVE O.S. (GEFROE),CONTROLE  MAN. 181920
2020-10-16,AT-17103,106820.0,3640.0,REPARO EM FEIXE DE MOLA,False,False,False,False,,ELPÍDIO,O.S. ENCERRADA,CONTROLE  MAN. 181920
2020-10-16,AT-17103,,,INSPEÇÃO DE FREIO (PRÓXIMA INSPEÇÃO: 109.000 KM),True,False,False,False,,,,veiculos_manutencao_freio
2020-10-14,ASE-17101,140650.0,536.92,COMPRA DE: 01 FILTRO DE AR; 01 FILTRO DE ÓLEO HIDRÁULICO; 02 FILTRO DE COMBUSTÍVEL (SCANIA: TODOS); 01 FILTRO DE ÓLEO DO MOTOR; 01 FILTRO REFRIG. ÁGUA; 01 FILTRO DE COMBUSTÍVEL (SCANIA 114).,False,False,True,False,,NOGUTI CAMINHÕES,O.S. ENCERRADA,CONTROLE  MAN. 181920
2020-10-14,ASE-17101,140650.0,5860.0,TROCA DE: ÓLEO DO MOTOR; 01 FILTRO DE AR; 01 FILTRO DE ÓLEO HIDRÁULICO; 02 FILTRO DE COMBUSTÍVEL (SCANIA: TODOS); 01 FILTRO DE ÓLEO DO MOTOR; 01 FILTRO REFRIG. ÁGUA; 01 FILTRO DE COMBUSTÍVEL (SCANIA 114). (PRÓXIMA TROCA DE ÓLEO E FILTROS: 149.000 KM),False,False,True,False,,IMADA,O.S. ENCERRADA,CONTROLE  MAN. 181920
2020-10-14,AT-17104,124200.0,450.0,COMPRA DE: 01 SILENCIOSO DA BOMBA ESTACIONÁRIA,False,False,False,False,,MIZUTA ESCAPAMENTOS,O.S. ENCERRADA,CONTROLE  MAN. 181920
2020-10-14,CM-17101,112900.0,180.0,02 MONTAGENS DE PNEUS; TROCA DE 01 PROTETOR DE CÂMARA; 02 TROCAS DE PNEUS,False,True,False,False,,RE9 DIESEL,O.S. ENCERRADA,CONTROLE  MAN. 181920
2020-10-09,ABE-17101,107344.0,9706.4,Mangueira hidraulica R2 3/4 - 2500/FG7/8J/FG1; Mangueira hidráulica R2 1-1100/MF1NPT/FGI; REPARAR cilindros hidráulico; Retificar e cromar a haste dos cilindros; Brunir camisa dos cilindros; substituir todas as vedações; Filtro hidráulico de pressão; troca das gaxetas dos mancais da bomba traseira e dianteira; Serviço de limpeza do reservatório de óleo hidráulico e troca do óleo.,False,False,True,False,,EVR REPRESENTAÇÕES,O.S. ENCERRADA,CONTROLE  MAN. 181920
2020-10-09,UT-17002,198260.0,34.8,COMPRA DA CORREA DO ALTERNADOR,False,False,False,True,,NOGUTI CAMINHÕES,O.S. ENCERRADA,CONTROLE  MAN. 181920
2020-10-09,UT-17002,198260.0,50.0,TROCA DA CORREA DO ALTERNADOR,False,False,False,True,,MACSOM II,O.S. ENCERRADA,CONTROLE  MAN. 181920
2020-10-06,ABE-17101,,385.0,REPARAÇÃO EM TRAVA DO PINO DO JUMELO,False,False,False,False,,IMADA,O.S. ENCERRADA,CONTROLE  MAN. 181920
2020-10-06,AC-17002,105037.0,130.0,TROCA DA CORREIA DO AR CONDICIONADO,False,False,False,False,,VICAL,O.S. ENCERRADA,CONTROLE  MAN. 181920
2020-10-06,AC-17002,105037.0,137.57,COMPRA DO HÉLICE DO RADIADOR,False,False,False,False,,NOGUTI CAMINHÕES,O.S. ENCERRADA,CONTROLE  MAN. 181920
2020-10-06,AC-17002,105037.0,345.0,"INTALAÇÃO DO HÉLICE DO RADIADOR, CORREIA DO ALTERNADOR, BALANCEAMENTO DE RODAS DIANTEIRA",False,True,False,True,,MULTI PNEUS,O.S. ENCERRADA,CONTROLE  MAN. 181920
2020-10-06,AT-17103,,29.0,REPARO DE MANGUEIRA PARA O MANGOTTINHO,False,False,False,False,,UNIFLEX,O.S. ENCERRADA,CONTROLE  MAN. 181920
2020-10-06,AT-17103,,3984.9,COMPRA DE MANGUEIRA PARA MANGOTINHO,False,False,False,False,,UNIFLEX,O.S. ENCERRADA,CONTROLE  MAN. 181920
2020-10-06,AT-17104,,550.0,TROCA DE PARABRISA,False,False,False,False,,VIDROSHIMA,O.S. ENCERRADA,CONTROLE  MAN. 181920
2020-10-06,MOTOMEC,,190.62,COMPRA DE: 03 LÂMPADAS H1 12V; 04 LÂMPADAS H1 24V; 01 LÂMPADA H3 24V; 02 LÂMPADAS H4 12V,False,False,False,True,,NOGUTI CAMINHÕES,O.S. ENCERRADA,CONTROLE  MAN. 181920
2020-10-06,VO-17003,240405.0,600.0,TROCA DA SONDA LAMBIDA E JOGO DE VELA ( FOI PASSADO O SCANER,False,False,False,False,,ÁPICE MOGI,O.S. ENCERRADA,CONTROLE  MAN. 181920
2020-10-05,ABE-17101,,150.0,TROCA DE 04 PNEUS TRASEIRO,False,True,False,False,,RE9 DIESEL,O.S. ENCERRADA,CONTROLE  MAN. 181920
2020-10-02,AB-17102,56441.0,15226.67,"Recondicionar 02(duas) mangas do eixo dianteiro, Recondicionar a barra longa da direção,Recondicionar a caixa de direção (vazamento/folga), Recondicionar o feixe de molas dianteiro (ambos os lados), Fornecer e substituir todos os parafusos e porcas do suporte do feixe de molas dianteiro (ambos os lados), Fornecer e substituir 02(dois) amortecedores dianteiros, Fazer o alinhamento da direção",False,True,False,False,,INJETRONIC,O.S. FINALIZADA NA NEO,CONTROLE  MAN. 181920
2020-10-02,ASE-17101,140738.0,,INSPEÇÃO DE FREIO (PRÓXIMA REVISÃO KM 144000),True,False,False,False,,IMADA,NÃO HOUVE O.S. (GEFROE),CONTROLE  MAN. 181920
2020-10-02,ASE-17101,140738.0,,TROCA DO DRIVE DA SIRENE,False,False,False,False,,MOTOMEC,O.S. ENCERRADA,CONTROLE  MAN. 181920
2020-10-02,ASE-17101,,,INSPEÇÃO DE FREIO (PRÓXIMA REVISÃO KM 144000),True,False,False,False,,,,veiculos_manutencao_freio
2020-09-29,AE-17101,17495.0,,TROCA DE PARAFUSOS E REAPERTOS,False,False,False,False,,CSM/MOpB,NÃO HOUVE O.S. (GEFROE),CONTROLE  MAN. 181920
2020-09-29,MOB-17101,54396.0,,TROCA DE ÓLEO E FILTROS,False,False,True,False,,CSM/MOpB,NÃO HOUVE O.S. (GEFROE),CONTROLE  MAN. 181920
2020-09-28,AS-17101,,785.0,CAIXA DE DIREÇÃO (INSTALAÇÃO),False,False,False,False,,IMADA,O.S. ENCERRADA,CONTROLE  MAN. 181920
2020-09-28,AS-17101,,3900.0,COMPRA CAIXA DE DIREÇÃO,False,False,False,False,,INJETRONIC,O.S. ENCERRADA,CONTROLE  MAN. 181920
2020-09-28,AT-17104,123580.0,2721.0,substituir 01(um) filtro FBA331 de água do motor; substituir 01(um) filtro WK1060/2 de combustível; substituir 02(dois) filtros P4102 ; substituir 01(um) filtro Aceit PH9A de óleo; substituir 01(um) filtro de ar CA4221A do motor; substituir o óleo do motor 15W40 turbo;,False,False,True,False,,INJETRONIC,O.S. ENCERRADA,CONTROLE  MAN. 181920
2020-09-28,AT-17104,123580.0,,(motor estacionário) substituir Oleo 20W50 gasolina; substituir 01(um) filtro de gasolina KL222; substituir 01(um) filtro PH13 de óleo; substituir 01 (um) filtro de ar CA3333A.,False,False,True,False,,,O.S. ENCERRADA,CONTROLE  MAN. 181920
2020-09-28,MO-17001,130717.0,3459.33,substituir o jogo de pastilhas de freio dianteiro; substituir o jogo de pastilhas de freio traseiro; substituir os 02(dois) discos de freio traseiros; substituir o fluído de freio (DOT4); substituir o jogo de sapatas de freio traseiro; substituir os 02(dois) amortecedores traseiros; substituir os 02(dois) batentes da suspensão dianteira; polimento da carroceria; instalação de película protetora nos vidros; LIMPEZA SISTEMA DE FREIO.,True,False,False,False,,APICE PNEUS (MOGI),O.S. FINALIZADA NA NEO,CONTROLE  MAN. 181920
2020-09-28,MO-17001,,,substituir o jogo de pastilhas de freio dianteiro; substituir o jogo de pastilhas de freio traseiro; substituir os 02(dois) discos de freio traseiros; substituir o fluído de freio (DOT4); substituir o jogo de sapatas de freio traseiro; substituir os 02(dois) amortecedores traseiros; substituir os 02(dois) batentes da suspensão dianteira; polimento da carroceria; instalação de película protetora nos vidros; LIMPEZA SISTEMA DE FREIO.,True,False,False,False,,,,veiculos_manutencao_freio
2020-09-28,TP-17002,440690.0,2113.2,"substituir 02(dois) cilindros de roda traseiros; substituir aditivo do sistema de arrefecimento; substituir o fluído de freio (DOT4); substituir os 04(quatro)pneus (medidas 175/70 R13, 82P); substituir os 04(quatro) bicos para pneu s/câmara; substituir a bomba dágua.",True,True,False,False,,APICE PNEUS (MOGI),O.S. ENCERRADA,CONTROLE  MAN. 181920
2020-09-28,TP-17002,,,"substituir 02(dois) cilindros de roda traseiros; substituir aditivo do sistema de arrefecimento; substituir o fluído de freio (DOT4); substituir os 04(quatro)pneus (medidas 175/70 R13, 82P); substituir os 04(quatro) bicos para pneu s/câmara; substituir a bomba dágua.",True,True,False,False,,,,veiculos_manutencao_freio
2020-09-28,TP-17004,90700.0,2573.0,substituir a coifa do câmbio (lado esquerdo); substituir o jogo de pastilha de freio dianteiro; substituir 02(dois) discos de freio (sólidos); substituir o óleo de câmbio ; substituir as 02(duas) buchas do eixo traseiro; substituir os 02(dois)pneus traseiros (medidas 185/65 R15); substituir os 02(dois) bicos para pneu s/câmara; substituir o fluído de freio (DOT4).,True,True,True,False,,APICE PNEUS (MOGI),O.S. FINALIZADA NA NEO,CONTROLE  MAN. 181920
2020-09-28,TP-17004,,,substituir a coifa do câmbio (lado esquerdo); substituir o jogo de pastilha de freio dianteiro; substituir 02(dois) discos de freio (sólidos); substituir o óleo de câmbio ; substituir as 02(duas) buchas do eixo traseiro; substituir os 02(dois)pneus traseiros (medidas 185/65 R15); substituir os 02(dois) bicos para pneu s/câmara; substituir o fluído de freio (DOT4).,True,True,True,False,,,,veiculos_manutencao_freio
2020-09-28,UR-17104,91619.0,955.6,substituir o filtro de ar do motor; substituir o filtro do ar condicionado (Ref. 1312766080); substituir o filtro de combustível (Ref. 77362340F); substituir o filtro de óleo do motor (Ref. 8094872); substituir o óleo do motor; substituir o jogo de pastilhas dos freios dianteiros,True,False,True,False,,R9 AUTO PEÇAS E SERVIÇOS,O.S. FINALIZADA NA NEO,CONTROLE  MAN. 181920
2020-09-28,UR-17104,,,substituir o filtro de ar do motor; substituir o filtro do ar condicionado (Ref. 1312766080); substituir o filtro de combustível (Ref. 77362340F); substituir o filtro de óleo do motor (Ref. 8094872); substituir o óleo do motor; substituir o jogo de pastilhas dos freios dianteiros,True,False,True,False,,,,veiculos_manutencao_freio
2020-09-28,UT-17001,68250.0,1187.41,substituir os 02(dois) cilindros de roda traseiros; substituir os 02(dois) tambores de freio traseiros; substituir a sapata (lonas) de freio traseiros; substituir o reparo de freio (kit de molas); substituir o fluído de freio (DOT4).,True,False,False,False,,APICE PNEUS (MOGI),O.S. FINALIZADA NA NEO,CONTROLE  MAN. 181920
2020-09-28,UT-17001,,,substituir os 02(dois) cilindros de roda traseiros; substituir os 02(dois) tambores de freio traseiros; substituir a sapata (lonas) de freio traseiros; substituir o reparo de freio (kit de molas); substituir o fluído de freio (DOT4).,True,False,False,False,,,,veiculos_manutencao_freio
2020-09-25,AB-17102,56502.0,,REVISÃO DE FREIO (PRÓXIMA INSPEÇÃO COM: 57500 MILHAS); TROCA DO SENSOR DE PRESSÃO LIBERAÇÃO DO ACELERADOR TPG; CONFIGURAÇÃO DO SISTEMA.,True,False,False,False,,IMADA,NÃO HOUVE O.S. (GEFROE),CONTROLE  MAN. 181920
2020-09-25,AB-17102,,,REVISÃO DE FREIO (PRÓXIMA INSPEÇÃO COM: 57500 MILHAS); TROCA DO SENSOR DE PRESSÃO LIBERAÇÃO DO ACELERADOR TPG; CONFIGURAÇÃO DO SISTEMA.,True,False,False,False,,,,veiculos_manutencao_freio
2020-09-25,RE-17101,,,MOTOR ESTCIONÁRIO TRAVADO (ACIONADA A GARANTIA),False,False,False,False,,RETÍFICA TORRES,O.S. ENCERRADA,CONTROLE  MAN. 181920
2020-09-24,AC-17002,105000.0,268.0,TROCA DAS PASTILHAS DE FREIO DIANTEIRO (PRÓXIMA INSPEÇÃO COM 108000 KM),True,False,False,False,,MULTI PNEUS,O.S. ENCERRADA,CONTROLE  MAN. 181920
2020-09-24,AC-17002,,,TROCA DAS PASTILHAS DE FREIO DIANTEIRO (PRÓXIMA INSPEÇÃO COM 108000 KM),True,False,False,False,,,,veiculos_manutencao_freio
2020-09-24,AS-17101,250500.0,1890.0,TROCA DO RADIADOR,False,False,False,False,,RADIADORES MASTER,O.S. ENCERRADA,CONTROLE  MAN. 181920
2020-09-23,ABE-17101,106626.0,1300.0,"DIAGNÓSTICO POR ""DDEC""; REINSTALAÇÃO DA MANGUEIRA DA TURBINA; FIXAÇÃO DA CARROCERIA; TROCA DE OLEO E FILTROS (PEÇAS FORNECIDAS PELO CSM) ; (PRÓXIMA TROCA EM 111000 MILHAS)",False,False,True,False,,EVR REPRESENTAÇÕES,O.S. ENCERRADA,CONTROLE  MAN. 181920
2020-09-23,AC-17002,104500.0,80.0,REPARO NO MÓDULO DA SIRENE,False,False,False,False,,MACSOM II,O.S. ENCERRADA,CONTROLE  MAN. 181920
2020-09-22,AT-17104,123131.0,35.0,CONSERTO EM PNEU,False,True,False,False,,RE9 DIESEL,O.S. ENCERRADA,CONTROLE  MAN. 181920
2020-09-21,AE-17101,17453.0,,TROCA DE ENGRENAGEM DO MOTOR DE GIRO; AJUSTE DOS DENTES DANIFICADOS E ENGRENAGENS DA MESA GIRATÓRIA,False,False,False,False,,CSM/MOpB,NÃO HOUVE O.S. (GEFROE),CONTROLE  MAN. 181920
2020-09-21,RE-17101,,200.0,DESMONTAGEM E MONTAGEM (POSTERIOR) DO MOTOR ESTACIONÁRIO,False,False,False,False,,EVR REPRESENTAÇÕES,O.S. ENCERRADA,CONTROLE  MAN. 181920
2020-09-19,AS-17101,251557.0,2600.0,TROCA DE ÓLEO E FILTROS (PRÓXIMA TROCA 261.500)DE PONTA DO EIXO TRAS.DIR E ROLAMENTOS,False,False,True,False,,IMADA,O.S. ENCERRADA,CONTROLE  MAN. 181920
2020-09-19,AS-17101,251557.0,3579.0,PEÇAS PARA MONTAGEM DO EIXO,False,False,False,False,,NOGUTI CAMINHÕES,O.S. ENCERRADA,CONTROLE  MAN. 181920
2020-09-19,MT-17004,60122.0,61.9,TROCA DE ÓLEO E FILTRO DE ÓLEO (PRÓXIMA TROCA: 64000 KM),False,False,True,False,,JUNIOR MOTOS,NÃO HOUVE O.S. (GEFROE),CONTROLE  MAN. 181920
2020-09-18,AC-17002,,230.0,AR CONDICIONADO (RECARGA DE GÁS E ÓLEO DO AR CONDICIONADO),False,False,True,False,,VICAL,O.S. ENCERRADA,CONTROLE  MAN. 181920
2020-09-16,AT-17103,,2168.0,"TROCA DE DOIS SUPORTE DE FEIXES DE MOLAS,LADO DIREITO TRAS.",False,False,False,False,,IMADA,O.S. ENCERRADA,CONTROLE  MAN. 181920
2020-09-16,TP-17001,253959.0,510.0,"CARGA DO GAS ,AR COND.REVISÃO ELETRICA",False,False,False,False,,VICAL,O.S. ENCERRADA,CONTROLE  MAN. 181920
2020-09-15,AT-17103,105123.0,1866.0,TROCA PNEU DIANTEIRO,False,True,False,False,,BORR.CHIMIZU,O.S. ENCERRADA,CONTROLE  MAN. 181920
2020-09-15,AT-17103,105123.0,734.08,TROCA DE OLEO E FILTROS COMPLETO,False,False,True,False,,SHIMIZU,O.S. ENCERRADA,CONTROLE  MAN. 181920
2020-09-15,AT-17103,105123.0,29.0,IMPATAÇÃO DO MANGOTINHO,False,False,False,False,,UNIFLEX,O.S. ENCERRADA,CONTROLE  MAN. 181920
2020-09-14,AT-17103,105080.0,310.0,REVISÃO DE PARTE ELETRICA,False,False,False,False,,MACSOM II,O.S. ENCERRADA,CONTROLE  MAN. 181920
2020-09-12,AC-17002,,116.08,COMPRA DE 3 LITROS DE OLEO MOTOR,False,False,True,False,,SHIMIZU,O.S. ENCERRADA,CONTROLE  MAN. 181920
2020-09-12,CM-17101,112323.0,1480.0,REPARO NO CUBO DE RODA TRAÇÃO PRISIONEIRO,False,False,False,False,,IMADA,O.S. ENCERRADA,CONTROLE  MAN. 181920
2020-09-12,CM-17101,112323.0,1102.71,TROCA DE OLEO E FILTROS COMPLETO (PRÓXIMA TROCA COM 120.000 KM),False,False,True,False,,SHIMIZU,O.S. ENCERRADA,CONTROLE  MAN. 181920
2020-09-12,MO-17001,131160.0,288.35,TROCA DE OLEO E FILTROS COMPLETO (PRÓXIMA TROCA COM 139.000 KM),False,False,True,False,,SHIMIZU,O.S. ENCERRADA,CONTROLE  MAN. 181920
2020-09-11,VO-17003,239661.0,1968.51,substituir os 02(dois) batentes da suspensão dianteira; substituir os 02(dois) batentes da suspensão traseira; substituir as 02(duas) bieletas da suspensão dianteira; substituir o fluído de freio (DOT4); substituir o sensor de temperatura do sistema de arrefecimento; substituir todas as mangueiras do sistema de ar hidrovácuo interno; substituir os 02(dois) pivôs da suspensão; substituir as 02 bandejas superiores da suspensão dianteira; limpeza dos bicos injetores; Alinhamento de direcao; Analise de injecao scanner; Limpeza de bicos; BALANCEAMENTO DE RODA (4 RODAS); LIMPEZA DE SISTEMA DE FREIO. (PRÓXIMA INSP. DE FREIO 243.000 KM),True,True,False,False,,APICE PNEUS (MOGI),O.S. FINALIZADA NA NEO,CONTROLE  MAN. 181920
2020-09-11,VO-17003,,,substituir os 02(dois) batentes da suspensão dianteira; substituir os 02(dois) batentes da suspensão traseira; substituir as 02(duas) bieletas da suspensão dianteira; substituir o fluído de freio (DOT4); substituir o sensor de temperatura do sistema de arrefecimento; substituir todas as mangueiras do sistema de ar hidrovácuo interno; substituir os 02(dois) pivôs da suspensão; substituir as 02 bandejas superiores da suspensão dianteira; limpeza dos bicos injetores; Alinhamento de direcao; Analise de injecao scanner; Limpeza de bicos; BALANCEAMENTO DE RODA (4 RODAS); LIMPEZA DE SISTEMA DE FREIO. (PRÓXIMA INSP. DE FREIO 243.000 KM),True,True,False,False,,,,veiculos_manutencao_freio
2020-09-10,MOB-17102,56484.0,,ACIONADA A GARANTIA REFERENTE TROCA DO KIT RELAÇÃO E TROCA DO COXIM DA COROA,False,False,False,False,,JUNIOR MOTOS,NÃO HOUVE O.S. (GEFROE),CONTROLE  MAN. 181920
2020-09-09,MOB-17102,56494.0,,TROCA DE ÓLEO E FILTROS,False,False,True,False,,JUNIOR MOTOS,NÃO HOUVE O.S. (GEFROE),CONTROLE  MAN. 181920
2020-09-08,ABE-17101,105736.0,,INSPEÇÃO NO RADIADOR (NADA DETECTADO),False,False,False,False,,VANDERLEI,NÃO HOUVE O.S. (GEFROE),CONTROLE  MAN. 181920
2020-09-08,AS-17101,250479.0,910.0,"SERVIÇO DE FREIO,RETIFICA DE TAMBORES E TROCA DE LONAS (PRÓXIMA 253000 KM)",True,False,False,False,,IMADA,O.S. ENCERRADA,CONTROLE  MAN. 181920
2020-09-08,AS-17101,,,"SERVIÇO DE FREIO,RETIFICA DE TAMBORES E TROCA DE LONAS (PRÓXIMA 253000 KM)",True,False,False,False,,,,veiculos_manutencao_freio
2020-09-08,ASE-17101,139658.0,200.0,TROCA DO BOTÃO DA MUDANÇA DE CAIXA (PEÇA FORNECIDA PELA MOTOMEC 17º GB),False,False,False,False,,IMADA,O.S. ENCERRADA,CONTROLE  MAN. 181920
2020-09-04,AS-17101,249966.0,100.0,MONTAGEM DE 4 PNEUS TRASEIRO (PNEUS FORNECIDOS PELA MOTOMEC 17º GB),False,True,False,False,,RE9 DIESEL,O.S. ENCERRADA,CONTROLE  MAN. 181920
2020-09-04,VO-17001,76022.0,7091.0,substituir o jogo de calços de sustentação da cabine; substituir as 02(duas) borrachas de vedação do paralamas dianteiro; substituir a borracha de vedação da cabine; substituir o filtro de combustível; substituir o filtro de óleo do motor; revisão elétrica geral; Instalar chave geral; substituir a tomada de engate; RESTABELECER O FUNCIONAMENTO DO MARCADOR DE COMBUSTÍVEL; substituir o atuador de embreagem; substituir a arruela do diferencial traseiro; substituir o retentor do diferencial traseiro; substituir o óleo do diferencial traseiro.,False,False,True,False,,JKAR,SERVIÇO REALIZADO. AGUARDANDO FINALIZAÇÃO NA NEO,CONTROLE  MAN. 181920
2020-08-24,ASE-17101,,2380.0,TROCA DOS ATUADORES DE EMBREAGEM,False,False,False,False,,IMADA,O.S. ENCERRADA,CONTROLE  MAN. 181920
2020-08-24,TP-17000,175020.0,1195.0,TROCA DO KIT EMBREAGEM (PLATO E DISCO); CABO DE EMBREAGEM; RETÍFICA DO VOLANTE DE MOTOR,True,False,False,False,,APICE PNEUS (MOGI),O.S. ENCERRADA,CONTROLE  MAN. 181920
2020-08-24,TP-17000,,,TROCA DO KIT EMBREAGEM (PLATO E DISCO); CABO DE EMBREAGEM; RETÍFICA DO VOLANTE DE MOTOR,True,False,False,False,,,,veiculos_manutencao_freio
2020-08-19,RE-17101,,4638.0,RETÍFICA DO MOTOR ESTACIONÁRIO (RETÍFICA DO MOTOR; ENCHIMENTO NA CARCAÇA; COMANDO DE VÁLVULAS; JOGO DE VELAS; BOMBA DE COMBUSTÍVEL; RADIADOR DE ÓLEO; ÓLEO DE MOTOR; ENCHIMENTO DO COLO DO VIRABREQUIM; CARBURADOR). REVISÃO EM JANEIRO DE 2021 (NO MÁXIMO ATÉ O DIA 10),False,False,True,False,,RETÍFICA TORRES,O.S. ENCERRADA,CONTROLE  MAN. 181920
2020-08-14,ABS-17101,221250.0,10601.33,"GARFO DA EMBREAGEM; ESCAPAMENTO COMPLETO; OLEO DE MOTOR; FILTRO DE OLEO; FILTRO DE COMBUSTIVEL; FILTRO DE AR; KIT BORRACHAS E COXIM DA CABINE; REVISÃO DA SUSPENSÃO TRASEIRA; REVISÃO DA SUSPENSÃO DIANTEIRA; REVISÃO (COM REGULAGEM) DO FREIO MOTOR; LIMPEZA DO SISTEMA DE ARREFECIMENTO E TROCA DO FLUIDO; REVISÃO (COM REGULAGEM) DA BOMBA HIDRAULICA E CAIXA DIREÇÃO; REVISÃO (COM REGULAGEM) DO CAMBIO; REVISÃO (COM REGULAGEM) DO CARDAN E AS CRUZETAS; KIT COMPLETO DA EMBREAGEM, PLATO, DISCO E ROLAMENTO",True,False,True,False,,INJETRONIC,O.S. FINALIZADA NA NEO,CONTROLE  MAN. 181920
2020-08-14,ABS-17101,,,"GARFO DA EMBREAGEM; ESCAPAMENTO COMPLETO; OLEO DE MOTOR; FILTRO DE OLEO; FILTRO DE COMBUSTIVEL; FILTRO DE AR; KIT BORRACHAS E COXIM DA CABINE; REVISÃO DA SUSPENSÃO TRASEIRA; REVISÃO DA SUSPENSÃO DIANTEIRA; REVISÃO (COM REGULAGEM) DO FREIO MOTOR; LIMPEZA DO SISTEMA DE ARREFECIMENTO E TROCA DO FLUIDO; REVISÃO (COM REGULAGEM) DA BOMBA HIDRAULICA E CAIXA DIREÇÃO; REVISÃO (COM REGULAGEM) DO CAMBIO; REVISÃO (COM REGULAGEM) DO CARDAN E AS CRUZETAS; KIT COMPLETO DA EMBREAGEM, PLATO, DISCO E ROLAMENTO",True,False,True,False,,,,veiculos_manutencao_freio
2020-08-14,AC-17002,101900.0,,TROCA DAS PASTILHAS DE FREIO DIANTEIRO (PRÓXIMA INSPEÇÃO COM 105000 KM),True,False,False,False,,MOTOMEC,NÃO HOUVE O.S. (GEFROE),CONTROLE  MAN. 181920
2020-08-14,AC-17002,,,TROCA DAS PASTILHAS DE FREIO DIANTEIRO (PRÓXIMA INSPEÇÃO COM 105000 KM),True,False,False,False,,,,veiculos_manutencao_freio
2020-08-14,AE-17101,17067.0,3936.67,"TROCA DE FILTRO DE AR, FILTRO DE DIESEL ( PRIMÁRIO E SECUNDÁRIO), FILTRO DE ÓLEO, FILTRO DE TRANSMISSÃO, FILTRO DO SISTEMA HIDRÁULICO (PRÓXIMA TROCA DE ÓLEO DE FILTROS: 21000 MILHAS)",False,False,True,False,,INJETRONIC,O.S. FINALIZADA NA NEO,CONTROLE  MAN. 181920
2020-08-12,AS-17101,248100.0,650.0,Troca do para-brisa dianteiro e as respectivas guarnições (borrachas),False,False,False,False,,VIDROSHIMA,O.S. ENCERRADA,CONTROLE  MAN. 181920
2020-08-10,AC-17002,101621.0,,INSPEÇÃO DE FREIO (PRÓXIMA INSPEÇÃO 102000 KM),True,False,False,False,,MOTOMEC,NÃO HOUVE O.S. (GEFROE),CONTROLE  MAN. 181920
2020-08-10,AC-17002,,,INSPEÇÃO DE FREIO (PRÓXIMA INSPEÇÃO 102000 KM),True,False,False,False,,,,veiculos_manutencao_freio
2020-08-10,TP-17000,172904.0,,INSPEÇÃO DE FREIO (PRÓXIMA INSPEÇÃO 175000 KM),True,False,False,False,,MOTOMEC,NÃO HOUVE O.S. (GEFROE),CONTROLE  MAN. 181920
2020-08-10,TP-17000,,,INSPEÇÃO DE FREIO (PRÓXIMA INSPEÇÃO 175000 KM),True,False,False,False,,,,veiculos_manutencao_freio
2020-08-10,UR-17104,90130.0,,PROBLEMA NA EMBREAGEM (ACIONADA A GARANTIA),False,False,False,False,,INJETRONIC,NÃO HOUVE O.S. (GEFROE),CONTROLE  MAN. 181920
2020-08-07,AT-17103,102600.0,449.69,"RETENTOR, TRAVA ARANHA E GRAXA",False,False,False,False,,NOGUTI CAMINHÕES,O.S. ENCERRADA,CONTROLE  MAN. 181920
2020-08-07,AT-17103,102600.0,260.0,REPARO EM VAZAMENTO DO RETENTOR DE RODA,False,False,False,False,,IMADA,O.S. ENCERRADA,CONTROLE  MAN. 181920
2020-08-07,CA-17001,244127.0,120.0,REPARO EM CHICOTE DE RAY LIGHT,False,False,False,True,,MACSOM II,O.S. ENCERRADA,CONTROLE  MAN. 181920
2020-08-05,TP-17000,172278.0,480.0,TROCA DE CORREIA DENTADA (PRÓXIMA TROCA COM 210000 KM),False,False,False,False,,MULTI PNEUS,O.S. ENCERRADA,CONTROLE  MAN. 181920
2020-08-04,AS-17101,247500.0,,INSPEÇÃO DE FREIOS PRÓXIMA INSPEÇÃO COM 250000 KM),True,False,False,False,,MOTOMEC,NÃO HOUVE O.S. (GEFROE),CONTROLE  MAN. 181920
2020-08-04,AS-17101,,,INSPEÇÃO DE FREIOS PRÓXIMA INSPEÇÃO COM 250000 KM),True,False,False,False,,,,veiculos_manutencao_freio
2020-08-04,TP-17003,185546.0,,"SUSPENSÃO, FREIO, RESERVATÓRIO COMB, VAZANDO, AR CONDICIONADO. OBS.: SERVIÇOS NÃO EXECUTADOS. VTR SERÁ DESCARREGADA.",True,False,False,False,,BOSS,O.S. ENCERRADA,CONTROLE  MAN. 181920
2020-08-04,TP-17003,,,"SUSPENSÃO, FREIO, RESERVATÓRIO COMB, VAZANDO, AR CONDICIONADO. OBS.: SERVIÇOS NÃO EXECUTADOS. VTR SERÁ DESCARREGADA.",True,False,False,False,,,,veiculos_manutencao_freio
2020-08-03,ABE-17101,105498.0,140.0,REVISÃO FREIO,True,False,False,False,,IMADA,NÃO HOUVE O.S. (GEFROE),CONTROLE  MAN. 181920
2020-08-03,ABE-17101,,,REVISÃO FREIO,True,False,False,False,,,,veiculos_manutencao_freio
2020-08-03,MOB-17102,55453.0,877.8,TROCA DO KIT RELAÇÃO; TROCA DO COXIM DA COROA,False,False,False,False,,JUNIOR MOTOS,O.S. ENCERRADA,CONTROLE  MAN. 181920
2020-08-03,UT-17002,196304.0,,TROCA DE FUSÍVEL,False,False,False,False,,MACSOM II,NÃO HOUVE O.S. (GEFROE),CONTROLE  MAN. 181920
2020-08-02,AB-17102,,270.0,SERVIÇO DE REVISÃO ELÉTRICA NO SISTEMA DO AR CONDICIONADO,False,False,False,False,,EVR REPRESENTAÇÕES,O.S. ENCERRADA,CONTROLE  MAN. 181920
2020-08-02,UT-17002,,30.0,ADESIVO (LOGISTICA),False,False,False,False,,DIGITIFIX,O.S. ENCERRADA,CONTROLE  MAN. 181920
2020-08-01,ABS-17102,,1400.0,"INSTALAÇÃO DA BOMBA DE INCÊNDIO; REPARO NA LINHA DE TRANSMISSÃO EIXO CARDAN, BALANCEAMENTO E CRUZETAS; MANGUEIRA DO DRENO DA BOMBA.",False,True,False,False,,EVR REPRESENTAÇÕES,O.S. ENCERRADA,CONTROLE  MAN. 181920
2020-07-31,AB-17203,98189.0,17286.67,"REPARO EM FIXAÇÃO DO TANQUE, REPARO EM BARRA CURTA E BARRA LONGA, ALINHAMENTO DE DIREÇÃO",False,True,False,False,,INJETRONIC,O.S. FINALIZADA NA NEO,CONTROLE  MAN. 181920
2020-07-31,ASE-17101,139065.0,30.0,TAMPA DO RESERVATÓRIO DE ÁGUA DO RADIADOR,False,False,False,False,,NOGUTI CAMINHÕES,NÃO HOUVE O.S. (GEFROE),CONTROLE  MAN. 181920
2020-07-31,CM-17101,111400.0,,TROCA DAS DUAS BATERIAS,False,False,False,True,,MOTOMEC,NÃO HOUVE O.S. (GEFROE),CONTROLE  MAN. 181920
2020-07-31,CM-17101,111400.0,70.0,LAVAGEM E ENGRAXAMENTO,False,False,False,False,,ALUÍSIO (LAVADOR),O.S. ENCERRADA,CONTROLE  MAN. 181920
2020-07-31,CM-17101,111460.0,9324.0,4 PNEUS 1100R22 T-546; 4 CAMARA DE AR 1100X22; PROTETOR DE CAMARA DE AR 22,False,True,False,False,,ALBUQUERQUE PNEUS,O.S. ENCERRADA,CONTROLE  MAN. 181920
2020-07-31,MOB-17102,55419.0,,TROCA DA PASTILHA DE FREIO TRASEIRO (PRÓXIMA INSPEÇÃO EM 59.000 KM),True,False,False,False,,MOTOMEC,NÃO HOUVE O.S. (GEFROE),CONTROLE  MAN. 181920
2020-07-31,MOB-17102,,,TROCA DA PASTILHA DE FREIO TRASEIRO (PRÓXIMA INSPEÇÃO EM 59.000 KM),True,False,False,False,,,,veiculos_manutencao_freio
2020-07-30,MO-17001,130300.0,100.0,LAVAGEM COMPLETA E LUBRIFICAÇÃO,False,False,False,False,,CAR WASH,O.S. ENCERRADA,CONTROLE  MAN. 181920
2020-07-30,VO-17008,177350.0,,REPARO EM SUSPENSÃO (PARAFUSO DA BIELETA),False,False,False,False,,MOTOMEC,NÃO HOUVE O.S. (GEFROE),CONTROLE  MAN. 181920
2020-07-29,ABE-17101,105367.0,650.0,TROCA DA MOLA TRASEIRA LE,False,False,False,False,,MOLAMEC,O.S. ENCERRADA,CONTROLE  MAN. 181920
2020-07-29,MOB-17105,25832.0,205.8,TROCA DO PNEU TRASEIRO 130/80/17 ... COLOCADO OS PROTETORES DE MÃO NO GUIDÃO ... ANTENA DE PROTEÇÃO (INOX),False,True,False,False,,JUNIOR MOTOS,O.S. ENCERRADA,CONTROLE  MAN. 181920
2020-07-28,TP-17000,171182.0,168.0,TROCA DE OLEO E FILTROS,False,False,True,False,,MULTI PNEUS,O.S. ENCERRADA,CONTROLE  MAN. 181920
2020-07-27,AT-17103,101887.0,1750.0,"(PRÓXIMA REVISÃO 105.000) TROCA DE LONA DE FREIO DIANTEIRO E TRASEIRO, RETÍFICA DAS PANELAS",True,False,False,False,,IMADA,O.S. ENCERRADA,CONTROLE  MAN. 181920
2020-07-27,AT-17103,,,"(PRÓXIMA REVISÃO 105.000) TROCA DE LONA DE FREIO DIANTEIRO E TRASEIRO, RETÍFICA DAS PANELAS",True,False,False,False,,,,veiculos_manutencao_freio
2020-07-25,MOB-17101,53950.0,185.0,TROCA DO PNEU DIANTEIRO 100/80/19 ...TROCADO O PROTETOR DE MÃO NO GUIDÃO,False,True,False,False,,JUNIOR MOTOS,O.S. ENCERRADA,CONTROLE  MAN. 181920
2020-07-24,TP-17001,251839.0,1147.3,"TROCA DE ÓLEO E FILTROS, REPARO EM 02 BICOS INJETORES (PRÓXIMA TROCA DE ÓLEO E FILTROS COM 260.000 KM)",False,False,True,False,,CESAR CAR,O.S. ENCERRADA,CONTROLE  MAN. 181920
2020-07-22,TP-17007,193984.0,3391.39,CILINDRO MESTRE; FLUIDO PARA FREIO; BRAÇO OSCILANTE DIANT ESQ; KIT DOS AMORTECEDORES DIANTEIROS COMPLETO; FILTRO DE ÓLEO; JUNTA DO CÁRTER; CARCAÇA DA VÁLVULA TERMOSTÁTICA; AMORTECEDOR TRAS; ADITIVO CONCENTRADO; AGUA DESMINERALIZADA; COIFA INTERNA DO SEMIEIXO DIANT ESQ; COIFA HOMOCINETICA RODA LADO DIREITO; OLEO MOTOR 10W40; LIMPEZA DO SISTEMA DE FREIO; LIMPEZA SISTEMA DE ARREFECIMENTO;,True,False,True,False,,R9 AUTO PEÇAS E SERVIÇOS,O.S. ENCERRADA,CONTROLE  MAN. 181920
2020-07-22,TP-17007,,,CILINDRO MESTRE; FLUIDO PARA FREIO; BRAÇO OSCILANTE DIANT ESQ; KIT DOS AMORTECEDORES DIANTEIROS COMPLETO; FILTRO DE ÓLEO; JUNTA DO CÁRTER; CARCAÇA DA VÁLVULA TERMOSTÁTICA; AMORTECEDOR TRAS; ADITIVO CONCENTRADO; AGUA DESMINERALIZADA; COIFA INTERNA DO SEMIEIXO DIANT ESQ; COIFA HOMOCINETICA RODA LADO DIREITO; OLEO MOTOR 10W40; LIMPEZA DO SISTEMA DE FREIO; LIMPEZA SISTEMA DE ARREFECIMENTO;,True,False,True,False,,,,veiculos_manutencao_freio
2020-07-21,ABE-17101,105165.0,1641.28,MOLA TRASEIRA LD QUEBRADA (16/07/2020),False,False,False,False,,MOLAMEC,O.S. ENCERRADA,CONTROLE  MAN. 181920
2020-07-21,MOB-17102,55200.0,185.0,TROCA DO PNEU DIANTEIRO 100/80/19 ...TROCADO O PROTETOR DE MÃO NO GUIDÃO,False,True,False,False,,JUNIOR MOTOS,O.S. ENCERRADA,CONTROLE  MAN. 181920
2020-07-17,AB-17102,55365.0,4250.0,"REPARO EM MANGAS DE EIXO, REPARO EM COMPRESSOR DE AR, CARGA DE GAS",False,False,False,False,,EQUIPE FREIOS,O.S. FINALIZADA NA NEO,CONTROLE  MAN. 181920
2020-07-16,AS-17101,246100.0,765.0,TROCA DO FEIXE DE MOLA DIANTEIRO LE,False,False,False,False,,ELPÍDIO,O.S. ENCERRADA,CONTROLE  MAN. 181920
2020-07-15,AT-17104,118425.0,145.0,ALINHAMENTO DE DIREÇÃO,False,True,False,False,,ALBUQUERQUE PNEUS,O.S. ENCERRADA,CONTROLE  MAN. 181920
2020-07-10,AT-17103,100450.0,742.0,SERVO DE EMBREAGEM,False,False,False,False,,NOGUTI,O.S. ENCERRADA,CONTROLE  MAN. 181920
2020-07-10,VO-17003,238790.0,163.8,COLETOR DE AR DO CAPÔ,False,False,False,False,,CHEVE,NÃO HOUVE O.S. (GEFROE),CONTROLE  MAN. 181920
2020-07-09,AT-17103,100450.0,280.0,TROCA DO SERVO DA EMBREAGEM,False,False,False,False,,IMADA,O.S. ENCERRADA,CONTROLE  MAN. 181920
2020-07-08,AC-17002,99515.0,728.93,"TROCA DE ÓLEO (5w30) E FILTROS, REGULAGEM DE CORREIA",False,False,True,False,,UNIVERSAL LUBRIFICANTES,SERVIÇO REALIZADO. AGUARDANDO FINALIZAÇÃO NA NEO,CONTROLE  MAN. 181920
2020-07-08,AS-17101,245523.0,200.0,ALINHAMENTO E BALANCEAMENTO,False,True,False,False,,NELSON PNEUS,O.S. ENCERRADA,CONTROLE  MAN. 181920
2020-07-07,AS-17101,245471.0,28.71,TROCA DO RETROVISOR LD,False,False,False,False,,NOGUTI,NÃO HOUVE O.S. (GEFROE),CONTROLE  MAN. 181920
2020-07-07,AS-17101,245471.0,150.0,MONTAGEM DE 06 PNEUS ( 04 PNEUS TRASEIRO NOVOS E 02 FRENTE USADO),False,True,False,False,,RE9 DIESEL,O.S. ENCERRADA,CONTROLE  MAN. 181920
2020-07-06,ABE-17101,104663.0,,TROCA DE LÂMPADA DO FAROL,False,False,False,True,,MOTOMEC,NÃO HOUVE O.S. (GEFROE),CONTROLE  MAN. 181920
2020-07-06,AS-17101,245400.0,,TROCA DA MAÇANETA DE ACIONAMENTO DO VIDRO,False,False,False,False,,MOTOMEC,NÃO HOUVE O.S. (GEFROE),CONTROLE  MAN. 181920
2020-07-03,TP-17004,86363.0,178.0,TROCA DE ÓLEO E FILTROS,False,False,True,False,,MULTI PNEUS,O.S. ENCERRADA,CONTROLE  MAN. 181920
2020-07-02,AS-17101,251557.0,200.0,ALINHAMENTO E BALANCEAMENTO,False,True,False,False,,PHFS,O.S. ENCERRADA,CONTROLE  MAN. 181920
2020-07-02,CA-17001,244077.0,550.0,"REGULAGEM DE TRAMBULADOR, ALINHAMENTO DE PORTA",False,True,False,False,,PHFS,NÃO HOUVE O.S. (GEFROE),CONTROLE  MAN. 181920
2020-07-02,UT-17002,196024.0,,GRAFISMO,False,False,False,False,,CSM/MOpB,NÃO HOUVE O.S. (GEFROE),CONTROLE  MAN. 181920
2020-06-30,RE-17101,,,RETIFICA DO MOTOR ESTACIONÁRIO,False,False,False,False,,*****,O.S. NEO CANCELADA / NÃO HOUVE O.S. (GEFROE),CONTROLE  MAN. 181920
2020-06-26,AC-17001,161138.0,,VAZAMENTO NO MOTOR (DIAGNÓSTICO),False,False,False,False,,LEO (LK),O.S. ENCERRADA,CONTROLE  MAN. 181920
2020-06-26,UR-17104,88750.0,1290.0,REPARO GERAL NO SISTEMA DOS SINAIS SONOROS E LUMINOSOS (HYLIGHT E SIRENE),False,False,False,False,,LUIZ (ENGESIG),O.S. ENCERRADA,CONTROLE  MAN. 181920
2020-06-25,UT-17002,196024.0,2127.75,COIFA EXTERNA DO SEMI-EIXO L.E; COIFA INTERNA DO SEMI-EIXO L.E; COXIM DO CÂMBIO L.D; COXIM DO CÂMBIO L.E; SENSOR DE ROTAÇÃO ( PMS ),False,False,False,False,,MECÂNICA BOSS,O.S. ENCERRADA,CONTROLE  MAN. 181920
2020-06-24,AC-17002,98756.0,,TROCA DE PASTILHA DIANTEIRA (INSPECIONAR COM 101.000),True,False,False,False,,MOTOMEC,NÃO HOUVE O.S. (GEFROE),CONTROLE  MAN. 181920
2020-06-24,AC-17002,,,TROCA DE PASTILHA DIANTEIRA (INSPECIONAR COM 101.000),True,False,False,False,,,,veiculos_manutencao_freio
2020-06-24,MOB-17101,53113.0,,TROCA DO KIT DE EMBREAGEM; ÓLEO E FILTROS (PRÓXIMA TROCA COM 57000 KM),False,False,True,False,,CSM/MOpB,NÃO HOUVE O.S. (GEFROE),CONTROLE  MAN. 181920
2020-06-22,AB-17102,55585.0,,TROCADO TPG,False,False,False,False,,CSM/MOpB,NÃO HOUVE O.S. (GEFROE),CONTROLE  MAN. 181920
2020-06-22,AC-17002,98712.0,440.0,TROCA DE BATERIA (ELETRONIC 90 AH),False,False,False,True,,REI DAS BATERIAS,O.S. ENCERRADA,CONTROLE  MAN. 181920
2020-06-19,AB-17103,,700.0,SERVIÇO DE REMOÇÃO POR GUINCHO (DE BIRITIBA USSÚ ATÉ A BASE DO SHANGAI),False,False,False,False,,DOUGLAS,O.S. ENCERRADA,CONTROLE  MAN. 181920
2020-06-17,ASE-17101,138628.0,98.25,"FILTRO DE ÓLEO DE MOTOR CUMMINS 4BT, WD-40, GUA DESTILADA, ÓLEO CASTROL MAGNATEC 10W40, VÁLVULA DE ESCOAMENTO DE DE ÁGUA",False,False,True,False,,NOGUTI CAMINHÕES,NÃO HOUVE O.S. (GEFROE),CONTROLE  MAN. 181920
2020-06-16,AB-17102,55174.0,,PARTE ELÉTRICA LADO DO CMT; SENSOR DE CINTO; CHICOTE DA BUZINA; RECONDICIONAMENTO DO COMPRESSOR DO AR CONDICIONADO; ALINHAMENTO DE DIREÇÃO,False,True,False,True,,CSM/MOpB,NÃO HOUVE O.S. (GEFROE),CONTROLE  MAN. 181920
2020-06-15,AB-17103,,300.0,SERVIÇO DE REMOÇÃO POR GUINCHO (DO SHOPPING MOGI ATÉ A BASE DO SHANGAI),False,False,False,False,,DOUGLAS,O.S. ENCERRADA,CONTROLE  MAN. 181920
2020-06-15,AT-17204,58465.0,1350.0,TROCA DE BICO INJETOR,False,False,False,False,,PHFS,O.S. ENCERRADA,CONTROLE  MAN. 181920
2020-06-09,ABE-17101,104112.0,4350.0,Radiador da transmissão; 2 Mangueiras da transmissão; 1 Mangueira inferior do radiador; Limpeza externa do radiador,False,False,False,False,,TRUCK SERVICE,O.S. ENCERRADA,CONTROLE  MAN. 181920
2020-06-08,AS-17101,244120.0,38.32,RELÉ DE SETA,False,False,False,False,,NOGUTI CAMINHÕES,NÃO HOUVE O.S. (GEFROE),CONTROLE  MAN. 181920
2020-06-04,AT-17104,118384.0,3588.0,"TROCA DO CARDAN DA DIREÇÃO, BARRA CURTA, TERMINAL DA BARRA LONGA, RETENTOR DO CUBO, LONA DO PATIN DIANTEIRO, BARRADE DIREÇÃO, CORREIA DE ALTERNADOR",True,False,False,True,,IMADA,O.S. ENCERRADA,CONTROLE  MAN. 181920
2020-06-04,AT-17104,,,"TROCA DO CARDAN DA DIREÇÃO, BARRA CURTA, TERMINAL DA BARRA LONGA, RETENTOR DO CUBO, LONA DO PATIN DIANTEIRO, BARRADE DIREÇÃO, CORREIA DE ALTERNADOR",True,False,False,True,,,,veiculos_manutencao_freio
2020-06-04,MOB-17101,52863.0,30.0,TROCA DE PNEU TRASEIRO,False,True,False,False,,JUNIOR MOTOS,NÃO HOUVE O.S. (GEFROE),CONTROLE  MAN. 181920
2020-06-04,TP-17002,438089.0,281.8,FILTRO DE AR; FILTRO DE COMBUSTÍVEL; FILTRO DE ÓLEO; ÓLEO DE MOTOR 20W50;,False,False,True,False,,MECÂNICA BOSS,O.S. ENCERRADA,CONTROLE  MAN. 181920
2020-06-03,CA-17001,243758.0,,ADESIVAGEM E TROCA DE FAIXA REFLETIVA TRASEIRA,False,False,False,False,,CSM/MOpB,NÃO HOUVE O.S. (GEFROE),CONTROLE  MAN. 181920
2020-06-03,CA-17001,243758.0,,FORNECIDOS 4 PNEUS (750R16) PELO CSM/MOpB,False,True,False,False,,CSM/MOpB,NÃO HOUVE O.S. (GEFROE),CONTROLE  MAN. 181920
2020-06-02,AT-17103,98800.0,97.26,LIMPADOR DE PARABRISA,False,False,False,False,,NOGUTI,NÃO HOUVE O.S. (GEFROE),CONTROLE  MAN. 181920
2020-06-02,MOB-17102,54004.0,70.0,TROCA DE PNEU TRASEIRO ANTENA DE PROTEÇÃO,False,True,False,False,,JUNIOR MOTOS,NÃO HOUVE O.S. (GEFROE),CONTROLE  MAN. 181920
2020-06-02,TP-17002,438002.0,20.0,"TROCA DA MAÇANETA INTERNA, LADO PASSAGEIRO",False,False,False,False,,SANTA RITA,NÃO HOUVE O.S. (GEFROE),CONTROLE  MAN. 181920
2020-06-01,TP-17004,84297.0,,RESET NO MÓDULO DO VIDRO,False,False,False,False,,CSM/MOpB,NÃO HOUVE O.S. (GEFROE),CONTROLE  MAN. 181920
2020-05-29,CA-17001,243688.0,35.0,REPARO ELÉTRICO EM CHICOTE,False,False,False,True,,MACSOM II,NÃO HOUVE O.S. (GEFROE),CONTROLE  MAN. 181920
2020-05-28,TP-17002,437700.0,,REPARO EM BANCO,False,False,False,False,,MALDONADO,NÃO HOUVE O.S. (GEFROE),CONTROLE  MAN. 181920
2020-05-27,AB-17103,,200.0,SERVIÇO DE LUBRIFICAÇÃO,False,False,False,False,,IMADA,,CONTROLE  MAN. 181920
2020-05-27,AS-17101,243600.0,117.0,REPARO EM CHICOTE ELÉTRICO LADO ESQUERDO TRASEIRO,False,False,False,True,,MACSOM II,O.S. ENCERRADA,CONTROLE  MAN. 181920
2020-05-27,CM-17101,109800.0,55.0,SETA DIREITA DA CARRETA,False,False,False,False,,MACSOM II,NÃO HOUVE O.S. (GEFROE),CONTROLE  MAN. 181920
2020-05-27,CM-17101,,200.0,REGULAGEM DE FREIO E TROCA DO RESERVATÓRIO DO FLUÍDO DE EMBREAGEM,True,False,False,False,,IMADA,,CONTROLE  MAN. 181920
2020-05-27,CM-17101,,,REGULAGEM DE FREIO E TROCA DO RESERVATÓRIO DO FLUÍDO DE EMBREAGEM,True,False,False,False,,,,veiculos_manutencao_freio
2020-05-26,AS-17101,243555.0,350.0,TROCA DAS CAIXAS DO RADIADOR + MANUTENÇÃO COMPLETA,False,False,False,False,,RADIADORES MASTER,O.S. ENCERRADA,CONTROLE  MAN. 181920
2020-05-26,TP-17003,182891.0,816.26,"TROCA DO SENSOR DE VELOCIDADE E ROTAÇÃO; PASSAGEM APARELHO SCANNER, TESTE NO CHICOTE PRINCIPAL",False,False,False,True,,MECÂNICA BOSS,O.S. ENCERRADA,CONTROLE  MAN. 181920
2020-05-22,AB-17103,91016.0,,MOTOR FRACO (OBS.: GARANTIA O.S. NEO 1651),False,False,False,False,,INJETRONIC,NÃO HOUVE O.S. (GEFROE),CONTROLE  MAN. 181920
2020-05-21,ABS-17101,221238.0,220.0,"LUBRIFICAÇÃO NA SUSPENÇÃO ( EIXO, MANGAS, PIVÔS, DIREÇÃO E TROCA DO FILTRO DE ÓLEO DA DIREÇÃO)",False,False,True,False,,IMADA,NÃO HOUVE O.S. (GEFROE),CONTROLE  MAN. 181920
2020-05-21,AT-17104,117632.0,1000.0,MÃO DE OBRA DE MONTAGEM PRISIONEIRO SEMI-EIXO LD ESQUERDO,False,False,False,False,,IMADA,O.S. ENCERRADA,CONTROLE  MAN. 181920
2020-05-21,AT-17104,117632.0,574.35,PEÇAS PARA MONTAGEM DO EIXO,False,False,False,False,,NOGUTI CAMINHÕES,O.S. ENCERRADA,CONTROLE  MAN. 181920
2020-05-21,TP-17004,84297.0,,DIAGNÓSTICO EM VIDRO ELÉTRICO,False,False,False,False,,CSM/MOpB,NÃO HOUVE O.S. (GEFROE),CONTROLE  MAN. 181920
2020-05-20,*****,,48.0,COMPRA DE 4 LÂMPADAS H4 12V 60/55W EXCELITE,False,False,False,True,,NOGUTI,NÃO HOUVE O.S. (GEFROE),CONTROLE  MAN. 181920
2020-05-20,AC-17002,97000.0,,"TROCA DE BATERIA ( OBS: BATERIA DO AC-17001, DEVIDO A NECESSIDADE, FOI REMANEJADA)",False,False,False,True,,MOTOMEC,NÃO HOUVE O.S. (GEFROE),CONTROLE  MAN. 181920
2020-05-20,AS-17101,243100.0,13.0,TAMPA DO RESERVATÓRIO DE ÁGUA DO RADIADOR,False,False,False,False,,NOGUTI,NÃO HOUVE O.S. (GEFROE),CONTROLE  MAN. 181920
2020-05-20,TP-17001,250100.0,95.0,TROCA DA BUZINA; TROCA DE FUSÍVEIS DOS FARÓIS; REPARO NO CHICOTE DA BUZINA,False,False,False,True,,REI DAS BATERIAS,NÃO HOUVE O.S. (GEFROE),CONTROLE  MAN. 181920
2020-05-19,AB-17102,54985.0,,BOMBA DE INCÊNDIO NÃO ENGATA,False,False,False,False,,CSM/MOpB,O.S. ENCERRADA,CONTROLE  MAN. 181920
2020-05-18,VO-17003,238027.0,914.0,DIAGNÓSTICO (VTR LEVADA PELO CB REPULHO POR DETERMINAÇÃO DO TEN GODOI),False,False,False,False,,CESAR CAR,O.S. ENCERRADA,CONTROLE  MAN. 181920
2020-05-15,ABE-17101,104176.0,,DIAGNÓSTICO DE VAZAMENTOS DE MOTOR,False,False,False,False,,CSM/MOpB,O.S. ENCERRADA,CONTROLE  MAN. 181920
2020-05-15,TP-17000,161244.0,,TROCA DE BATERIA (TUDOR 75 AH - Nº DE SÉRIE: 896320//5756617 - GARANTIA: CSMMOpB),False,False,False,True,,MOTOMEC,NÃO HOUVE O.S. (GEFROE),CONTROLE  MAN. 181920
2020-05-14,TP-17002,437100.0,320.0,TROCA DE BATERIA (HELIAR 60 AH - Nº DE SÉRIE: 18200430009 - GARANTIA: 18 MESES),False,False,False,True,,REI DAS BATERIAS,O.S. ENCERRADA,CONTROLE  MAN. 181920
2020-05-14,VO-17008,174070.0,,DIAGNÓSTICO: BARULHO NO MOTOR E CORREIA DANIFICADA (GARANTIA),False,False,False,False,,LEO (LK),NÃO HOUVE O.S. (GEFROE),CONTROLE  MAN. 181920
2020-05-13,TP-17004,84297.0,290.0,REVISÃO DE FREIO,True,False,False,False,,MULTI PNEUS,O.S. ENCERRADA,CONTROLE  MAN. 181920
2020-05-13,TP-17004,,,REVISÃO DE FREIO,True,False,False,False,,,,veiculos_manutencao_freio
2020-05-13,UR-17104,86600.0,1190.0,TROCA DO KIT EMBREAGEM,False,False,False,False,,INJETRONIC,O.S. ENCERRADA,CONTROLE  MAN. 181920
2020-05-12,CA-17001,243672.0,7000.0,"funilaria e pintura completa da cabine; Serviço de tapeçaria interna da cabine (teto, bancos,tapetes e laterais da porta); Polimento Ray Light; Trocar os dois faróis de milha convencionais por por LED",False,False,False,False,,ALVES FUNILARIA E PINTURA,O.S. ENCERRADA,CONTROLE  MAN. 181920
2020-05-11,AC-17002,96700.0,,TROCA DE PASTILHA DE FREIO (REVISÃO 99000),True,False,False,False,,MOTOMEC,NÃO HOUVE O.S. (GEFROE),CONTROLE  MAN. 181920
2020-05-11,AC-17002,,,TROCA DE PASTILHA DE FREIO (REVISÃO 99000),True,False,False,False,,,,veiculos_manutencao_freio
2020-05-08,AB-17103,91000.0,,AJUSTE DE FREIOS DIANTEIRO,True,False,False,False,,RE9 DIESEL,NÃO HOUVE O.S. (GEFROE),CONTROLE  MAN. 181920
2020-05-08,AB-17103,,,AJUSTE DE FREIOS DIANTEIRO,True,False,False,False,,,,veiculos_manutencao_freio
2020-05-08,AS-17101,242513.0,5079.99,REVISÃO DE BICO; REVISÃO DA BOMBA INJETORA,False,False,False,False,,PHFS,O.S. ENCERRADA,CONTROLE  MAN. 181920
2020-05-07,ABS-17102,132634.0,6913.95,RETIFICA DO CABEÇOTE; JOGO DE JUNTA SUPERIOR; Bomba d’água; Kit de embreagem; Filtro de óleo do motor; OLEO DE MOTOR; FILTRO DIESEL; FILTRO DE AR CONDICIONADO,False,False,True,False,,PHFS,O.S. ENCERRADA,CONTROLE  MAN. 181920
2020-05-05,AB-17102,54985.0,69.48,TROCA DE MANGUEIRA INFERIOR DO RADIADOR,False,False,False,False,,JACFLEX,O.S. ENCERRADA,CONTROLE  MAN. 181920
2020-05-05,ABS-17102,132483.0,191.29,TROCA DO RESERVATÓRIO DE ARREFECIMENTO,False,False,False,False,,NOGUTI CAMINHÕES,O.S. ENCERRADA,CONTROLE  MAN. 181920
2020-05-05,CM-17101,109702.0,,REGULAGEM DE FREIOS (PRÓX. REV. 112000),True,False,False,False,,RE9 DIESEL,NÃO HOUVE O.S. (GEFROE),CONTROLE  MAN. 181920
2020-05-05,CM-17101,,,REGULAGEM DE FREIOS (PRÓX. REV. 112000),True,False,False,False,,,,veiculos_manutencao_freio
2020-05-05,TP-17000,160674.0,,TROCA DE VELAS,False,False,False,False,,MOTOMEC,NÃO HOUVE O.S. (GEFROE),CONTROLE  MAN. 181920
2020-05-04,AB-17102,54863.0,5378.0,Troca de 2 PNEU 315/80 R 22.5 BRIDGESTONE; Alinhamento e Balanceamento,False,True,False,False,,ALBUQUERQUE PNEUS,O.S. ENCERRADA,CONTROLE  MAN. 181920
2020-04-30,TP-17000,160529.0,,BALANCEAMENTO e ALINHAMENTO (GARANTIA),False,True,False,False,,R9 AUTO PEÇAS E SERVIÇOS,NÃO HOUVE O.S. (GEFROE),CONTROLE  MAN. 181920
2020-04-29,AT-17104,116550.0,680.0,PONTA DE EIXO LD DIR.,False,False,False,False,,NOGUTI,O.S. ENCERRADA,CONTROLE  MAN. 181920
2020-04-29,TP-17003,182557.0,,TROCA DE CABOS E VELAS,False,False,False,False,,MOTOMEC,NÃO HOUVE O.S. (GEFROE),CONTROLE  MAN. 181920
2020-04-28,ASE-17101,138141.0,224.94,TROCA DAS 2 CORREIAS DO ALTERNADOR e TROCA DOS 2 AMORTECEDORES DO CAPÔ,False,False,False,True,,NOGUTI,O.S. ENCERRADA,CONTROLE  MAN. 181920
2020-04-28,VO-17008,173671.0,,REVISÃO COM TROCA DE ÓLEO E FILTROS (PRÓXIMA TROCA COM 183000 KM),False,False,True,False,,LEO (LK),NÃO HOUVE O.S. (GEFROE),CONTROLE  MAN. 181920
2020-04-27,AT-17103,97000.0,,INSPEÇÃO DE FREIO (PRÓXIMA REVISÃO 100.000),True,False,False,False,,VANDERLEI,NÃO HOUVE O.S. (GEFROE),CONTROLE  MAN. 181920
2020-04-27,AT-17103,,,INSPEÇÃO DE FREIO (PRÓXIMA REVISÃO 100.000),True,False,False,False,,,,veiculos_manutencao_freio
2020-04-27,AT-17203,126274.0,2830.0,"COMPRESSOR DE AR, SENSOR DE ROTAÇÃO",False,False,False,False,,PHFS,O.S. ENCERRADA,CONTROLE  MAN. 181920
2020-04-27,TP-17001,249424.0,1055.0,TROCA DE 04 PNEUS (PNEUS FORNECIDOS PELA MOTOMEC); TENSOR DA CORREIA; PROTETOR DE CARTER ; BATERIA 60 AMP.,False,True,False,True,,R9 AUTO PEÇAS E SERVIÇOS,O.S. ENCERRADA,CONTROLE  MAN. 181920
2020-04-25,AT-17103,97094.0,810.0,troca do conjunto Lubrifil do sistema de ar das válvulas pneumáticas,False,True,False,False,,EVR REPRESENTAÇÕES,O.S. ENCERRADA,CONTROLE  MAN. 181920
2020-04-24,AS-17101,242513.0,169.05,RESERVATÓRIO DE ÁGUA DO SISTEMA DE ARREFECIMENTO,False,False,False,False,,NOGUTI,NÃO HOUVE O.S. (GEFROE),CONTROLE  MAN. 181920
2020-04-23,AC-17002,95575.0,,SUPORTE DO DRIVE DA SIRENE,False,False,False,False,,MOTOMEC,NÃO HOUVE O.S. (GEFROE),CONTROLE  MAN. 181920
2020-04-23,TP-17003,182444.0,290.0,TROCA DO SILENCIOSO DO ESCAPAMENTO,False,False,False,False,,MULTI PNEUS,O.S. ENCERRADA,CONTROLE  MAN. 181920
2020-04-22,AT-17104,116444.0,2800.0,recondicionamento do compressor do sistema de ar do freio em bancada; Recondicionamento da válvula governo do compressor.,True,False,False,False,,PSV FREIOS,O.S. ENCERRADA,CONTROLE  MAN. 181920
2020-04-22,AT-17104,,,recondicionamento do compressor do sistema de ar do freio em bancada; Recondicionamento da válvula governo do compressor.,True,False,False,False,,,,veiculos_manutencao_freio
2020-04-22,TP-17001,249424.0,5291.39,"CORREIA DENTADA, CORREIA DO ALTERNADOR, CORREIA DO COMPRESSOR (AR CONDICIONADO), POLIA TENSIONADORA DA CORREIA, AMORTECEDOR DIANT , AMORTECEDOR TRASEIRO, KIT DO AMORTECEDOR TRASEIRO, KIT AMORTECEDOR DIANTEIRO, BATENTE DO AMORTECEDOR DIANT, KIT ROLAMENTO DA RODA TRASEIRA, JOGO DE PASTILHAS DO FREIO DIANT , KIT DE EMBREAGEM COM ROLAMENTO, BUCHA DA BANDEJA (TRASEIRA-MAIOR), VELA DE IGNIÇÃO, SUPORTE TRAS DO MOTOR (COXIM), SUPORTE DIANT DO MOTOR, SUPORTE TRAS DA CAIXA DE MUDANÇAS, SILENCIOSO TRASEIRO COM TUBO INTERMEDIARIO, COXIM DO SILENCIOSO TRAS (BUCHA), ALINHAMENTO DE DIREÇÃO, BALANCEAMENTO DE RODA / 4 unidades,",True,True,False,True,,R9 AUTO PEÇAS E SERVIÇOS,O.S. ENCERRADA,CONTROLE  MAN. 181920
2020-04-22,TP-17001,,,"CORREIA DENTADA, CORREIA DO ALTERNADOR, CORREIA DO COMPRESSOR (AR CONDICIONADO), POLIA TENSIONADORA DA CORREIA, AMORTECEDOR DIANT , AMORTECEDOR TRASEIRO, KIT DO AMORTECEDOR TRASEIRO, KIT AMORTECEDOR DIANTEIRO, BATENTE DO AMORTECEDOR DIANT, KIT ROLAMENTO DA RODA TRASEIRA, JOGO DE PASTILHAS DO FREIO DIANT , KIT DE EMBREAGEM COM ROLAMENTO, BUCHA DA BANDEJA (TRASEIRA-MAIOR), VELA DE IGNIÇÃO, SUPORTE TRAS DO MOTOR (COXIM), SUPORTE DIANT DO MOTOR, SUPORTE TRAS DA CAIXA DE MUDANÇAS, SILENCIOSO TRASEIRO COM TUBO INTERMEDIARIO, COXIM DO SILENCIOSO TRAS (BUCHA), ALINHAMENTO DE DIREÇÃO, BALANCEAMENTO DE RODA / 4 unidades,",True,True,False,True,,,,veiculos_manutencao_freio
2020-04-18,AB-17103,90757.0,10030.0,"TROCA DE ROLAMENTOS TRAS LD, TROCA DE PISTA LD E REPAROS GERAIS NO DIFERENCIAL LADO DIREITO (PASSAGEIRO); RECONDICIONAMENTO DA PONTA DE EIXO TRAS LD; RECONDICIONAMENTO DO CUBO TRAS LD",False,False,False,False,,INJETRONIC,O.S. ENCERRADA,CONTROLE  MAN. 181920
2020-04-15,AB-17201,175000.0,7481.67,"4 PNEU 275/80 R22,5 STEELMARK AGS, BALANCEAMENTO DE RODA / 4 unidades,",False,True,False,False,,APICE PNEUS,O.S. ENCERRADA,CONTROLE  MAN. 181920
2020-04-14,CA-17001,243350.0,841.0,"OLEO MOTOR 15W40 DIESEL, FILTRO DE OLEO DIREÇÃO HIDRAULICA, ELEMENTO DO FILTRO DE COMBUSTIVEL,, FILTRO DE AR PRIMARIO.",False,False,True,False,,UNIVERSAL LUBRIFICANTES,O.S. ENCERRADA,CONTROLE  MAN. 181920
2020-04-13,MOB-17105,23687.0,209.9,CAIXA DE DIREÇÃO,False,False,False,False,,JUNIOR MOTOS,O.S. ENCERRADA,CONTROLE  MAN. 181920
2020-04-09,TP-17000,160425.0,1093.0,"TROCA DE PASTILHA DE FREIO, 02 PNEUS, ALINHAMENTO E BALANCEAMENTO. (REVISÃO DE FREIO: 170000 KM)",True,True,False,False,,R9 AUTO PEÇAS E SERVIÇOS,O.S. ENCERRADA,CONTROLE  MAN. 181920
2020-04-09,TP-17000,,,"TROCA DE PASTILHA DE FREIO, 02 PNEUS, ALINHAMENTO E BALANCEAMENTO. (REVISÃO DE FREIO: 170000 KM)",True,True,False,False,,,,veiculos_manutencao_freio
2020-04-09,TP-17004,79524.0,,INSPEÇÃO DE FREIO (PRÓXIMA INSP. 84524 KM),True,False,False,False,,MOTOMEC,NÃO HOUVE O.S. (GEFROE),CONTROLE  MAN. 181920
2020-04-09,TP-17004,,,INSPEÇÃO DE FREIO (PRÓXIMA INSP. 84524 KM),True,False,False,False,,,,veiculos_manutencao_freio
2020-04-07,AB-17103,90982.0,3077.34,"JOGO DE LONAS TRASEIROS, KIT MOLA E GANCHOS FREIO TRASEIRO ESQUERDO, OLEO DO FIFERENCIAL, REGULAGEM DE FREIOS, RETIFICA TAMBOR TRASEIRO, REPARO NO BOTAO DE PARTIDA DO PAINEL. (PRÓXIMA REVISÃO DE FREIOS: 105000 KM)",True,False,True,False,,INJETRONIC,O.S. ENCERRADA,CONTROLE  MAN. 181920
2020-04-07,AB-17103,,,"JOGO DE LONAS TRASEIROS, KIT MOLA E GANCHOS FREIO TRASEIRO ESQUERDO, OLEO DO FIFERENCIAL, REGULAGEM DE FREIOS, RETIFICA TAMBOR TRASEIRO, REPARO NO BOTAO DE PARTIDA DO PAINEL. (PRÓXIMA REVISÃO DE FREIOS: 105000 KM)",True,False,True,False,,,,veiculos_manutencao_freio
2020-04-07,VO-17008,173447.0,4360.13,"TUBO DO FREIO TRAS DIR (CANO), TUBO DO FREIO TRAS ESQ (CANO), JOGO DE SAPATA DE FREIO TRASEIRO, CILINDRO DO FREIO TRAS DIR, CILINDRO DO FREIO TRAS ESQ, AMORTECEDOR TRAS, PIVO DA BANDEJA INFERIOR, PIVO DA BANDEJA SUPERIOR, BRAÇO PITMAN, BRACO AUXILIAR, KIT ROLAMENTO RODA DIANTEIRO C/ RETENTOR LADO ESQUERDO, PASTILHA DO FREIO DIANTEIRO, AMORTECEDOR DIANTEIRO, FLEXIVEL DE FREIO DIANTEIRO LD, FLEXIVEL DE FREIO DIANTEIRO LE, FLUIDO DE FREIO DOT 4 , Carga de Gás (AR CONDICIONADO), LIMPEZA SISTEMA DE FREIO. (PRÓXIMA REVISÃO DE FREIO: 183000 KM)",True,False,False,False,,R9 AUTO PEÇAS E SERVIÇOS,O.S. ENCERRADA,CONTROLE  MAN. 181920
2020-04-07,VO-17008,,,"TUBO DO FREIO TRAS DIR (CANO), TUBO DO FREIO TRAS ESQ (CANO), JOGO DE SAPATA DE FREIO TRASEIRO, CILINDRO DO FREIO TRAS DIR, CILINDRO DO FREIO TRAS ESQ, AMORTECEDOR TRAS, PIVO DA BANDEJA INFERIOR, PIVO DA BANDEJA SUPERIOR, BRAÇO PITMAN, BRACO AUXILIAR, KIT ROLAMENTO RODA DIANTEIRO C/ RETENTOR LADO ESQUERDO, PASTILHA DO FREIO DIANTEIRO, AMORTECEDOR DIANTEIRO, FLEXIVEL DE FREIO DIANTEIRO LD, FLEXIVEL DE FREIO DIANTEIRO LE, FLUIDO DE FREIO DOT 4 , Carga de Gás (AR CONDICIONADO), LIMPEZA SISTEMA DE FREIO. (PRÓXIMA REVISÃO DE FREIO: 183000 KM)",True,False,False,False,,,,veiculos_manutencao_freio
2020-04-06,ABS-17102,131367.0,1200.0,TROCA DO ROTOR DA BOMBA,False,False,False,False,,RPFER,O.S. ENCERRADA,CONTROLE  MAN. 181920
2020-04-01,TP-17007,190101.0,,INSPEÇÃO DE FREIO (PRÓXIMA INSP. 195000),True,False,False,False,,MOTOMEC,NÃO HOUVE O.S. (GEFROE),CONTROLE  MAN. 181920
2020-04-01,TP-17007,,,INSPEÇÃO DE FREIO (PRÓXIMA INSP. 195000),True,False,False,False,,,,veiculos_manutencao_freio
2020-04-01,UT-17002,195968.0,,TROCA DE ÓLEO E FILTROS (TROCAR COM 204000 Km),False,False,True,False,,UNIVERSAL LUBRIFICANTES,NÃO HOUVE O.S. (GEFROE),CONTROLE  MAN. 181920
2020-03-31,TP-17000,160276.0,291.8,troca de óleo e filtros (PRÓXIMA TROCA DE ÓLEO E FILTROS: 170000 KM),False,False,True,False,,UNIVERSAL LUBRIFICANTES,O.S. ENCERRADA,CONTROLE  MAN. 181920
2020-03-31,VO-17003,237011.0,,TROCA DE ÓLEO E FILTROS (PRÓXIMA TROCA DE ÓLEO E FILTROS: 247000 KM),False,False,True,False,,UNIVERSAL LUBRIFICANTES,NÃO HOUVE O.S. (GEFROE),CONTROLE  MAN. 181920
2020-03-30,VO-17003,236981.0,,INSPEÇÃO DE FREIO (PRÓXIMA INSP. 240.000),True,False,False,False,,MOTOMEC,NÃO HOUVE O.S. (GEFROE),CONTROLE  MAN. 181920
2020-03-30,VO-17003,,,INSPEÇÃO DE FREIO (PRÓXIMA INSP. 240.000),True,False,False,False,,,,veiculos_manutencao_freio
2020-03-27,*****,,178.0,COMPRA DE 20 UNIDADES DE ÓLEO 2T 500ML,False,False,True,False,,JUNIOR MOTOS,NÃO HOUVE O.S. (GEFROE),CONTROLE  MAN. 181920
2020-03-27,ABE-17101,103894.0,18553.34,"FILTRO DE OLEO, FILTRO DE AR, FILTRO DE DIESEL, OLEO DO MOTOR, REVISÃO ELÉTRICA DO PAINEL, REPARAR PAINEL DA BOMBA DE INCENDIO, MANGUEIRA DE RETORNO DO DIESEL ( 3 METROS), MANGUEIRA DA ENTRADA DE DIESEL ( 6 METROS), LIMPEZA DO TANQUE DE DIESEL, FILTRO DO SISTEMA HIDRAULICO, OLEO CAMBIO AUTOMATICO, BICO INJETOR. (PRÓXIMA TROCA DE ÓLEOS E FILTROS: 112000 KM; PRÓXIMA REVISÃO DE FREIO: 109000 KM)",True,False,True,False,,INJETRONIC,O.S. ENCERRADA,CONTROLE  MAN. 181920
2020-03-27,ABE-17101,,,"FILTRO DE OLEO, FILTRO DE AR, FILTRO DE DIESEL, OLEO DO MOTOR, REVISÃO ELÉTRICA DO PAINEL, REPARAR PAINEL DA BOMBA DE INCENDIO, MANGUEIRA DE RETORNO DO DIESEL ( 3 METROS), MANGUEIRA DA ENTRADA DE DIESEL ( 6 METROS), LIMPEZA DO TANQUE DE DIESEL, FILTRO DO SISTEMA HIDRAULICO, OLEO CAMBIO AUTOMATICO, BICO INJETOR. (PRÓXIMA TROCA DE ÓLEOS E FILTROS: 112000 KM; PRÓXIMA REVISÃO DE FREIO: 109000 KM)",True,False,True,False,,,,veiculos_manutencao_freio
2020-03-26,AB-17103,90982.0,14602.0,TROCAR COXIM DO CÂMBIO; TROCAR MANGUEIRA DE COMBUSTÍVEL; REPARAR TUBO DE ESCAPE LADO DIREITO; TROCAR VALVULA DE RETENCAO DE DIESEL; TROCAR VEDAÇÃO DOS INJETORES; RECONDICIONAMENTO DO COMPRESSOR; ÓLEO DE MOTOR; FILTROS DE DIESEL; TAMPA DO RADIADOR; FILTRO DE OLEO; RECONDICIONAMENTO DA VALVULA SECADORA; SENSOR DE TEMPERATURA DE AGUA. (PRÓXIMA TROCA DE ÓLEO E FILTROS: 99000 KM),False,False,True,False,,INJETRONIC,O.S. ENCERRADA,CONTROLE  MAN. 181920
2020-03-26,ASE-17101,137923.0,1000.0,SUBSTITUIÇÃO DO ALTERNADOR,False,False,False,True,,REI DAS BATERIAS,O.S. ENCERRADA,CONTROLE  MAN. 181920
2020-03-26,CA-17001,243147.0,30.0,REPARO EM CAMARA DE AR,False,False,False,False,,RE9 DIESEL,NÃO HOUVE O.S. (GEFROE),CONTROLE  MAN. 181920
2020-03-24,AC-17002,94000.0,256.5,troca de pastilha de freio dianteiro (próxi. Insp.96000),True,False,False,False,,R9 AUTO PEÇAS E SERVIÇOS,O.S. ENCERRADA,CONTROLE  MAN. 181920
2020-03-24,AC-17002,,,troca de pastilha de freio dianteiro (próxi. Insp.96000),True,False,False,False,,,,veiculos_manutencao_freio
2020-03-20,AC-17001,161150.0,436.0,TROCA DAS PASTILHAS DE FREIO DIANTEIRO E TRASEIRO (INSPECIONAR 164000 KM),True,False,False,False,,MULTI PNEUS,O.S. ENCERRADA,CONTROLE  MAN. 181920
2020-03-20,AC-17001,,,TROCA DAS PASTILHAS DE FREIO DIANTEIRO E TRASEIRO (INSPECIONAR 164000 KM),True,False,False,False,,,,veiculos_manutencao_freio
2020-03-19,AT-17104,115500.0,115.0,"CONSERTO DE PNEUS, AJUSTE NO CUBO DE RODA TRASEIRO LD ESQUERDO",False,True,False,False,,RE9 DIESEL,O.S. ENCERRADA,CONTROLE  MAN. 181920
2020-03-19,CM-17101,108237.0,320.0,LAVAGEM COMPLETA E LUBRIFICAÇÃO (CM E REBOQUE),False,False,False,False,,H2O TRUCK LAVA CAMINHÕES,O.S. ENCERRADA,CONTROLE  MAN. 181920
2020-03-19,MOB-17104,34000.0,456.0,BATERIA NOVA ROUTE XTZ 14S SHADOW 750,False,False,False,True,,MEGA MOTOS,O.S. ENCERRADA,CONTROLE  MAN. 181920
2020-03-19,MOB-17105,23600.0,456.0,BATERIA NOVA ROUTE XTZ 14S SHADOW 750,False,False,False,True,,MEGA MOTOS,O.S. ENCERRADA,CONTROLE  MAN. 181920
2020-03-19,TP-17003,181697.0,,INSPEÇÃO DE FREIO (PRÓX. INSP. 184000),True,False,False,False,,MOTOMEC,NÃO HOUVE O.S. (GEFROE),CONTROLE  MAN. 181920
2020-03-19,TP-17003,,,INSPEÇÃO DE FREIO (PRÓX. INSP. 184000),True,False,False,False,,,,veiculos_manutencao_freio
2020-03-18,MO-17001,129070.0,12381.85,TROCA DE BICO INJETOR DE COMBUSTÍVEL; TROCA DO FILTRO DE COMBUSTÍVEL; TROCA DO REGULADOR DE PRESSÃO DE COMBUSTÍVEL; LIMPEZA DO SISTEMA,False,False,True,False,,RENOVO,O.S. ENCERRADA,CONTROLE  MAN. 181920
2020-03-18,TP-17205,171500.0,5687.1,TROCA DO JOGO DE SAPATAS DE FREIO; TROCA DO CILINDRO DO FREIO TRASEIRO; TROCA DO TAMBOR DO FREIO TRASEIRO; TROCA DO KIT ROLAMENTO RODA TRASEIRO; TROCA DO AMORTECEDOR TRAS; TROCA DO JOGO DE REPARO DA SUSPENSÃO TRAS (KIT TRASEIRO COMPLTO COM COXIM); TROCA DO AMORTECEDOR DIANT; TROCA DO JOGO DE REPARO DA SUSPENSÃO DIANT; TROCA DO BRAÇO OSCILANTE DIANT; TROCA DA HASTE DA BARRA ESTABILIZADORA; JUNTA DA TAMPA DO CABEÇOTE; TROCA DO LIMITADOR DE TORÇÃO DA CAIXA DE MUDANÇAS; TROCA DA VÁLVULA TERMOSTÁTICA; ADITIVO DO RADIADOR; OLEO MOTOR 5W30; FILTRO DE ÓLEO; FILTRO DE COMBUSTÍVEL; OLEO PARA DIREÇÃO HIDRAULICA ATF,True,False,True,False,,R9 AUTO PEÇAS E SERVIÇOS,O.S. ENCERRADA,CONTROLE  MAN. 181920
2020-03-18,TP-17205,,,TROCA DO JOGO DE SAPATAS DE FREIO; TROCA DO CILINDRO DO FREIO TRASEIRO; TROCA DO TAMBOR DO FREIO TRASEIRO; TROCA DO KIT ROLAMENTO RODA TRASEIRO; TROCA DO AMORTECEDOR TRAS; TROCA DO JOGO DE REPARO DA SUSPENSÃO TRAS (KIT TRASEIRO COMPLTO COM COXIM); TROCA DO AMORTECEDOR DIANT; TROCA DO JOGO DE REPARO DA SUSPENSÃO DIANT; TROCA DO BRAÇO OSCILANTE DIANT; TROCA DA HASTE DA BARRA ESTABILIZADORA; JUNTA DA TAMPA DO CABEÇOTE; TROCA DO LIMITADOR DE TORÇÃO DA CAIXA DE MUDANÇAS; TROCA DA VÁLVULA TERMOSTÁTICA; ADITIVO DO RADIADOR; OLEO MOTOR 5W30; FILTRO DE ÓLEO; FILTRO DE COMBUSTÍVEL; OLEO PARA DIREÇÃO HIDRAULICA ATF,True,False,True,False,,,,veiculos_manutencao_freio
2020-03-13,AE-17101,16731.0,,"MECANISMO DE GIRO DA ESCADA, PAINEL DE COMANDO, BOMBA NÃO ENGATA",False,False,False,False,,CSM/MOpB,NÃO HOUVE O.S. (GEFROE),CONTROLE  MAN. 181920
2020-03-12,AS-17101,242029.0,,TROCA DE 1 BATERIA (HELIAR - N° DE SÉRIE: 21021914776),False,False,False,True,,CSM/MOpB,NÃO HOUVE O.S. (GEFROE),CONTROLE  MAN. 181920
2020-03-11,AB-17102,84891.0,5400.0,"TROCA DO FLEXIVEL DA DIREÇÃO HIDRAULICA, SUBSTITUIR - TROCA DOS ESPELHOS RETROVISORES DOIS LADOS,TROCA DA BARRA LONGA DE DIREÇÃO, TROCA DA BARRA CURTA DE DIREÇÃO, CONSERTO DO ESCAPAMENTO, INSTALAR E SUBSTITUIR BUZINA; OLEO HIDRAULICO",False,False,True,False,,TECDIESEL,O.S. ENCERRADA,CONTROLE  MAN. 181920
2020-03-09,ASE-17101,137923.0,,2 BATERIAS HELIAR 100 AH,False,False,False,True,,CSM/MOpB,NÃO HOUVE O.S. (GEFROE),CONTROLE  MAN. 181920
2020-03-09,AT-17103,95835.0,1100.0,02 BATERIAS MOURA 100 AMPERES,False,False,False,True,,REI DAS BATERIAS,O.S. ENCERRADA,CONTROLE  MAN. 181920
2020-03-03,ASE-17101,137000.0,809.78,REPARO EM MOLAS COM TROCA DE ESPIGÃO,False,False,False,False,,MOLAMEC,O.S. ENCERRADA,CONTROLE  MAN. 181920
2020-02-28,AC-17001,160000.0,365.0,REPARO GERAL EM ALTERNADOR,False,False,False,True,,REI DAS BATERIAS,O.S. ENCERRADA,CONTROLE  MAN. 181920
2020-02-28,MOB-17101,51765.0,4.9,TROCA DO MANETE DA EMBREAGEM,False,False,False,False,,MEGA MOTOS,NÃO HOUVE O.S. (GEFROE),CONTROLE  MAN. 181920
2020-02-28,MOB-17102,52994.0,87.0,TROCA DE 1 LÂMPADA (H11) DO FAROL,False,False,False,True,,MEGA MOTOS,NÃO HOUVE O.S. (GEFROE),CONTROLE  MAN. 181920
2020-02-27,AT-17103,95912.0,,TROCA DO CONVERSOR DE 24x12 V (RÁDIO) E REVISÃO ELÉTRICA; TROCA DE UMA LÂMPADA 24V H3; TROCA DE UM FUSÍVEL DO RÁDIO; TROCA DE DOIS FUSÍVEIS DO IMPLEMENTO; TROCA DE DOIS FUSÍVEIS DO SISTEMA DE DIAGNÓSTICO DO CAMINHÃO; SUBSTITUIÇÃO DA VEDAÇÃO DO GIROFLEX (UTILIZADO SICAFLEX); REVISÃO DE FREIOS (PRÓXIMA REVISÃO EM 97000 KM),True,False,False,True,,CSM/MOpB,NÃO HOUVE O.S. (GEFROE),CONTROLE  MAN. 181920
2020-02-27,AT-17103,,,TROCA DO CONVERSOR DE 24x12 V (RÁDIO) E REVISÃO ELÉTRICA; TROCA DE UMA LÂMPADA 24V H3; TROCA DE UM FUSÍVEL DO RÁDIO; TROCA DE DOIS FUSÍVEIS DO IMPLEMENTO; TROCA DE DOIS FUSÍVEIS DO SISTEMA DE DIAGNÓSTICO DO CAMINHÃO; SUBSTITUIÇÃO DA VEDAÇÃO DO GIROFLEX (UTILIZADO SICAFLEX); REVISÃO DE FREIOS (PRÓXIMA REVISÃO EM 97000 KM),True,False,False,True,,,,veiculos_manutencao_freio
2020-02-21,AC-17002,91500.0,728.93,"TROCA DE ÓLEO, FILTRO DE ÓLEO, FILTRO DE AR E FILTRO DE COMBUSTÍVEL (PRÓXIMA TROCA DE ÓLEO: 101500; PRÓXIMA TROCA DE FILTROS: 111500)",False,False,True,False,,UNIVERSAL LUBRIFICANTES,O.S. ENCERRADA,CONTROLE  MAN. 181920
2020-02-21,AS-17101,242029.0,15725.53,"Jogo de válvulas de admissão; Jogo de válvulas de escape; Kit de embreagem; Filtro de óleo do motor; Filtro de combustível; Filtro de ar do motor; Jogo de juntas do motor ; Bomba d’água; Bomba de óleo; Jogo de bronzinas das bielas; Jogo de bronzinas de mancal; Farol dianteiro; Lanternas dianteira; Flexiveis de freio dianteiro direito; Flexivel de freio dianteiro esquerdo; Rolamento do centro (Cardan); Jogo de pistao com aneis; Liquido de arrefecimento do motor ; Óleo do motor; Mangueira da turbina (Retorno); Mandrilar e alinhar mancais; Plainar a base superior do bloco; Retificar e polir o virabrequim; Encamisar, retificar e brunir os cilindros; Embuchar, alinhar e mandrilar as buchas de biela; Retificar os alojamentos de bielas; Embuchar e mandrilar as buchas do comando de válvulas; Retificar e polir o comando de válvulas; Plainar a base do cabeçote; Retificar a sede de admissão e escape; Fazer o teste de Magnaflux eletrodinâmico; teste hidráulico do cabeçote; Retificar o volante do motor; Recondicionar a bomba-turbina; RETIFICAR BUCHAS DE COMANDO DO MOTOR; REPARAR CAMISA DO MOTOR; REPARAR BUCHAS DE BIELA; REPARAR SEDE DA ADMISSÃO E ESCAPE; REPARAR GUIAS DE ADMISSÃO E ESCAPE. (OBS: REVISÃO DOS SERVIÇOS AOS 243000 KM)",True,False,True,False,,PHFS,O.S. ENCERRADA,CONTROLE  MAN. 181920
2020-02-21,AS-17101,,,"Jogo de válvulas de admissão; Jogo de válvulas de escape; Kit de embreagem; Filtro de óleo do motor; Filtro de combustível; Filtro de ar do motor; Jogo de juntas do motor ; Bomba d’água; Bomba de óleo; Jogo de bronzinas das bielas; Jogo de bronzinas de mancal; Farol dianteiro; Lanternas dianteira; Flexiveis de freio dianteiro direito; Flexivel de freio dianteiro esquerdo; Rolamento do centro (Cardan); Jogo de pistao com aneis; Liquido de arrefecimento do motor ; Óleo do motor; Mangueira da turbina (Retorno); Mandrilar e alinhar mancais; Plainar a base superior do bloco; Retificar e polir o virabrequim; Encamisar, retificar e brunir os cilindros; Embuchar, alinhar e mandrilar as buchas de biela; Retificar os alojamentos de bielas; Embuchar e mandrilar as buchas do comando de válvulas; Retificar e polir o comando de válvulas; Plainar a base do cabeçote; Retificar a sede de admissão e escape; Fazer o teste de Magnaflux eletrodinâmico; teste hidráulico do cabeçote; Retificar o volante do motor; Recondicionar a bomba-turbina; RETIFICAR BUCHAS DE COMANDO DO MOTOR; REPARAR CAMISA DO MOTOR; REPARAR BUCHAS DE BIELA; REPARAR SEDE DA ADMISSÃO E ESCAPE; REPARAR GUIAS DE ADMISSÃO E ESCAPE. (OBS: REVISÃO DOS SERVIÇOS AOS 243000 KM)",True,False,True,False,,,,veiculos_manutencao_freio
2020-02-21,TP-17004,75000.0,394.2,"TROCA DE ÓLEO, FILTRO DE ÓLEO, FILTRO DE AR E FILTRO DE COMBUSTÍVEL (PRÓXIMA TROCA DE ÓLEO: 85000; PRÓXIMA TROCA DE FILTROS: 95000)",False,False,True,False,,R9 AUTO PEÇAS E SERVIÇOS,O.S. ENCERRADA,CONTROLE  MAN. 181920
2020-02-20,AT-17103,95623.0,446.0,TROCA DE 2 MOLAS (LÂMINAS) TRASEIRA LADO DIREITO,False,False,False,False,,APOLOTECH,O.S. ENCERRADA,CONTROLE  MAN. 181920
2020-02-20,MT-17004,58000.0,,TROCA DE ÓLEO E FILTRO DE ÓLEO (PRÓXIMA TROCA: 61000),False,False,True,False,,MOTOMEC,NÃO HOUVE O.S. (GEFROE),CONTROLE  MAN. 181920
2020-02-18,AB-17201,172978.0,3646.0,TROCA DE 2 PNEUS (GOODYEAR ARO 22.5 KELLY KS461 275/80R22.5 149/146L TL); Alinhamento de Direção; Balanceamento de Rodas.,False,True,False,False,,APICE PNEUS,O.S. ENCERRADA,CONTROLE  MAN. 181920
2020-02-18,TP-17007,188198.0,747.2,RECONDICIONAR O REGULADOR DE VOLTAGEM; ROLAMENTO 6303; ROLAMENTO 6003; TROCA DO ROTOR,False,False,False,False,,CESAR CAR,O.S. ENCERRADA,CONTROLE  MAN. 181920
2020-02-14,AC-17001,159122.0,560.0,BATERIA 90AH 12V 650A,False,False,False,True,,APICE COMERCIAL,O.S. ENCERRADA,CONTROLE  MAN. 181920
2020-02-13,AT-17202,636918.0,15198.0,substituir o para-choque dianteiro completo com as tampas; substituir o estribo inferior da escada lado direito (completo); substituir os 02 (dois) faróis dianteiros com fundo cromado (completo); substituir a grade do radiador (com acabamento).,False,False,False,False,,ALVES FUNILARIA E PINTURA,O.S. ENCERRADA,CONTROLE  MAN. 181920
2020-02-13,AT-17203,124489.0,5830.0,RECONDICIONAMENTO DOS BICOS INJETORES,False,False,False,False,,PHFS,O.S. ENCERRADA,CONTROLE  MAN. 181920
2020-02-13,MO-17001,128981.0,694.5,substituir o óleo do motor ; substituir o filtro de óleo do motor; substituir o filtro de combustível; substituir o filtro de cabine; substituir o filtro de ar do motor.,False,False,True,False,,UNIVERSAL LUBRIFICANTES,O.S. ENCERRADA,CONTROLE  MAN. 181920
2020-02-12,ASE-17101,137350.0,280.0,MOTOR DE PARTIDA (GARANTIA): TROCA DO CHICOTE DO ALTERNADOR,False,False,False,True,,ARNALDO CAR,O.S. ENCERRADA,CONTROLE  MAN. 181920
2020-02-12,AT-17103,95416.0,1136.63,FILTRO DE AR PRIMARIO; FILTRO SEPARADOR DE AGUA PADRÃO RACOR; OLEO MOTOR; FILTRO DE OLEO; FILTRO DE COMBUSTIVEL,False,False,True,False,,APICE PNEUS,O.S. ENCERRADA,CONTROLE  MAN. 181920
2020-02-10,UT-17001,62019.0,4877.3,CORREIA DENTADA; tensor da dentada; Limpar os bicos injetores de combustível; Limpar o TBI; mangueira do filtro de ar ao TBI; Oleo De Motor 5w30 Sintético Api Sn; Filtro de óleo do motor; filtro de ar do motor; Filtro de combustível; fluido de freios; silencioso traseiro do escapamento; kit do amortecedor dianteiro completo; kit de calço e batente do amortecedor traseiro; Cilindros do freio traseiro; amortecedor dianteiro; amortecedor traseiro; bucha da bandeja (mancal traseiro ambos os lados); terminal de direção lado esquerdo; barra axial de direção lado esquerdo; montagem de 02(dois) pneus; balanceamentos de rodas; alinhamento de direção; bieleta dianteira; duto do filtro de ar do motor; ADITIVO RADIADOR,True,True,True,False,,R9 AUTO PEÇAS E SERVIÇOS,O.S. ENCERRADA,CONTROLE  MAN. 181920
2020-02-10,UT-17001,,,CORREIA DENTADA; tensor da dentada; Limpar os bicos injetores de combustível; Limpar o TBI; mangueira do filtro de ar ao TBI; Oleo De Motor 5w30 Sintético Api Sn; Filtro de óleo do motor; filtro de ar do motor; Filtro de combustível; fluido de freios; silencioso traseiro do escapamento; kit do amortecedor dianteiro completo; kit de calço e batente do amortecedor traseiro; Cilindros do freio traseiro; amortecedor dianteiro; amortecedor traseiro; bucha da bandeja (mancal traseiro ambos os lados); terminal de direção lado esquerdo; barra axial de direção lado esquerdo; montagem de 02(dois) pneus; balanceamentos de rodas; alinhamento de direção; bieleta dianteira; duto do filtro de ar do motor; ADITIVO RADIADOR,True,True,True,False,,,,veiculos_manutencao_freio
2020-02-06,MO-17001,128694.0,65.0,TROCA DOS TERMINAIS DA BETERIA,False,False,False,False,,ROBSON,NÃO HOUVE O.S. (GEFROE),CONTROLE  MAN. 181920
2020-02-06,MOB-17104,33929.0,,TROCA DE ÓLEO; FILTRO DE ÓLEO; REVISÃO DE FREIOS COM TROCA DE PASTILHAS E DISCOS; TROCA DO KIT DE EMBREAGEM; CAVALETE LATERAL; FILTRO DE AR.,True,False,True,False,,CSM/MOpB,NÃO HOUVE O.S. (GEFROE),CONTROLE  MAN. 181920
2020-02-06,MOB-17104,,,TROCA DE ÓLEO; FILTRO DE ÓLEO; REVISÃO DE FREIOS COM TROCA DE PASTILHAS E DISCOS; TROCA DO KIT DE EMBREAGEM; CAVALETE LATERAL; FILTRO DE AR.,True,False,True,False,,,,veiculos_manutencao_freio
2020-02-06,MOB-17105,23550.0,,TROCA DE ÓLEO; FILTRO DE ÓLEO; REVISÃO DE FREIOS COM TROCA DE PASTILHAS E DISCOS; TROCA DO KIT DE EMBREAGEM; CAVALETE LATERAL; FILTRO DE AR; TROCA DAS MANOPLAS; TROCA DO GUIDÃO,True,False,True,False,,CSM/MOpB,NÃO HOUVE O.S. (GEFROE),CONTROLE  MAN. 181920
2020-02-06,MOB-17105,,,TROCA DE ÓLEO; FILTRO DE ÓLEO; REVISÃO DE FREIOS COM TROCA DE PASTILHAS E DISCOS; TROCA DO KIT DE EMBREAGEM; CAVALETE LATERAL; FILTRO DE AR; TROCA DAS MANOPLAS; TROCA DO GUIDÃO,True,False,True,False,,,,veiculos_manutencao_freio
2020-02-05,AC-17002,90485.0,2137.2,BATENTE DO FEIXE DE MOLAS TRAS; PIVÔ DO BRAÇO OSCILANTE INF DIANT; PIVÔ DO BRAÇO OSCILANTE SUP DIANT; JOGO DE PASTILHAS DO FREIO DIANT; JOGO DE SAPATAS DO FREIO TRAS (OBS: PRÓXIMA REVISÃO DE FREIO EM 92.000 KM); BALANCEAMENTO RODA; TROCA DE 2 PNEUS E RODIZIO; ALINHAMENTO DE DIREÇÃO; Cambagem Dianteira Ambos os lados;,True,True,False,False,,R9 AUTO PEÇAS E SERVIÇOS,O.S. ENCERRADA,CONTROLE  MAN. 181920
2020-02-05,AC-17002,,,BATENTE DO FEIXE DE MOLAS TRAS; PIVÔ DO BRAÇO OSCILANTE INF DIANT; PIVÔ DO BRAÇO OSCILANTE SUP DIANT; JOGO DE PASTILHAS DO FREIO DIANT; JOGO DE SAPATAS DO FREIO TRAS (OBS: PRÓXIMA REVISÃO DE FREIO EM 92.000 KM); BALANCEAMENTO RODA; TROCA DE 2 PNEUS E RODIZIO; ALINHAMENTO DE DIREÇÃO; Cambagem Dianteira Ambos os lados;,True,True,False,False,,,,veiculos_manutencao_freio
2020-02-05,MOB-17102,52994.0,488.0,substituir a caixa de direção completa; substituir o óleo de motor; substituir o filtro de óleo do motor,False,False,True,False,,ROTA 1,O.S. ENCERRADA,CONTROLE  MAN. 181920
2020-02-04,AT-17104,115855.0,3640.0,SUBSTITUIR PONTA DA CARCAÇA DO EIXO TRASEIRO LE; ROLAMENTO RODA TRASEIRA INTERNO/EXTERNO; PORCA CARCAÇA TRASEIRA LE;,False,False,False,False,,TRUCK SERVICE,O.S. ENCERRADA,CONTROLE  MAN. 181920
2020-01-31,MOB-17102,52220.0,68.0,CABO DE EMBREAGEM,False,False,False,False,,MEGA MOTOS,NÃO HOUVE O.S. (GEFROE),CONTROLE  MAN. 181920
2020-01-28,TP-17002,433400.0,1613.33,FUNILARIA E PINTURA DO PARACHOQUE DIANTEIRO; TROCA DA SETA DIANTEIRA LADO DIREITO; Trocar Mangueira do Anti Chamas e o Anti chamas; Trocar PARABARRO DIANT DIR E ESQ; Trocar Cubo roda dianteiro; Trocar Articulação Axial LD; Trocar Terminal de Direção LD; Trocar Filtro de ar do motor; Trocar Oleo Direcao Hidraulica Gi/a Sae10w Tutela Dexron2; Limpeza do Sistema de direção hidraulica; Aditivo do arrefecimento Pronto para uso; Trocar o Reservatorio de Agua; Trocar a Tampa do reservatorio de agua;,False,False,True,False,,R9 AUTO PEÇAS E SERVIÇOS,O.S. ENCERRADA,CONTROLE  MAN. 181920
2020-01-27,UR-17104,83000.0,,TROCA DE ÓLEO DE MOTOR E FILTROS (PRÓXIMA TROCA DE ÓLEO: 91000 KM; PRÓXIMA TROCA DE FILTROS: 101000 KM),False,False,True,False,,*****,NÃO HOUVE O.S. (GEFROE); SERVIÇO REALIZADO POR GUARAREMA,CONTROLE  MAN. 181920
2020-01-23,AB-17103,89000.0,560.0,TROCA DA MANGUEIRA DE FREIO,True,False,False,False,,RE9 DIESEL,O.S. ENCERRADA,CONTROLE  MAN. 181920
2020-01-23,AB-17103,,,TROCA DA MANGUEIRA DE FREIO,True,False,False,False,,,,veiculos_manutencao_freio
2020-01-23,AC-17002,89650.0,61.0,1 LÂMPADA H11,False,False,False,True,,NOGUTI,NÃO HOUVE O.S. (GEFROE),CONTROLE  MAN. 181920
2020-01-22,ABS-17102,128400.0,1204.6,substituir o óleo de motor; substituir o filtro de ar do motor; substituir o filtro de óleo do motor; substituir o filtro de combustível; substituir o filtro secador de ar (APU); substituir o pré-filtro (RACOR). (OBS: PRÓXIMA TROCA DE ÓLEO EM 138000 KM; PRÓXIMA TROCA DE FILTROS EM 148000 KM),False,False,True,False,,PHFS,O.S. ENCERRADA,CONTROLE  MAN. 181920
2020-01-22,TP-17002,433400.0,1370.0,substituir o pivô de suspensão lado direito; substituir o terminal de direção lado esquerdo; substituir o braço axial lado esquerdo; substituir 01 (um) rolamento da roda traseiro lado direito; substituir os 02(dois) rolamentos das rodas dianteiras; substituir 01(um) par do kit de batentes completo dianteiro; alinhamento e o balanceamento das rodas.,False,True,False,False,,R9 AUTO PEÇAS E SERVIÇOS,O.S. ENCERRADA,CONTROLE  MAN. 181920
2020-01-21,ABE-17101,102200.0,,REGULAGEM E REVISÃO DE FREIO (PRÓXIMA REVISÃO: 105000),True,False,False,False,,RE9 DIESEL,NÃO HOUVE O.S. (GEFROE),CONTROLE  MAN. 181920
2020-01-21,ABE-17101,,,REGULAGEM E REVISÃO DE FREIO (PRÓXIMA REVISÃO: 105000),True,False,False,False,,,,veiculos_manutencao_freio
2020-01-21,AE-17101,16653.0,2796.0,substituir os 02(dois) acumuladores de energia (Baterias) 12V 200AH modelo C20,False,False,False,True,,R9 AUTO PEÇAS E SERVIÇOS,O.S. ENCERRADA,CONTROLE  MAN. 181920
2020-01-21,UT-17002,195600.0,4347.27,substituir o acumulador de energia (bateria) 12V 95AH; substituir o regulador da bomba de alta pressão; substituir a caixa de fusíveis,False,False,False,True,,JKAR,O.S. ENCERRADA,CONTROLE  MAN. 181920
2020-01-20,AB-17103,88900.0,560.0,"REVISÃO DE FREIO COM TROCA DE LONAS TRASEIRA, REPARO EM VÁLVULA DE FREIO.PRÓX. REVISÃO 94.000",True,False,False,False,,R9 AUTO PEÇAS E SERVIÇOS,O.S. ENCERRADA,CONTROLE  MAN. 181920
2020-01-20,AB-17103,,,"REVISÃO DE FREIO COM TROCA DE LONAS TRASEIRA, REPARO EM VÁLVULA DE FREIO.PRÓX. REVISÃO 94.000",True,False,False,False,,,,veiculos_manutencao_freio
2020-01-20,CA-17001,242242.0,220.0,"TROCA DE VÁLVULA TERMOSTÁTICA, TAMPA DE SAÍDA DA VÁLVULA, MANGUEIRA DO RESPIRO E RELÉ DE ACIONAMENTO DO FREIO MOTOR (SERVIÇOS REALIZADOS PELA MOTOMEC)",True,False,False,False,,NOGUTI,O.S. ENCERRADA,CONTROLE  MAN. 181920
2020-01-20,CA-17001,,,"TROCA DE VÁLVULA TERMOSTÁTICA, TAMPA DE SAÍDA DA VÁLVULA, MANGUEIRA DO RESPIRO E RELÉ DE ACIONAMENTO DO FREIO MOTOR (SERVIÇOS REALIZADOS PELA MOTOMEC)",True,False,False,False,,,,veiculos_manutencao_freio
2020-01-20,TP-17004,73025.0,25.0,REPARO EM PNEU,False,True,False,False,,ELIAS PNEUS,NÃO HOUVE O.S. (GEFROE),CONTROLE  MAN. 181920
2020-01-20,UR-17104,82755.0,,REVISÃO DE FREIO (PRÓXIMA REVISÃO: 87000),True,False,False,False,,MOTOMEC,NÃO HOUVE O.S. (GEFROE),CONTROLE  MAN. 181920
2020-01-20,UR-17104,,,REVISÃO DE FREIO (PRÓXIMA REVISÃO: 87000),True,False,False,False,,,,veiculos_manutencao_freio
2020-01-16,AT-17104,115855.0,1880.0,substituir o semieixo da roda traseira,False,False,False,False,,TRUCK SERVICE,O.S. ENCERRADA,CONTROLE  MAN. 181920
2020-01-08,AB-17102,52976.0,,"1) Luzes indicativas de problemas do painel com defeito; 2) Viatura apresentando falha elétrica no sistema de sensores de emergência das portas e gavetas; 3) Caixa de direção com folga; 4) Retrovisores danificados, opaco e sem visibilidades; 5) Direção trepidando em rodovia; 6) Cinto com falha de sensor: acusa que está sem o cinto no banco do motorista e auxiliares lado direito; 7) Suspensão - Muito baixa/batendo; 8) Direção desalinhada; 9) Vazamento do óleo da direção através do implemento da mangueira; 10) Controle de tração e estabilidade desligado; 11) Defeito no sistema de ar condicionado;
 12) Defeito no sistema de ar quente no interior da cabine, colmeia furada, vazando agua; 13) Vidros elétricos das portas dianteiras com problemas no funcionamento; 14) Revisão de freio.",True,False,True,False,,CSM/MOpB,NÃO HOUVE O.S. (GEFROE),CONTROLE  MAN. 181920
2020-01-08,AB-17102,,,"1) Luzes indicativas de problemas do painel com defeito; 2) Viatura apresentando falha elétrica no sistema de sensores de emergência das portas e gavetas; 3) Caixa de direção com folga; 4) Retrovisores danificados, opaco e sem visibilidades; 5) Direção trepidando em rodovia; 6) Cinto com falha de sensor: acusa que está sem o cinto no banco do motorista e auxiliares lado direito; 7) Suspensão - Muito baixa/batendo; 8) Direção desalinhada; 9) Vazamento do óleo da direção através do implemento da mangueira; 10) Controle de tração e estabilidade desligado; 11) Defeito no sistema de ar condicionado;
 12) Defeito no sistema de ar quente no interior da cabine, colmeia furada, vazando agua; 13) Vidros elétricos das portas dianteiras com problemas no funcionamento; 14) Revisão de freio.",True,False,True,False,,,,veiculos_manutencao_freio
2020-01-08,TP-17000,150756.0,327.3,"TROCA DE OLEO DO MOTOR, FILTRO DE OLEO E FILTRO DE COMBUSTIVEL (PRÓXIMA TROCA DE ÓLEO: 160000; PRÓXIMA TROCA DE FILTROS: 17000)",False,False,True,False,,CESAR CAR,O.S. ENCERRADA,CONTROLE  MAN. 181920
2020-01-08,,242000.0,,TROCA DA BOMBA DE ÓLEO E REPARO EM TURBINA,False,False,True,False,,PHFS,NÃO HOUVE O.S. (GEFROE),CONTROLE  MAN. 181920
2020-01-06,AB-17102,52976.0,159.8,TROCA DO FEIXE DE MOLA; ÓLEO DA DIREÇÃO HIDRÁULICA,False,False,True,False,,APOLOTECH,O.S. ENCERRADA,CONTROLE  MAN. 181920
2020-01-06,AB-17103,88337.0,6055.0,"SISTEMA DE FREIOS (substituir a valvula de governo, substituir o secador do sistema de ar, substituir a mangueira Hidráulica do sistema de ar, Recondicionar o compressor de ar do sitema de freio, Regular o sitema de freio, Limpeza do sistema de ar de freio).",True,False,False,False,,PSV FREIOS,O.S. ENCERRADA,CONTROLE  MAN. 181920
2020-01-06,AB-17103,,,"SISTEMA DE FREIOS (substituir a valvula de governo, substituir o secador do sistema de ar, substituir a mangueira Hidráulica do sistema de ar, Recondicionar o compressor de ar do sitema de freio, Regular o sitema de freio, Limpeza do sistema de ar de freio).",True,False,False,False,,,,veiculos_manutencao_freio
2020-01-02,AC-17002,88100.0,730.0,TROCA DE DISCO E PASTILHAS DE FREIO DIANTEIRO (PRÓXIMA REVISÃO: 90000),True,False,False,False,,MULTI PNEUS,O.S. ENCERRADA,CONTROLE  MAN. 181920
2020-01-02,AC-17002,,,TROCA DE DISCO E PASTILHAS DE FREIO DIANTEIRO (PRÓXIMA REVISÃO: 90000),True,False,False,False,,,,veiculos_manutencao_freio
2020-01-02,AS-17101,242000.0,470.0,REPARO NO ALTERNADOR; MANUTENÇÃO NO PAINEL COM TROCA DE LÂMPADA; TROCA DO REGULADOR DE VOLTAGEM; TROCA DA LÂMPADA DA LUZ DE BATERIA DO PAINEL,False,False,False,True,,REI DAS BATERIAS,O.S. ENCERRADA,CONTROLE  MAN. 181920
2019-12-20,VO-17008,172100.0,6702.0,retifica dos mancais do motor; Retifica de 3 bielas; Troca do jogo de pistões e anéis; Jogo de juntas; Virabrequin std; Troca de Óleo (OBS.: não foram trocados os filtros). A PRÓXIMA TROCA DE ÓLEO E FILTROS E REVISÃO DEVERÁ SER COM 173100 (PRODUTOS POR CONTA DA OCICINA),False,False,True,False,,LEO (LK),O.S. ENCERRADA,CONTROLE  MAN. 181920
2019-12-19,ASE-17101,135400.0,990.74,TROCA DE ÓLEO E FILTROS (PRÓXIMA TROCA DE ÓLEO: 145000; PRÓXIMA TROCA DE FILTROS: 155000),False,False,True,False,,SHIMIZU,O.S. ENCERRADA,CONTROLE  MAN. 181920
2019-12-17,AT-17103,91770.0,4125.42,"TROCA DO PARA-CHOQUE DIANTEIRO COMPLETO, TROCA DA LANTERNA DE SETA DIANTEIRA DIREITA,",False,False,False,False,,TECDIESEL,O.S. ENCERRADA,CONTROLE  MAN. 181920
2019-12-17,MO-17001,127837.0,100.0,REVISÃO ELÉTRICA NO SISTEMA DO AR CONDICIONADO,False,False,False,False,,VICAL,O.S. ENCERRADA,CONTROLE  MAN. 181920
2019-12-16,DIVERSOS,,335.94,COMPRA DE MATERIAIS DIVERSOS: 2 ÓLEO HAVOLINE SL SAE 20W50; 05 LÂMPADAS H7 24V; 10 LÂMPADAS 5W 12; 5 LÂMPADAS DE PAINEL 1.2W 12V; 10 LÂMPADA PINGO 5W 24V; 3 FUSÍVEIS MINI LÂMINA 5A; 3 FUSÍVEIS MINI LÂMINA 10A; 1 POTE DE PASTA PRA LAVAR A MÃO.,False,False,True,True,,NOGUTI,NÃO HOUVE O.S. (GEFROE),CONTROLE  MAN. 181920
2019-12-14,AS-17101,240647.0,53.96,"TROCA DA ""CEBOLINHA"" DO ÓLEO DO MOTOR",False,False,True,False,,MOTOMEC,O.S. ENCERRADA,CONTROLE  MAN. 181920
2019-12-12,AT-17103,91770.0,1117.0,"substituir o reservatorio de água do radiador, substituir o selo de água do motor, substituir o fluido (aditivo) de arrefecimento.",True,False,False,False,,PHFS,O.S. ENCERRADA,CONTROLE  MAN. 181920
2019-12-12,AT-17103,,,"substituir o reservatorio de água do radiador, substituir o selo de água do motor, substituir o fluido (aditivo) de arrefecimento.",True,False,False,False,,,,veiculos_manutencao_freio
2019-12-11,AC-17002,86000.0,,REVISÃO DE FREIOS (PRÓXIMA REVISÃO: 88000),True,False,False,False,,MOTOMEC,NÃO HOUVE O.S. (GEFROE),CONTROLE  MAN. 181920
2019-12-11,AC-17002,,,REVISÃO DE FREIOS (PRÓXIMA REVISÃO: 88000),True,False,False,False,,,,veiculos_manutencao_freio
2019-12-10,AC-17001,158573.0,640.0,"TROCA DE OLEO DO MOTOR, FILTRO DE OLEO, FILTRO DE COMBUSTIVEL E FILTRO DE AR",False,False,True,False,,BROTHERS KAR,SERVIÇO REALIZADO. AGUARDANDO FINALIZAÇÃO NA NEO,CONTROLE  MAN. 181920
2019-12-10,TP-17000,149286.0,,FUNILARIA E PINTURA (PARALAMA TRASEIRO ESQUERDO),False,False,False,False,,BRASIL CAR,DESPESAS POR CONTA DA PARTE CAUSADORA. NÃO HOUVE O.S. (GEFROE),CONTROLE  MAN. 181920
2019-12-10,TP-17003,177000.0,1656.0,"substituir o esticador da correia do motor, substituir a correia do motor, substituir o Óleo hidráulico de direção, conserto do alternador, conserto da Bomba Hidráulica",False,False,True,True,,PHFS,O.S. ENCERRADA,CONTROLE  MAN. 181920
2019-12-10,VO-17008,171962.0,372.0,"TROCA DOS 2 BATENTES DOS AMORTECEDORES TRASEIRO, REGULAGEM DE FREIO TRASEIRO (PRÓXIMA REVISÃO DE FREIO: 177000), TROCA DE 2 BIELETAS DA SUSPENSÃO",True,False,False,False,,MULTI PNEUS,O.S. ENCERRADA,CONTROLE  MAN. 181920
2019-12-10,VO-17008,,,"TROCA DOS 2 BATENTES DOS AMORTECEDORES TRASEIRO, REGULAGEM DE FREIO TRASEIRO (PRÓXIMA REVISÃO DE FREIO: 177000), TROCA DE 2 BIELETAS DA SUSPENSÃO",True,False,False,False,,,,veiculos_manutencao_freio
2019-12-09,AB-17102,51628.0,,REVISÃO DE FREIO (PRÓXIMA REVISÃO: 55000 KM),True,False,False,False,,MOTOMEC,NÃO HOUVE O.S. (GEFROE),CONTROLE  MAN. 181920
2019-12-09,AB-17102,51628.0,1138.73,TROCA DE ÓLEO E FILTROS. Obs.: Menos filtro de ar (PRÓXIMA TROCA: 58000 MILHAS),False,False,True,False,,SHIMIZU,O.S. ENCERRADA,CONTROLE  MAN. 181920
2019-12-09,AB-17102,,,REVISÃO DE FREIO (PRÓXIMA REVISÃO: 55000 KM),True,False,False,False,,,,veiculos_manutencao_freio
2019-12-06,ABS-17101,218000.0,3777.0,"KIT DE EMBREAGEM, GARFO DA EMBREAGEM, CREMALHEIRA E REGULAR PASSE NO VOLANTE",False,False,False,False,,PHFS,O.S. ENCERRADA,CONTROLE  MAN. 181920
2019-12-06,AT-17103,87815.0,,REVISÃO DE FREIO (PRÓXIMA REVISÃO: 96000 KM),True,False,False,False,,MOTOMEC,NÃO HOUVE O.S. (GEFROE),CONTROLE  MAN. 181920
2019-12-06,AT-17103,,,REVISÃO DE FREIO (PRÓXIMA REVISÃO: 96000 KM),True,False,False,False,,,,veiculos_manutencao_freio
2019-12-06,UR-17104,80799.0,600.0,PROBLEMA NA CHAVE DE IGNIÇÃO (reparo cilindro chave),False,False,False,False,,CENTRO AUTOMOTIVO PORTO SEGURO JACAREI,O.S. ENCERRADA,CONTROLE  MAN. 181920
2019-12-03,MOB-17101,50111.0,7050.0,"substituir o kit de transmissão (corrente, coroa e pinhão), disco de freio traseiro, as pastilhas do freio traseiro, os rolamentos da caixa de direção, a junta do cabeçote, a junta completa da tampa “C”, substituir o tensor da corrente de comando, substituir o filtro de óleo, substituir o cubo da embreagem, a placa de pressão da embreagem, o disco da embreagem,a fricção da embreagem (6 unidades), o disco da embreagem peq e o separador da embreagem.",True,False,True,False,,LYLLY MOTOS,O.S. ENCERRADA,CONTROLE  MAN. 181920
2019-12-03,MOB-17101,,,"substituir o kit de transmissão (corrente, coroa e pinhão), disco de freio traseiro, as pastilhas do freio traseiro, os rolamentos da caixa de direção, a junta do cabeçote, a junta completa da tampa “C”, substituir o tensor da corrente de comando, substituir o filtro de óleo, substituir o cubo da embreagem, a placa de pressão da embreagem, o disco da embreagem,a fricção da embreagem (6 unidades), o disco da embreagem peq e o separador da embreagem.",True,False,True,False,,,,veiculos_manutencao_freio
2019-12-03,MOB-17103,41000.0,,TROCA DE ÓLEO (PRÓXIMA TROCA 44000),False,False,True,False,,MOTOMEC,NÃO HOUVE O.S. (GEFROE),CONTROLE  MAN. 181920
2019-12-03,TP-17001,242651.0,333.0,"TROCA DE ÓLEO, FILTRO DE ÓLEO, FILTRO DE COMBUSTÍVEL E FILTRO DO AR CONDICIONADO",False,False,True,False,,CESAR CAR,O.S. ENCERRADA,CONTROLE  MAN. 181920
2019-12-03,TP-17003,176806.0,348.0,"TROCA DE ÓLEO, FILTRO DE ÓLEO, FILTRO DE COMBUSTÍVEL E FILTRO DO AR CONDICIONADO",False,False,True,False,,CESAR CAR,O.S. ENCERRADA,CONTROLE  MAN. 181920
2019-12-02,AS-17101,239565.0,32.8,REPARO NA MANGUEIRA DO AR QUENTO: 1 EMENDA 5/8; 2 ABRAÇADEIRAS 19x24; 30 cm MANGUEIRA R6 5/8,False,False,False,False,,JACFLEX,NÃO HOUVE O.S. (GEFROE),CONTROLE  MAN. 181920
2019-12-02,AT-17104,115695.0,4215.96,substituir o óleo do motor; substituir o filtro de óleo do motor; substituir os 02(dois) filtros de combustível; substituir o filtro decantador (separador de água); substituir o filtro de ar do motor; substituir o filtro de óleo hidráulico da direção; substituir o óleo de câmbio; substituir o retentor de flange do eixo piloto; substituir a rosca sem fim do marcador de velocímetro; substituir a bucha do olho do estabilizador da suspensão dianteira,False,False,True,False,,ALCE AUTO CENTER,O.S. ENCERRADA,CONTROLE  MAN. 181920
2019-12-02,TP-17000,147102.0,70.0,REPARO NO PARABRISA DIANTEIRO,False,False,False,False,,VIDROSHIMA,NÃO HOUVE O.S. (GEFROE),CONTROLE  MAN. 181920
2019-11-28,AC-17001,158573.0,6089.0,"substituir a mangueira de ligação do tubo de água do motor (lado traseiro direito), substituir o líquido de arrefecimento do motor, Recondicionar o alternador. OBS: OS SEGUINTES SERVIÇOS NÃO PUDERAM SER REALIZADOS: Refazer o chicote do sistema de iluminação auxiliar (hi-light), substituir o módulo de iluminação/sirene, substituir o hi-light E",False,False,False,True,,BROTHERS KAR,SERVIÇO REALIZADO. AGUARDANDO FINALIZAÇÃO NA NEO,CONTROLE  MAN. 181920
2019-11-28,VO-17008,171185.0,,REPARO ELÉTRICO (TROCA DO SENSOR DA LUZ DE FREIO),True,False,False,False,,REI DAS BATERIAS,NÃO HOUVE O.S. (GEFROE),CONTROLE  MAN. 181920
2019-11-28,VO-17008,,,REPARO ELÉTRICO (TROCA DO SENSOR DA LUZ DE FREIO),True,False,False,False,,,,veiculos_manutencao_freio
2019-11-25,AT-17104,1151695.0,80.0,SENSOR DE LUZ DE FREIO,True,False,False,False,,NOGUTI,NÃO HOUVE O.S. (GEFROE),CONTROLE  MAN. 181920
2019-11-25,AT-17104,,,SENSOR DE LUZ DE FREIO,True,False,False,False,,,,veiculos_manutencao_freio
2019-11-22,MO-17001,127375.0,160.0,AR CONDICIONADO (RECARGA DE GÁS),False,False,False,False,,VICAL,NÃO HOUVE O.S. (GEFROE),CONTROLE  MAN. 181920
2019-11-13,AT-17104,115000.0,43.97,COMPRA DE 1 PINHÃO E 1 MAÇANETA INTERNA DE PORTA,False,False,False,False,,NOGUTI,NÃO HOUVE O.S. (GEFROE),CONTROLE  MAN. 181920
2019-11-13,CM-17101,107000.0,9.68,COMPRA DE 1 MAÇANETA INTERNA DE PORTA,False,False,False,False,,NOGUTI,NÃO HOUVE O.S. (GEFROE),CONTROLE  MAN. 181920
2019-11-07,MT-17004,56000.0,36.4,"COLETOR DE ADMISSÃO, JUNTA PAPEL COLETOR",False,False,False,False,,JUNIOR MOTOS,NÃO HOUVE O.S. (GEFROE),CONTROLE  MAN. 181920
2019-11-06,AC-17002,83391.0,1032.1,"TROCA DE ÓLEO 10W40, FILTRO DE ÓLEO, FILTRO DE AR DO MOTOR, FILTRO DE COMBUSTÍVEL, FILTRO DO AR CONDICIONADO",False,False,True,False,,PHFS,O.S. ENCERRADA,CONTROLE  MAN. 181920
2019-11-05,AS-17101,237900.0,150.89,COMPRA DE ALAVANCA DO FREIO DE MÃO,True,False,False,False,,NOGUTI,NÃO HOUVE O.S. (GEFROE),CONTROLE  MAN. 181920
2019-11-05,AS-17101,,,COMPRA DE ALAVANCA DO FREIO DE MÃO,True,False,False,False,,,,veiculos_manutencao_freio
2019-11-03,CA-17001,240700.0,,COMPRA DO BOTÃO DO FREIO MOTOR E DO FAROL,True,False,False,False,,NOGUTI,NÃO HOUVE O.S. (GEFROE),CONTROLE  MAN. 181920
2019-11-03,CA-17001,,,COMPRA DO BOTÃO DO FREIO MOTOR E DO FAROL,True,False,False,False,,,,veiculos_manutencao_freio
2019-11-01,ABE-17101,101151.0,1935.0,"substituir os prisioneiros da roda traseira direita (prisioneiros, tuchos e porcas); substituir o retentor do cubo da roda traseira direita",False,False,False,False,,TRUCK SERVICE,O.S. ENCERRADA,CONTROLE  MAN. 181920
2019-10-31,AB-17102,50082.0,,INSPEÇÃO DE FREIO,True,False,False,False,,MOTOMEC,NÃO HOUVE O.S. (GEFROE),CONTROLE  MAN. 181920
2019-10-31,AB-17102,,,INSPEÇÃO DE FREIO,True,False,False,False,,,,veiculos_manutencao_freio
2019-10-31,ASE-17101,135240.0,,"INSPEÇÃO DE FREIO, PRÓXIMA REVISÃO KM 138240",True,False,False,False,,APOLOTECH,O.S. ENCERRADA,CONTROLE  MAN. 181920
2019-10-31,ASE-17101,,,"INSPEÇÃO DE FREIO, PRÓXIMA REVISÃO KM 138240",True,False,False,False,,,,veiculos_manutencao_freio
2019-10-31,,83800.0,80.0,TROCA DAS PASTILHAS DE FREIO REVISÃO COM 86.000,True,False,False,False,,,,CONTROLE  MAN. 181920
2019-10-29,MT-17004,55467.0,2537.6,Revisar a embreagem; substituir a roda dianteira (com niples e raios); substituir o anel do escape; substituir as lentes do pisca; substituir o reparo do carburador; substituir os rolamentos de roda (dianteira e traseira); substituir os cabos do acelerador; substituir o cabo de embreagem; substituir o filtro de óleo do motor; substituir o óleo do motor. PRÓX. TROCA DE ÓLEO: 58000; PRÓX. REVISÃO DE FREIO: 65000,True,False,True,False,,LYLLY MOTOS,O.S. ENCERRADA,CONTROLE  MAN. 181920
2019-10-29,MT-17004,,,Revisar a embreagem; substituir a roda dianteira (com niples e raios); substituir o anel do escape; substituir as lentes do pisca; substituir o reparo do carburador; substituir os rolamentos de roda (dianteira e traseira); substituir os cabos do acelerador; substituir o cabo de embreagem; substituir o filtro de óleo do motor; substituir o óleo do motor. PRÓX. TROCA DE ÓLEO: 58000; PRÓX. REVISÃO DE FREIO: 65000,True,False,True,False,,,,veiculos_manutencao_freio
2019-10-29,TP-17004,69000.0,298.0,"TROCA DE PNEUS DIANT. ALINHAMENTO, BALANCEAMENTO E TROCA DE PASTILHA DE FREIO",True,True,False,False,,MULTI PNEUS,O.S. ENCERRADA,CONTROLE  MAN. 181920
2019-10-29,TP-17004,,,"TROCA DE PNEUS DIANT. ALINHAMENTO, BALANCEAMENTO E TROCA DE PASTILHA DE FREIO",True,True,False,False,,,,veiculos_manutencao_freio
2019-10-23,AE-17101,16464.0,8350.0,RECONDICIONAR O CILINDRO DE EXTENSÃO DA VIGA DA SAPATA TRASEIRA DIREITA; RECONDICIONAR AS 06(SEIS) CATRACAS DE FREIO; REGULAR OS FREIOS DIANTEIROS E TRASEIROS,True,False,False,False,,EVR REPRESENTAÇÕES,O.S. ENCERRADA,CONTROLE  MAN. 181920
2019-10-23,AE-17101,,,RECONDICIONAR O CILINDRO DE EXTENSÃO DA VIGA DA SAPATA TRASEIRA DIREITA; RECONDICIONAR AS 06(SEIS) CATRACAS DE FREIO; REGULAR OS FREIOS DIANTEIROS E TRASEIROS,True,False,False,False,,,,veiculos_manutencao_freio
2019-10-21,TP-17007,185000.0,6280.14,substituir o eixo do comando de válvulas; substituir o filtro de óleo do motor; substituir o óleo do motor; substituir as sapatas de freio traseiras; substituir os tambores de freio das rodas traseiras; substituir o fluído de freios; substituir a correia do alternador; substituir o tensor da correia do alternador; substituir o rolamento guia do alternador; substituir os rolamentos das rodas traseiras; substituir a coifa do câmbio (lado esquerdo); substituir o óleo do câmbio; substituir o kit de batentes dos amortecedores dianteiros; substituir o pivô da suspenção (lado esquerdo); substituir o jogo de cabo de velas de ignição; substituir o coxim do câmbio; substituir o jogo de pastilhas de freio dianteiras; substituir a junta do cabeçote; substituir a válvula equalizadora dos freios;,True,False,True,True,,PHFS,O.S. ENCERRADA,CONTROLE  MAN. 181920
2019-10-21,TP-17007,,,substituir o eixo do comando de válvulas; substituir o filtro de óleo do motor; substituir o óleo do motor; substituir as sapatas de freio traseiras; substituir os tambores de freio das rodas traseiras; substituir o fluído de freios; substituir a correia do alternador; substituir o tensor da correia do alternador; substituir o rolamento guia do alternador; substituir os rolamentos das rodas traseiras; substituir a coifa do câmbio (lado esquerdo); substituir o óleo do câmbio; substituir o kit de batentes dos amortecedores dianteiros; substituir o pivô da suspenção (lado esquerdo); substituir o jogo de cabo de velas de ignição; substituir o coxim do câmbio; substituir o jogo de pastilhas de freio dianteiras; substituir a junta do cabeçote; substituir a válvula equalizadora dos freios;,True,False,True,True,,,,veiculos_manutencao_freio
2019-10-20,VO-17003,226000.0,,INSPEÇÃO DE FREIO (PRÓX. INSP. 236000),True,False,False,False,,MOTOMEC,NÃO HOUVE O.S. (GEFROE),CONTROLE  MAN. 181920
2019-10-20,VO-17003,,,INSPEÇÃO DE FREIO (PRÓX. INSP. 236000),True,False,False,False,,,,veiculos_manutencao_freio
2019-10-14,ASE-17101,134493.0,,TROCA DA BOMBA AUXILIAR DE ALIMENTAÇÃO (PUNHETERA),False,False,False,False,,MOTOMEC,NÃO HOUVE O.S. (GEFROE),CONTROLE  MAN. 181920
2019-10-09,CM-17101,106900.0,1226.19,TROCA DE ÓLEO E FILTROS (TROCAR COM 116900),False,False,True,False,,ALCE AUTO CENTER,O.S. ENCERRADA,CONTROLE  MAN. 181920
2019-10-09,VO-17003,227300.0,5523.94,REPARO EM SUSPENSÃO,False,False,False,False,,PHFS,O.S. ENCERRADA,CONTROLE  MAN. 181920
2019-10-08,AS-17101,236300.0,2179.91,TROCA DE ÓLEO E FILTROS (TROCAR COM 246300),False,False,True,False,,PHFS,O.S. ENCERRADA,CONTROLE  MAN. 181920
2019-10-08,AS-17101,236400.0,,TROCA DE DISCO E PASTILHAS DE FREIO (REVISAR 239400),True,False,False,False,,,,CONTROLE  MAN. 181920
2019-10-08,AS-17101,,,TROCA DE DISCO E PASTILHAS DE FREIO (REVISAR 239400),True,False,False,False,,,,veiculos_manutencao_freio
2019-10-07,MOB-17101,48338.0,,TROCA DE ÓLEO E FILTRO E VELA DE IGNIÇÃO. PRÓX. TROCA DE ÓLEO E FILTRO DE ÓLEO: 52000,False,False,True,False,,CSM/MOpB,NÃO HOUVE O.S. (GEFROE),CONTROLE  MAN. 181920
2019-10-07,MOB-17102,49554.0,,TROCA DE ÓLEO. PRÓX. TROCA DE ÓLEO E FILTRO DE ÓLEO: 53000,False,False,True,False,,CSM/MOpB,NÃO HOUVE O.S. (GEFROE),CONTROLE  MAN. 181920
2019-10-02,AC-17002,79372.0,30.0,TROCA DOS 2 PNEUS TRASEIROS,False,True,False,False,,ELIAS PNEUS,NÃO HOUVE O.S. (GEFROE),CONTROLE  MAN. 181920
2019-10-02,AS-17101,236340.0,5050.0,SERVIÇO EM SUSPENSÃO,False,False,False,False,,PHFS,O.S. ENCERRADA,CONTROLE  MAN. 181920
2019-10-02,AS-17101,236340.0,,"SERVO FREIO (DIAGNÓSTICO), TERMINAIS DE DIREÇÃO, AMORTECEDOR TRASEIRO",True,False,False,False,,PHFS,O.S. ENCERRADA (DUPLICIDADE COM AS O.S. 20684 E 20662,CONTROLE  MAN. 181920
2019-10-02,AS-17101,,,"SERVO FREIO (DIAGNÓSTICO), TERMINAIS DE DIREÇÃO, AMORTECEDOR TRASEIRO",True,False,False,False,,,,veiculos_manutencao_freio
2019-09-30,AB-17102,73201.0,1680.0,RECONDICIONAR MOTOR DE PARTIDA ( MOTOR ENCAMINHADO A EMPRESA PARA AVALIAÇÃO),False,False,False,True,,TECCOIL,O.S. ENCERRADA,CONTROLE  MAN. 181920
2019-09-30,AB-17203,95561.0,5515.6,"revisão dos freios, revisão das molas e suspensão, vazamento de óleo no motor",True,False,True,False,,PHFS,O.S. ENCERRADA,CONTROLE  MAN. 181920
2019-09-30,AB-17203,,,"revisão dos freios, revisão das molas e suspensão, vazamento de óleo no motor",True,False,True,False,,,,veiculos_manutencao_freio
2019-09-30,PP-17101,46979.0,4510.0,TROCA DO TANQUE DE AR,False,False,False,False,,INJETRONIC,O.S. ENCERRADA,CONTROLE  MAN. 181920
2019-09-30,TP-17000,130318.0,646.5,TROCA DO KIT DA CORREIA DENTADA,False,False,False,False,,JKAR,O.S. ENCERRADA,CONTROLE  MAN. 181920
2019-09-27,ASE-17101,134501.0,4145.6,"substituir 4 grampos da mola traseira esquerda, Substituir 04 espigões da mola traseira, substituir 06(seis) pinos da mola traseira, substituir 06(seis) buchas da mola traseira, substituir 08(oito) parafusos de mola traseira, substituir 02(duas) lâminas curtas da mola traseira, substituir 02(dois) calços da mola traseira, substituir 02(dois) pinos centralizadores do calço da mola traseira, substituir 08(oito) abraçadeiras de mola com parafuso, substituir 02(duas) buchas olho do estabilizador traseira (ponta), substituir 02(duas) buchas eixo do estabilizador (centro), substituir 02 (duas) buchas do suporte da barra estabilizadora traseira, substituir 04(quatro) calços da lateral da mola traseira",False,False,False,False,,ALCE AUTO CENTER,O.S. ENCERRADA,CONTROLE  MAN. 181920
2019-09-26,VO-17003,227113.0,1074.8,"TROCA DO ÓLEO DE FREIO, TROCA DO ÓLEO DO ATUADOR DE EMBREAGEM, TROCA DE ÓLEO 5W30 E FILTRO DE ÓLEO DO MOTOR, TROCA DO FILTRO DE COMBUSTÍVEL, TROCA DO FILTRO DE AR DO MOTOR",True,False,True,False,,PHFS,O.S. ENCERRADA,CONTROLE  MAN. 181920
2019-09-26,VO-17003,,,"TROCA DO ÓLEO DE FREIO, TROCA DO ÓLEO DO ATUADOR DE EMBREAGEM, TROCA DE ÓLEO 5W30 E FILTRO DE ÓLEO DO MOTOR, TROCA DO FILTRO DE COMBUSTÍVEL, TROCA DO FILTRO DE AR DO MOTOR",True,False,True,False,,,,veiculos_manutencao_freio
2019-09-21,MT-17004,55810.0,,TROCA DE PASTILHA E DISCO DE FREIO DIANTEIRO,True,False,False,False,,MOTOMEC,NÃO HOUVE O.S. (GEFROE),CONTROLE  MAN. 181920
2019-09-21,MT-17004,,,TROCA DE PASTILHA E DISCO DE FREIO DIANTEIRO,True,False,False,False,,,,veiculos_manutencao_freio
2019-09-20,AB-17103,87816.0,3132.5,"REPARAR RODA TRASEIRA LD, RETENTOR RODA TRASEIRA, COLA SILICONE ELRING BLACK, GRAXA PARA ROLAMENTO 1KL,",False,False,False,False,,TRUCK SERVICE,O.S. ENCERRADA,CONTROLE  MAN. 181920
2019-09-18,MO-17001,125967.0,1567.0,TROCA DE KIT EMBREAGEM,False,False,False,False,,ARNALDO CAR,O.S. ENCERRADA,CONTROLE  MAN. 181920
2019-09-16,AE-17101,0.0,,"VAZAMENTO DE ÓLEO NAS PATOLAS TRASEIRA (Reparo do pistão da patola, Cromar aste do pistão, Brunir )camisa do pistão",False,False,True,False,,*****,O.S. NEO CANCELADA / NÃO HOUVE O.S. (GEFROE),CONTROLE  MAN. 181920
2019-09-16,TP-17007,182414.0,,"REGULAGEM DE VÁLVULAS, TROCA DA CORREIA DO ALTERNADOR, REVISÃO DE FREIOS",True,False,False,True,,,O.S. NEO CANCELADA / NÃO HOUVE O.S. (GEFROE),CONTROLE  MAN. 181920
2019-09-16,TP-17007,,,"REGULAGEM DE VÁLVULAS, TROCA DA CORREIA DO ALTERNADOR, REVISÃO DE FREIOS",True,False,False,True,,,,veiculos_manutencao_freio
2019-09-12,ABS-17101,215060.0,,"REVISÃO ELÉTRICA (ILUMINAÇÃO GERAL E HILIGHTS), TROCA DO MOTOR DO INJETOR DE ÁGUA DO PARABRISA",False,False,False,False,,,O.S. NEO CANCELADA / NÃO HOUVE O.S. (GEFROE),CONTROLE  MAN. 181920
2019-09-10,AT-17103,86315.0,1193.6,"TROCA DE ÓLEO, FILTRO DE ÓLEO, FILTRO DE COMBUSTÍVEL, FILTRO DE AR, FILTRO SEDIMENTADOR (RACOR)",False,False,True,False,,ALCE AUTO CENTER,O.S. ENCERRADA,CONTROLE  MAN. 181920
2019-09-03,ABS-17102,123354.0,14980.0,"CAIXA DE TRANS. CAIXA DE DIREÇÃO, AMORTECEDOR DIANT. ACELERADOR DA BOMBA DE INC. CAIXA DE TRANSF. BOMBA",False,False,False,False,,INJETRONIC,O.S. ENCERRADA (GEFROE) / O.S. NEO CANCELADA,CONTROLE  MAN. 181920
2019-09-02,AC-17002,79193.0,1532.8,"FREIOS ( TROCA DOS DISCOS E PASTILHAS DIANTEIROS, TROCA DA LONA TRASEIRA, TROCA DO FLUIDO)",True,False,False,False,,PHFS,O.S. ENCERRADA,CONTROLE  MAN. 181920
2019-09-02,AC-17002,,,"FREIOS ( TROCA DOS DISCOS E PASTILHAS DIANTEIROS, TROCA DA LONA TRASEIRA, TROCA DO FLUIDO)",True,False,False,False,,,,veiculos_manutencao_freio
2019-08-28,AB-17102,47094.0,120.0,TROCA DE 04 PNEUS TRASEIRO,False,True,False,False,,ELIAS PNEUS,O.S. ENCERRADA,CONTROLE  MAN. 181920
2019-08-28,CA-17001,240000.0,2564.3,"SUBSTITUIR OLEO DE MOTOR, SUBSTITUIR ÓLEO DO DIFERENCIAL, SUBSTITUIR FLUIDO DE FREIO, SUBSTITUIR ÓLEO HIDRÁULICO, SUBSTITUIR CORREIA DO ALTERNADOR, SUBSTITUIR OLEO DE CAMBIO, SUBSTITUIR PASTILHA DE FREIO, SUBSTITUIR FILTRO DE AR, SUBSTITUIR FILTRO DE COMBUSTIVEL, SUBSTITUIR FILTRO DE OLEO, SUBSTITUIR MOTOR DE AGUA DO LIMPADOR DO PARABRISA, SUBSTITUIR CABO DE SUSTENTAÇÃO DO CAPO",True,False,True,True,,PHFS,O.S. ENCERRADA,CONTROLE  MAN. 181920
2019-08-28,CA-17001,,,"SUBSTITUIR OLEO DE MOTOR, SUBSTITUIR ÓLEO DO DIFERENCIAL, SUBSTITUIR FLUIDO DE FREIO, SUBSTITUIR ÓLEO HIDRÁULICO, SUBSTITUIR CORREIA DO ALTERNADOR, SUBSTITUIR OLEO DE CAMBIO, SUBSTITUIR PASTILHA DE FREIO, SUBSTITUIR FILTRO DE AR, SUBSTITUIR FILTRO DE COMBUSTIVEL, SUBSTITUIR FILTRO DE OLEO, SUBSTITUIR MOTOR DE AGUA DO LIMPADOR DO PARABRISA, SUBSTITUIR CABO DE SUSTENTAÇÃO DO CAPO",True,False,True,True,,,,veiculos_manutencao_freio
2019-08-28,TP-17003,171498.0,1660.0,"SUBSTITUIR KIT DE EMBREAGEM, SUBSTITUIR COXIM SUPERIOR ESQUERDO, SUBSTITUIR COXIM INFERIOR CENTRAL, SUBSTITUIR SENSOR DO VELOCIMETRO, SUBSTITUIR CARCAÇA DA VALVULA TERMOSTATICA",False,False,False,False,,ARNALDO CAR,O.S. ENCERRADA,CONTROLE  MAN. 181920
2019-08-28,UT-17002,195860.0,15504.0,"TROCA DO KIT DA CORREIA DENTADA, FILTRO DE COMBUSTÍVEL, PRÉ FILTRO DA BOMBA, TROCAR LIMITADOR DA PORTA TRAS E, BORRACHA DA PORTA TRAS, PINO DA PORTA TRAS E, GUIA DA PORTA DE CORRER LATERAL, RECUPERAÇÃO DA GRADE FRONTAL, TROCA DA VARETA E SUPORTES DO CAPÔ, LIMPEZA DO TANQUE DE COMB, SOLDA DO PINO DA TRAVA DA PORTA TRAS E, FUNILARIA E PINTURA GERAL.",False,False,True,False,,JKAR,O.S. ENCERRADA,CONTROLE  MAN. 181920
2019-08-23,TP-17000,129498.0,836.33,"filtro de óleo do motor, filtro de ar, filtro do ar condicionado, óleo de motor",False,False,True,False,,J KAR,O.S. ENCERRADA,CONTROLE  MAN. 181920
2019-08-21,AB-17103,87816.0,,TROCA DA VÁLVULA DO FREIO ESTACIONÁRIO,True,False,False,False,,PHFS,O.S. ENCERRADA,CONTROLE  MAN. 181920
2019-08-21,AB-17103,,,TROCA DA VÁLVULA DO FREIO ESTACIONÁRIO,True,False,False,False,,,,veiculos_manutencao_freio
2019-08-21,ABE-17101,99855.0,4165.0,"TROCA DA CHAVE DE SETA, RELÊ SETA 700W DE PICO 12V, INTERSECTOR ALTERNADO DE PISCA, REVISAO ELETRICA GERAL (LUZES-CURTO), TROCA DO CABO AÇO INOX COM CONEXAO PRENSADA DO ESQUINCHO",False,False,False,False,,TRUCK SERVICE,O.S. ENCERRADA,CONTROLE  MAN. 181920
2019-08-21,MT-17201,26182.0,2383.8,"REVISÃO E MANUTENÇÃO GERAL (TROCA DA JUNTA EMBREAGEM, TROCA DO FILTRO DE OLEO, FILTRO DE GASOLINA, TROCA DOS DISCO EMBREAGEM, DISCO EMBREAGEM UNITARIO, PLACA EMBREAGEM, ARO RODA DIANTEIRA, VELA IGNICAO, OLEO 4T 20W50 MINERAL, JUNTA CUBA BOIA, BATERIA YTX7L-BS, NIPLES DE RODA, CABO ACELERADOR B, RAIOS, ELEMENTO FILTRO AR )",True,False,True,True,,TOTAL MOTOS,O.S. ENCERRADA,CONTROLE  MAN. 181920
2019-08-21,MT-17201,,,"REVISÃO E MANUTENÇÃO GERAL (TROCA DA JUNTA EMBREAGEM, TROCA DO FILTRO DE OLEO, FILTRO DE GASOLINA, TROCA DOS DISCO EMBREAGEM, DISCO EMBREAGEM UNITARIO, PLACA EMBREAGEM, ARO RODA DIANTEIRA, VELA IGNICAO, OLEO 4T 20W50 MINERAL, JUNTA CUBA BOIA, BATERIA YTX7L-BS, NIPLES DE RODA, CABO ACELERADOR B, RAIOS, ELEMENTO FILTRO AR )",True,False,True,True,,,,veiculos_manutencao_freio
2019-08-21,TP-17004,65083.0,,REVISÃO DE FREIO,True,False,False,False,,J KAR,NÃO HOUVE O.S. (GEFROE),CONTROLE  MAN. 181920
2019-08-21,TP-17004,65083.0,651.5,"TROCAR: filtro de óleo do motor, filtro de ar, FILTRO DE COMBUSTVEL, óleo de motor",False,False,True,False,,J KAR,O.S. ENCERRADA,CONTROLE  MAN. 181920
2019-08-21,TP-17004,,,REVISÃO DE FREIO,True,False,False,False,,,,veiculos_manutencao_freio
2019-08-21,UT-17001,56460.0,,TROCA DE BATERIA (45Ah ; N° DE SÉRIE: 1-300 074-11/19-45Ah),False,False,False,True,,CSM/MOpB,O.S. ENCERRADA,CONTROLE  MAN. 181920
2019-08-20,AB-17102,73201.0,,SUBSTITUIÇÃO DO MOTOR DE PARTIDA,False,False,False,True,,CSM/MOpB,O.S. ENCERRADA,CONTROLE  MAN. 181920
2019-08-20,AB-17202,155893.0,650.0,CONJUNTO COMPLETO DA VALVULA SECADORA DO SISTEMA DE AR,False,False,False,False,,MAZANI - COM DE PECAS REMANU E RECOND,O.S. ENCERRADA,CONTROLE  MAN. 181920
2019-08-20,AT-17103,86315.0,,REVISÃO DE FREIO (PRÓXIMA REVISÃO: 87815 KM),True,False,False,False,,MOTOMEC,NÃO HOUVE O.S. (GEFROE),CONTROLE  MAN. 181920
2019-08-20,AT-17103,,,REVISÃO DE FREIO (PRÓXIMA REVISÃO: 87815 KM),True,False,False,False,,,,veiculos_manutencao_freio
2019-08-16,UR-17104,74750.0,700.0,TROCA DE AMORTECEDORES DIANT.,False,False,False,False,,GUARAREMA,NÃO HOUVE O.S. (GEFROE),CONTROLE  MAN. 181920
2019-08-16,UR-17205,,,EM PROCESSO DE DESCARGA,False,False,False,False,,PB SHANGAI,NÃO HOUVE O.S. (GEFROE),CONTROLE  MAN. 181920
2019-08-15,TP-17003,,,COLAGEM DE ADESIVO (VISTORIA TÉCNICA),False,False,False,False,,MOTOMEC,NÃO HOUVE O.S. (GEFROE),CONTROLE  MAN. 181920
2019-08-15,TP-17007,,,COLAGEM DE ADESIVO (VISTORIA TÉCNICA),False,False,False,False,,MOTOMEC,NÃO HOUVE O.S. (GEFROE),CONTROLE  MAN. 181920
2019-08-14,AB-17102,47200.0,,"INSPEÇÃO DE FREIO, PRÓXIMA REVISÃO 48.200",True,False,False,False,,APOLOTECH,O.S. ENCERRADA,CONTROLE  MAN. 181920
2019-08-14,AB-17102,,,"INSPEÇÃO DE FREIO, PRÓXIMA REVISÃO 48.200",True,False,False,False,,,,veiculos_manutencao_freio
2019-08-14,AS-17101,234000.0,,REVISÃO DE FREIO (PROXIMA 235000),True,False,False,False,,APOLOTECH,O.S. ENCERRADA,CONTROLE  MAN. 181920
2019-08-14,AS-17101,,,REVISÃO DE FREIO (PROXIMA 235000),True,False,False,False,,,,veiculos_manutencao_freio
2019-08-14,MO-17001,125219.0,2790.0,Troca dos bicos injetores,False,False,False,False,,PHFS,O.S. ENCERRADA,CONTROLE  MAN. 181920
2019-08-13,TP-17004,,410.0,CONSERTO DA MAGUEIRA DO AR CONDICIONADO E CARGA DE GÁS,False,False,False,False,,VICAL,O.S. ENCERRADA,CONTROLE  MAN. 181920
2019-08-13,UR-17206,141237.0,1654.0,"TROCA DA COIFA DO BATENTE, TROCA DO BATENTE DA SUSPENSÃO DIANT, TROCA DO BATENTE HASTE, TROCA DO ROLAMENTO DO BATENTE",False,False,False,False,,J KAR,O.S. ENCERRADA,CONTROLE  MAN. 181920
2019-08-13,VO-17003,225440.0,,REVISÃO DE FREIO (TROCAR DISCO E PASTILHA NA PRÓXIMA REVISÃO 236000),True,False,False,False,,MULTI PNEUS,O.S. ENCERRADA,CONTROLE  MAN. 181920
2019-08-13,VO-17003,,,REVISÃO DE FREIO (TROCAR DISCO E PASTILHA NA PRÓXIMA REVISÃO 236000),True,False,False,False,,,,veiculos_manutencao_freio
2019-08-13,VO-17008,169045.0,642.0,"substituir o retentor traseiro do volante, substituir o filtro de oleo lubrificante do motor, Trocar o oleo do motor",False,False,True,False,,PHFS,O.S. ENCERRADA,CONTROLE  MAN. 181920
2019-08-12,CM-17101,,,LIMPEZA DO CILINDRO DE EMBREAGEM,False,False,False,False,,APOLOTECH,NÃO HOUVE O.S. (GEFROE),CONTROLE  MAN. 181920
2019-08-12,CM-17101,105721.0,1470.0,TROCA DO SERVO DE EMBREAGEM E SISTEMA DE FREIOS DO CONJUNTO CAVALO/CARRETA,True,False,False,False,,APOLOTECH,O.S. ENCERRADA,CONTROLE  MAN. 181920
2019-08-12,CM-17101,,,TROCA DO SERVO DE EMBREAGEM E SISTEMA DE FREIOS DO CONJUNTO CAVALO/CARRETA,True,False,False,False,,,,veiculos_manutencao_freio
2019-08-09,VO-17008,169045.0,850.0,Diagnosticar minuciosamente a causa do vazamento de óleo do motor na caixa de distribuição traseira (motor MWM Sprinter),False,False,True,False,,PHFS,O.S. ENCERRADA,CONTROLE  MAN. 181920
2019-08-08,AC-17001,157507.0,4855.0,"REPARO EM SINALIZADOR COM TROCA DE PLACA CENTRAL ESQUERDA, PLACA LATERAL ESQUERDA, PLACA LATERAL DIREITA",False,False,False,False,,SPEED WAY,O.S. ENCERRADA (GEFROE) / O.S. NEO CANCELADA,CONTROLE  MAN. 181920
2019-08-08,TP-17002,428394.0,1860.0,"Retificar cabeçote, substituir Kit de distribuição, substituir Kit de retificação, Óleo lubrificante, Filtro de óleo,",False,False,True,False,,ARNALDO CAR,O.S. ENCERRADA,CONTROLE  MAN. 181920
2019-08-07,AT-17104,113692.0,6130.0,REPARO NA GREMALHEIRA E MOTOR DE PARTIDA,False,False,False,True,,INJETRONIC,O.S. ENCERRADA,CONTROLE  MAN. 181920
2019-08-07,UT-17002,195617.0,,TROCA DE BATERIA,False,False,False,True,,CSM/MOPB,NÃO HOUVE O.S. (GEFROE),CONTROLE  MAN. 181920
2019-08-06,ASE-17101,134258.0,1560.0,"recondicionar altarnador, recondicionar motor de partida",False,False,False,True,,ARNALDO CAR,O.S. NÃO LOCALIZADA,CONTROLE  MAN. 181920
2019-08-01,AC-17002,77157.0,3918.66,"TROCA DAS PASTILHAS DE FREIO DIANTEIRO DIANTEIRO, 4 AMORTECEDORES, TROCA DO ÓLEO HIDRÁULICO DO CAMBIO AUTOMÁTICO",True,False,True,False,,J KAR,O.S. ENCERRADA,CONTROLE  MAN. 181920
2019-08-01,AC-17002,,,"TROCA DAS PASTILHAS DE FREIO DIANTEIRO DIANTEIRO, 4 AMORTECEDORES, TROCA DO ÓLEO HIDRÁULICO DO CAMBIO AUTOMÁTICO",True,False,True,False,,,,veiculos_manutencao_freio
2019-08-01,MT-17004,54581.0,51.7,TROCA DE ÓLEO E FILTRO,False,False,True,False,,JUNIOR MOTOS,O.S. ENCERRADA,CONTROLE  MAN. 181920
2019-08-01,UR-17205,,,"SISTEMA DE INJEÇÃO E FREIO (substituir separador de particulas, limpar válvula egr, limpar coletor de admição, limpar tubo egr, limpar radiador egr, limpar catalizador, substituir flauta dos bicos injetores, trocar pastilhas de freio)",True,False,False,False,,*****,O.S. ENCERRADA,CONTROLE  MAN. 181920
2019-08-01,UR-17205,,,"SISTEMA DE INJEÇÃO E FREIO (substituir separador de particulas, limpar válvula egr, limpar coletor de admição, limpar tubo egr, limpar radiador egr, limpar catalizador, substituir flauta dos bicos injetores, trocar pastilhas de freio)",True,False,False,False,,,,veiculos_manutencao_freio
2019-07-23,ABS-17101,215035.0,11801.0,"CÂMBIO, FREIOS E AMORTECEDORES (ÓLEO DE CÂMBIO, ANEL, JG CAPA/CONE, EIXO MOTRIZ, DEFLETOR DE ÓLEO, ROLAMENTO DE ROLO CÔNICO, JOGO DE ROLETES, ESPAÇADOR, ANEL RETENTOR, ARRUELA, ENGRENAGEM 2ª VELOCIDADE, ROLETES, ESPAÇADOR 2, ANEL SINCRONIZADO 1ª E 2ª VELOCIDADE, ENGRENAGEM 1ª VELOCIDADE, CAPA/CONE - CAPA, ENGRENAGEM 44 DENTES, ENGRENAGEM 5ª, ANEL RET, KIT DOS S DA RODA DIANT, BIELETA DO TRAMBULADOR, KIT DO TRAMBULADOR DA ALAVANCA CÂMBIO, AMORTECEDOR TRASEIRO-PAR, AMORTECEDOR DIANT - PAR, TERMINAL DE DIREÇÃO, ARTICULAÇÃO DO CÂMBIO, REGULAGEM DO FREIO, ANEL SINCRONIZADO",True,False,True,False,,J KAR,O.S. ENCERRADA,CONTROLE  MAN. 181920
2019-07-23,ABS-17101,,,"CÂMBIO, FREIOS E AMORTECEDORES (ÓLEO DE CÂMBIO, ANEL, JG CAPA/CONE, EIXO MOTRIZ, DEFLETOR DE ÓLEO, ROLAMENTO DE ROLO CÔNICO, JOGO DE ROLETES, ESPAÇADOR, ANEL RETENTOR, ARRUELA, ENGRENAGEM 2ª VELOCIDADE, ROLETES, ESPAÇADOR 2, ANEL SINCRONIZADO 1ª E 2ª VELOCIDADE, ENGRENAGEM 1ª VELOCIDADE, CAPA/CONE - CAPA, ENGRENAGEM 44 DENTES, ENGRENAGEM 5ª, ANEL RET, KIT DOS S DA RODA DIANT, BIELETA DO TRAMBULADOR, KIT DO TRAMBULADOR DA ALAVANCA CÂMBIO, AMORTECEDOR TRASEIRO-PAR, AMORTECEDOR DIANT - PAR, TERMINAL DE DIREÇÃO, ARTICULAÇÃO DO CÂMBIO, REGULAGEM DO FREIO, ANEL SINCRONIZADO",True,False,True,False,,,,veiculos_manutencao_freio
2019-07-18,MOB-17102,47418.0,,TROCAM DE PASTIHAS DE FREIO E DISCO DE FREIO. PRÓX. INSPEÇÃO: 52000,True,False,False,False,,CSM/MOpB,O.S. ENCERRADA,CONTROLE  MAN. 181920
2019-07-18,MOB-17102,,,TROCAM DE PASTIHAS DE FREIO E DISCO DE FREIO. PRÓX. INSPEÇÃO: 52000,True,False,False,False,,,,veiculos_manutencao_freio
2019-07-18,TP-17002,428256.0,1880.04,"substituir pastilhas de freio, substituir disco de freio, substituir sapatas de freio, substituir tambor de freio, substituir hidrovacuo, substituir motor de partida",True,False,False,True,,ARNALDO CAR,O.S. ENCERRADA,CONTROLE  MAN. 181920
2019-07-18,TP-17002,,,"substituir pastilhas de freio, substituir disco de freio, substituir sapatas de freio, substituir tambor de freio, substituir hidrovacuo, substituir motor de partida",True,False,False,True,,,,veiculos_manutencao_freio
2019-07-17,AS-17201,152433.0,1724.0,"Substituição da caixa de distribuição, Substituição da junta da caixa interna, Substituição da junta da tampa, Substituição do retentor de oleo da polia do virabrequim",False,False,True,False,,PHFS,O.S. ENCERRADA,CONTROLE  MAN. 181920
2019-07-17,MOB-17101,46140.0,,TROCAM DE PASTIHAS DE FREIO E DISCO DE FREIO. PRÓX. INSPEÇÃO: 51000,True,False,False,False,,CSM/MOpB,O.S. ENCERRADA,CONTROLE  MAN. 181920
2019-07-17,MOB-17101,,,TROCAM DE PASTIHAS DE FREIO E DISCO DE FREIO. PRÓX. INSPEÇÃO: 51000,True,False,False,False,,,,veiculos_manutencao_freio
2019-07-16,AB-17102,,,"TROCA DA MANGUEIRA DA DIREÇÃO HIDRÁULICA, FOLGA NA CX DE DIREÇÃO, TROCA DA MANGUEIRA DE ÁGUA DO RADIADOR",False,False,False,False,,CSM/MOpB,O.S. ENCERRADA,CONTROLE  MAN. 181920
2019-07-16,MO-17001,124917.0,7143.0,"SUBSTITUIR SEPARADOR DE PARTÍCULAS, LIMPEZA DO EGR, LIMPEZA DO COLETOR DE ADMISSÃO, regeneraçao do separador de particulas via scanner, limpeza do tubo egr, limpeza do radiador egr, limpeza do catalizador",False,False,False,False,,PHFS,O.S. ENCERRADA,CONTROLE  MAN. 181920
2019-07-15,MOTO BOMBA,0.0,294.0,REPARO NO MOTOR,False,False,False,False,,PIONEIRA,NÃO HOUVE O.S. (GEFROE),CONTROLE  MAN. 181920
2019-07-15,UR-17104,72288.0,,PROBL. NA DIREÇÃO (PUXANDO PRO LADO D) E VAZ. DE ÓLEO DE MOTOR PELO CÁRTER,False,False,True,False,,*****,O.S. ENCERRADA,CONTROLE  MAN. 181920
2019-07-11,ABS-17101,215035.0,750.0,"CÂMBIO (MÃO-DE-OBRA PARA DESMONTAR, DIAGNOSTICAR E AVALIAR DANOS)",False,False,False,False,,J KAR,O.S. ENCERRADA,CONTROLE  MAN. 181920
2019-07-11,ABS-17102,,,TROCA DE 06 PNEUS,False,True,False,False,,CSM/MOpB,O.S. ENCERRADA,CONTROLE  MAN. 181920
2019-07-11,AS-17101,230900.0,,REVISÃO DE FREIO,True,False,False,False,,APOLOTECH,O.S. ENCERRADA,CONTROLE  MAN. 181920
2019-07-11,AS-17101,,,REVISÃO DE FREIO,True,False,False,False,,,,veiculos_manutencao_freio
2019-07-10,AS-17101,231569.0,55.0,TROCA E MONTAGEM DE DOIS PNEUS,False,True,False,False,,ELIAS PNEUS,O.S. ENCERRADA,CONTROLE  MAN. 181920
2019-07-10,ASE-17101,133472.0,,REVISÃO DE FREIOS,True,False,False,False,,IMADA,NÃO HOUVE O.S. (GEFROE),CONTROLE  MAN. 181920
2019-07-10,ASE-17101,,,REVISÃO DE FREIOS,True,False,False,False,,,,veiculos_manutencao_freio
2019-07-10,CM-17101,105510.0,,TROCA DO RESERV. DO FLUIDO DE FREIO E REGULAGEM DOS FREIOS,True,False,False,False,,IMADA,O.S. ENCERRADA,CONTROLE  MAN. 181920
2019-07-10,CM-17101,105510.0,,CHECAGEM DA VÁLVULA DE AR DO PEDAL DE EMBREAGEM (VAZANDO),False,False,False,False,,IMADA,O.S. ENCERRADA,CONTROLE  MAN. 181920
2019-07-10,CM-17101,105510.0,41.8,COMPRA DE RESERVATÓRIO DO FLUIDO DE FREIO,True,False,False,False,,NOGUTI,O.S. ENCERRADA,CONTROLE  MAN. 181920
2019-07-10,CM-17101,105510.0,42.0,COMPRA DO RESERVATÓRIO DO FLUIDO DE EMBREAGEM,True,False,False,False,,NOGUTI,O.S. ENCERRADA,CONTROLE  MAN. 181920
2019-07-10,CM-17101,,,TROCA DO RESERV. DO FLUIDO DE FREIO E REGULAGEM DOS FREIOS,True,False,False,False,,,,veiculos_manutencao_freio
2019-07-10,CM-17101,,,COMPRA DE RESERVATÓRIO DO FLUIDO DE FREIO,True,False,False,False,,,,veiculos_manutencao_freio
2019-07-10,CM-17101,,,COMPRA DO RESERVATÓRIO DO FLUIDO DE EMBREAGEM,True,False,False,False,,,,veiculos_manutencao_freio
2019-07-10,VO-17003,224427.0,200.0,LIMPADOR DO PARABRISA (TROCA DA CHAVE DE ACIONAMENTO E DO MOTOR DO LIMPADOR),False,False,False,False,,MACSOM II,O.S. ENCERRADA,CONTROLE  MAN. 181920
2019-07-10,VO-17003,224427.0,298.0,COMPRA DA CHAVE DE SETA,False,False,False,False,,NOGUTI,O.S. ENCERRADA,CONTROLE  MAN. 181920
2019-07-05,AB-17103,86988.0,,REVISÃO DE FREIO (PRÓXIMA REVISÃO 88.500),True,False,False,False,,APOLOTECH,O.S. ENCERRADA,CONTROLE  MAN. 181920
2019-07-05,AB-17103,,,REVISÃO DE FREIO (PRÓXIMA REVISÃO 88.500),True,False,False,False,,,,veiculos_manutencao_freio
2019-07-05,AE-17101,16103.0,,COXIM DO IMPLEMENTO QUEBRADO,False,False,False,False,,CSM/MOPB,O.S. ENCERRADA,CONTROLE  MAN. 181920
2019-07-05,UR-17104,74104.0,,REVISÃO DE FREIO (PRÓXIMA REVISÃO 75.600),True,False,False,False,,GUARAREMA,O.S. ENCERRADA,CONTROLE  MAN. 181920
2019-07-05,UR-17104,,,REVISÃO DE FREIO (PRÓXIMA REVISÃO 75.600),True,False,False,False,,,,veiculos_manutencao_freio
2019-06-28,AB-17103,86582.0,,TROCA DE MÓDULO DE SIRENE,False,False,False,False,,MOTOMEC,O.S. ENCERRADA,CONTROLE  MAN. 181920
2019-06-28,AE-17101,15981.0,,REVISÃO PARA EVENTO 9 DE JULHO,False,False,False,False,,CSM/MOpB,O.S. ENCERRADA,CONTROLE  MAN. 181920
2019-06-28,DIVERSOS,,179.06,LAMPADAS EM GERAL,False,False,False,True,,NOGUTI CAMINHÕES,NÃO HOUVE O.S. (GEFROE),CONTROLE  MAN. 181920
2019-06-27,AB-17102,45529.0,,TROCA DE ÓLEO E FILTROS E REVISÃO DE FREIO,True,False,True,False,,CSM/MOpB,O.S. ENCERRADA,CONTROLE  MAN. 181920
2019-06-27,AB-17102,,,TROCA DE ÓLEO E FILTROS E REVISÃO DE FREIO,True,False,True,False,,,,veiculos_manutencao_freio
2019-06-27,AB-17103,86582.0,100.0,SERVIÇO DE TROCA DE ÓLEO E FILTROS ( MATERIAL FORNECIDO PELO CSM),False,False,True,False,,SHIMIZU,O.S. ENCERRADA,CONTROLE  MAN. 181920
2019-06-27,VO-17008,,238.51,COMPRA DE CILINDRO MESTRE DE EMBREAGEM,False,False,False,False,,NOGUTI CAMINHÕES,O.S. ENCERRADA,CONTROLE  MAN. 181920
2019-06-27,VO-17008,,,COMPRA DE CILINDRO MESTRE DE EMBREAGEM,False,False,False,False,,,,veiculos_manutencao_freio
2019-06-25,AB-17103,85786.0,,TROCA DA LONA DE FREIO,True,False,False,False,,CSM/MOpB,O.S. ENCERRADA,CONTROLE  MAN. 181920
2019-06-25,AB-17103,,,TROCA DA LONA DE FREIO,True,False,False,False,,,,veiculos_manutencao_freio
2019-06-25,TP-17206,246887.0,7147.89,"MANUTENÇÃO GERAL (RETICA DO CABECOTE, RETIFICA DO BLOCO DO MOTOR, REPARAR RADIADOR AR QUENTE, RETIFICA DO EIXO VIRABREQUIM, KIT DE JUNTA MOTOR, KIT DE PISTÃO, BOMBA DE ÓLEO, RETENTOR DO VOLANTE DE MOTOR, ÓLEO DE MOTOR, KIT DE DISTRIBUIÇÃO, CORREIA DO ALTERNADOR, VÁLVULA EQUALIZADORA PRESSÃO, FLUIDO DE FREIO, BUCHA DA BARRA ESTABILIZADORA, ADITIVO DO RADIADOR, JOGO DE VELA, OLEO HIDRAULICO, FILTRO DE AR, FILTRO DE COMBUSTIVEL, COXIM MOTOR SUPERIOR LADO ESQ, RESERVATORIO DE AGUA, BRONZINA DE BIELA, BRONZINA DE MANCAL, BOMBA DE AGUA, SENSOR DE ROTAÇAO, SENSOR DE TEMPERATURA, FILTRO DE OLEO, REVISOES NO FREIO E SUSPENSAO",True,False,True,True,,ARNALDO CAR,O.S. ENCERRADA,CONTROLE  MAN. 181920
2019-06-25,TP-17206,,,"MANUTENÇÃO GERAL (RETICA DO CABECOTE, RETIFICA DO BLOCO DO MOTOR, REPARAR RADIADOR AR QUENTE, RETIFICA DO EIXO VIRABREQUIM, KIT DE JUNTA MOTOR, KIT DE PISTÃO, BOMBA DE ÓLEO, RETENTOR DO VOLANTE DE MOTOR, ÓLEO DE MOTOR, KIT DE DISTRIBUIÇÃO, CORREIA DO ALTERNADOR, VÁLVULA EQUALIZADORA PRESSÃO, FLUIDO DE FREIO, BUCHA DA BARRA ESTABILIZADORA, ADITIVO DO RADIADOR, JOGO DE VELA, OLEO HIDRAULICO, FILTRO DE AR, FILTRO DE COMBUSTIVEL, COXIM MOTOR SUPERIOR LADO ESQ, RESERVATORIO DE AGUA, BRONZINA DE BIELA, BRONZINA DE MANCAL, BOMBA DE AGUA, SENSOR DE ROTAÇAO, SENSOR DE TEMPERATURA, FILTRO DE OLEO, REVISOES NO FREIO E SUSPENSAO",True,False,True,True,,,,veiculos_manutencao_freio
2019-06-24,AB-17102,,80.0,SERVIÇO DE SOLDA,False,False,False,False,,MIZUTA,O.S. ENCERRADA,CONTROLE  MAN. 181920
2019-06-24,AB-17102,,46.0,COMPRA DE ABRAÇADEIRA E ANÉIS DE BORRACHA (ORING),False,False,False,False,,JACFLEX,O.S. ENCERRADA,CONTROLE  MAN. 181920
2019-06-24,AS-17101,,,"BATERIA CRAL 90 AH, Nº DE SÉRIE: 15 23/2019 C90009690BM.",False,False,False,True,,REI DAS BATERIAS,O.S. ENCERRADA,CONTROLE  MAN. 181920
2019-06-24,TP-17001,234789.0,,BATERIA MOURA 60AH,False,False,False,True,,MOTOMEC,O.S. ENCERRADA,CONTROLE  MAN. 181920
2019-06-18,CM-17101,,,INSTALAÇÃO DE REFLETOR DE LED TRASEIRO,False,False,False,False,,MOTOMEC,O.S. ENCERRADA,CONTROLE  MAN. 181920
2019-06-18,MOB-17101,45432.0,,INSTALAÇÃO DE SIRENE ELETRÔNICA,False,False,False,False,,MOTOMEC,O.S. ENCERRADA,CONTROLE  MAN. 181920
2019-06-18,MT-17004,,,INSTALAÇÃO DE BATERIA,False,False,False,True,,MOTOMEC,O.S. ENCERRADA,CONTROLE  MAN. 181920
2019-06-17,TP-17003,,100.0,"REVISÃO GERAL ( LIMPEZA DE BICO, LIMPEZA DO RADIADOR, TROCA DA CORREIA DENTADA, CORREIA DO ALTERNADOR E ESTICADOR, BIELETA DA SUSPENSÃO, GUIA DA PORTA, ALINHAMENTO, PASTILHA DE FREIO.",True,True,False,True,,ARNALDO CAR,O.S. ENCERRADA,CONTROLE  MAN. 181920
2019-06-17,TP-17003,,,"REVISÃO GERAL ( LIMPEZA DE BICO, LIMPEZA DO RADIADOR, TROCA DA CORREIA DENTADA, CORREIA DO ALTERNADOR E ESTICADOR, BIELETA DA SUSPENSÃO, GUIA DA PORTA, ALINHAMENTO, PASTILHA DE FREIO.",True,True,False,True,,,,veiculos_manutencao_freio
2019-06-12,AC-17002,73670.0,198.0,JOGO DE PASTILHAS DE FREIO DIANTEIRO,True,False,False,False,,MULTI PNEUS,O.S. ENCERRADA,CONTROLE  MAN. 181920
2019-06-12,AC-17002,,,JOGO DE PASTILHAS DE FREIO DIANTEIRO,True,False,False,False,,,,veiculos_manutencao_freio
2019-06-12,MOB-17101,45092.0,119.9,TROCA DE ÓLEO E FILTRO DE ÓLEO (FILTRO LF3614),False,False,True,False,,JUNIOR MOTOS,O.S. ENCERRADA,CONTROLE  MAN. 181920
2019-06-12,MOB-17102,46258.0,119.9,TROCA DE ÓLEO E FILTRO DE ÓLEO (FILTRO LF3614),False,False,True,False,,JUNIOR MOTOS,O.S. ENCERRADA,CONTROLE  MAN. 181920
2019-06-12,MOTOMEC,0.0,179.06,COMPRA LÂMPADAS AUTOMOTIVAS,False,False,False,True,,NOGUTI,NÃO HOUVE O.S. (GEFROE),CONTROLE  MAN. 181920
2019-06-10,UR-17206,139631.0,8261.84,"SUBSTITUIÇÃO DA CAIXA DE DIREÇÃO, DA TURBINA, DO FLUIDO HIDRÁULICO, DO VOLANTE DE DIREÇÃO, ÓLEO DO MOTOR E FILTRO DE ÓLEO",True,False,True,False,,JKAR,O.S. ENCERRADA,CONTROLE  MAN. 181920
2019-06-10,UR-17206,,,"SUBSTITUIÇÃO DA CAIXA DE DIREÇÃO, DA TURBINA, DO FLUIDO HIDRÁULICO, DO VOLANTE DE DIREÇÃO, ÓLEO DO MOTOR E FILTRO DE ÓLEO",True,False,True,False,,,,veiculos_manutencao_freio
2019-06-07,AB-17103,86400.0,590.0,"REVISÃO ELÉTRICA COM TROCA DE LÂMPADAS, SOQUETES, BUZINAS",False,False,False,True,,MACSOM II,O.S. ENCERRADA,CONTROLE  MAN. 181920
2019-06-07,AC-17002,0.0,300.0,TROCA DO MÓDULO DA SIRENE,False,False,False,False,,SPEED WAY,O.S. ENCERRADA,CONTROLE  MAN. 181920
2019-06-06,AC-17002,,300.0,RELÊ E MÓDULO DE ANIMAÇÃO,False,False,False,False,,SPEED WAY,O.S. ENCERRADA,CONTROLE  MAN. 181920
2019-06-06,TP-17003,,20.0,REPARO EM FECHADURA DO PORTA MALAS,False,False,False,False,,ADVIR,O.S. ENCERRADA,CONTROLE  MAN. 181920
2019-06-06,TP-17003,,268.0,"TROCA DOS PNEUS DIANTEIROS 185/70 R 14, ALINHAMENTO E BALANCEAMENTO, E TROCA DE PIVÔ DAS BANDEJA",False,True,False,False,,MULTI PNEUS,O.S. ENCERRADA,CONTROLE  MAN. 181920
2019-06-05,AS-17101,,1795.0,SISTEMA DE FREIO (PROXIMA REVISÃO 230900),True,False,False,False,,APOLOTECH,O.S. ENCERRADA,CONTROLE  MAN. 181920
2019-06-05,AS-17101,,,SISTEMA DE FREIO (PROXIMA REVISÃO 230900),True,False,False,False,,,,veiculos_manutencao_freio
2019-06-04,AT-17103,81824.0,980.0,"TROCA DE PNEUS, ALINHAMENTO, BALANCEAMENTO, EMBUCHAMENTOS",False,True,False,False,,APOLOTECH,O.S. ENCERRADA,CONTROLE  MAN. 181920
2019-06-04,UT-17002,,,FIXAÇÃO DO SUPORTE DO ALTERNADOR,False,False,False,True,,ARNALDO CAR,O.S. ENCERRADA,CONTROLE  MAN. 181920
2019-06-03,MOTOMEC,0.0,50.36,COMPRA DE 4 LÂMPADAS H4 12V 60/55W PHILIPS,False,False,False,True,,NOGUTI,NÃO HOUVE O.S. (GEFROE),CONTROLE  MAN. 181920
2019-05-30,AS-17101,228982.0,795.0,TROCA DE MOLA DIANTEIRA,False,False,False,False,,ELPÍDIO,O.S. ENCERRADA,CONTROLE  MAN. 181920
2019-05-30,TP-17000,122182.0,70.0,SERVIÇO DE MONTAGEM DE 02 PNEUS TRASEIRO E BALANCEAMENTO,False,True,False,False,,MV PNEUS,O.S. ENCERRADA,CONTROLE  MAN. 181920
2019-05-30,TP-17001,,,REVISÃO GERAL,False,False,False,False,,ARNALDO CAR,O.S. ENCERRADA,CONTROLE  MAN. 181920
2019-05-29,CM-17101,104746.0,1500.0,COMPRA DE TURBINA,False,False,False,False,,MEKADIESEL,O.S. ENCERRADA,CONTROLE  MAN. 181920
2019-05-29,CM-17101,104746.0,1416.5,SERVIÇO DE TROCA DE TURBINA,False,False,False,False,,ARNALDO CAR,O.S. ENCERRADA,CONTROLE  MAN. 181920
2019-05-29,VO-17008,,2137.01,"TROCA DO KIT EMBREAGEM (DISCO, PLATOR, ROLAMENTO E ATUADOR)",True,False,False,False,,ENGRENAUTO,O.S. ENCERRADA,CONTROLE  MAN. 181920
2019-05-29,VO-17008,,,"TROCA DO KIT EMBREAGEM (DISCO, PLATOR, ROLAMENTO E ATUADOR)",True,False,False,False,,,,veiculos_manutencao_freio
2019-05-27,AT-17103,,120.0,TROCA DE LÂMPADAS E LENTE,False,False,False,True,,MACSOM II,O.S. ENCERRADA,CONTROLE  MAN. 181920
2019-05-27,AT-17103,,120.0,"TROCA DE LÂMPADAS, SOQUETES E LENTE",False,False,False,True,,MACSOM II,O.S. ENCERRADA,CONTROLE  MAN. 181920
2019-05-23,TP-17007,,1112.0,"REVISÃO GERAL (TROCA DE CORREIA DENTADA E ALTERNADOR, ESTICADOR DE CORREIA, TERMINAL DE DIREÇÃO D/E, COIFAS DE RODA, KIT BATENTE DE AMORTECEDOR, ALINHAMENTO E BALANCEAMENTO)",False,True,False,True,,ARNALDO CAR,O.S. ENCERRADA,CONTROLE  MAN. 181920
2019-05-22,AS-17101,,160.0,INSTALAÇÃO DE 1 JOGO DE CALHA DEFLETORA DE CHUVA,False,False,False,False,,MACSOM II,O.S. ENCERRADA,CONTROLE  MAN. 181920
2019-05-22,TP-17000,120577.0,196.37,"TROCA DE ÓLEO, FILTRO DE ÓLEO, FILTRO DE AR E FILTRO DE COMBUSTÍVEL",False,False,True,False,,SHIMIZU,O.S. ENCERRADA,CONTROLE  MAN. 181920
2019-05-21,TP-17007,178168.0,60.0,TROCA DO SENSOR DE VELOCIDADE,False,False,False,False,,NOGUTI,O.S. ENCERRADA,CONTROLE  MAN. 181920
2019-05-21,UT-17002,,65.0,TROCA DA CORREIA DO ALTERNADOR,False,False,False,True,,ENGRENAUTO,O.S. ENCERRADA,CONTROLE  MAN. 181920
2019-05-20,AC-17002,72383.0,740.0,Troca do para-brisas dianteiro com antena.,False,False,False,False,,VIDRAUTO FERMIT,O.S. ENCERRADA,CONTROLE  MAN. 181920
2019-05-20,VO-17008,,80.0,INSTALAÇÃO DE BATENTES DA SUSPENSÃO,False,False,False,False,,NOGUTI,O.S. ENCERRADA,CONTROLE  MAN. 181920
2019-05-17,AC-17001,155570.0,140.0,"AJUSTE EM ROALAMENTO, REVISÃO DE FREIO ( PRÓXIMA REVISÃO 156000LUBRIFICAÇÃO",True,False,False,False,,MULTI PNEUS,O.S. ENCERRADA,CONTROLE  MAN. 181920
2019-05-17,AC-17001,,,"AJUSTE EM ROALAMENTO, REVISÃO DE FREIO ( PRÓXIMA REVISÃO 156000LUBRIFICAÇÃO",True,False,False,False,,,,veiculos_manutencao_freio
2019-05-15,TP-17007,178106.0,,"REPARO EM CÁRTER, TROCA DE ÓLEO 15W40",False,False,True,False,,ARNALDO CAR,NÃO HOUVE O.S. (GEFROE),CONTROLE  MAN. 181920
2019-05-14,ABE-17101,,104.0,COMPRA DE ADAPTADOR DO ESGUICHO ( ENGATE RÁPIDO),False,False,False,False,,JACFLEX,O.S. ENCERRADA,CONTROLE  MAN. 181920
2019-05-13,AB-17103,85786.0,,REFORÇO DA CARROCERIA,False,False,False,False,,CSM/MOpB,O.S. ENCERRADA,CONTROLE  MAN. 181920
2019-05-13,AS-17101,228104.0,36.0,COMPRA DE PALHETA DO PARABRISA,False,False,False,False,,MACSOM II,O.S. ENCERRADA,CONTROLE  MAN. 181920
2019-05-13,AS-17101,228104.0,,INSTALAÇÃO DE HOLOFOTE DE LED NA TRASEIRA,False,False,False,False,,MOTOMEC,O.S. ENCERRADA,CONTROLE  MAN. 181920
2019-05-13,AS-17101,,120.0,TROCA DE 02 PNEUS E BALANCEAMENTO,False,True,False,False,,MV PNEUS,O.S. ENCERRADA,CONTROLE  MAN. 181920
2019-05-13,MO-17001,,4663.0,"RETÍFICA DA BOMBA DE ALTA, CARCAÇA DA BOMBA DE ALTA, LIMPEZA DOS BICOS, TROCA DO FILTRO DE DIESEL",False,False,True,False,,ARNALDO CAR,O.S. ENCERRADA,CONTROLE  MAN. 181920
2019-05-08,VO-17003,223629.0,,TROCA DE BATERIA 60 AH,False,False,False,True,,CSM/MOpB,O.S. ENCERRADA,CONTROLE  MAN. 181920
2019-05-03,AC-17001,155368.0,,TROCA DE BATERIA 90 AMPERES,False,False,False,True,,CSM/MOPB,O.S. ENCERRADA,CONTROLE  MAN. 181920
2019-04-30,AT-17104,113528.0,,REPARO EM GREMALHEIRA DO MOTOR ESTACIONÁRIO,False,False,False,False,,CSM/MOPB,O.S. ENCERRADA,CONTROLE  MAN. 181920
2019-04-30,AT-17104,114000.0,,REVISÃO ELÉTRICA COM TROCA DE 02 BATERIAS DE 150 AH,False,False,False,True,,CSM/MOpB,O.S. ENCERRADA,CONTROLE  MAN. 181920
2019-04-29,ABE-17101,97519.0,,"REVISÃO DE FREIO, (100.000 MILHAS) TROCAR LONA DIANTEIRA",True,False,False,False,,BAIANINHO,O.S. ENCERRADA,CONTROLE  MAN. 181920
2019-04-29,ABE-17101,,,"REVISÃO DE FREIO, (100.000 MILHAS) TROCAR LONA DIANTEIRA",True,False,False,False,,,,veiculos_manutencao_freio
2019-04-29,AC-17002,70953.0,198.0,TROCA DO JOGO DE PASTILHAS DIANTEIRA PD771 L200 TRITON,True,False,False,False,,MULTI PNEUS,O.S. ENCERRADA,CONTROLE  MAN. 181920
2019-04-29,AC-17002,,,TROCA DO JOGO DE PASTILHAS DIANTEIRA PD771 L200 TRITON,True,False,False,False,,,,veiculos_manutencao_freio
2019-04-29,AS-17101,227242.0,,REVISÃO DE FREIO ( PROXIMA 229000),True,False,False,False,,MULTI PNEUS,O.S. ENCERRADA,CONTROLE  MAN. 181920
2019-04-29,AS-17101,,,REVISÃO DE FREIO ( PROXIMA 229000),True,False,False,False,,,,veiculos_manutencao_freio
2019-04-29,UR-17205,,530.0,REPARO NA FLAUTA DO BICO INJETOR,False,False,False,False,,ARNALDO CAR,O.S. ENCERRADA,CONTROLE  MAN. 181920
2019-04-26,ABE-17101,97325.0,,REVISAO DE FREIO,True,False,False,False,,DANIEL,O.S. ENCERRADA,CONTROLE  MAN. 181920
2019-04-26,ABE-17101,,,REVISAO DE FREIO,True,False,False,False,,,,veiculos_manutencao_freio
2019-04-26,TP-17001,232057.0,56.54,TROCA DE OLEO E FILTROS OLEO 5W40 ( MÃO DE OBRA),False,False,True,False,,SHIMIZU,O.S. ENCERRADA,CONTROLE  MAN. 181920
2019-04-25,ABE-17101,0.0,,RODA TRASEIRA D SEM PRISIOENIRO,False,False,False,False,,*****,O.S. ENCERRADA,CONTROLE  MAN. 181920
2019-04-24,AB-17103,85835.0,153.13,COMPRA DE LONA DE FREIO,True,False,False,False,,EQUIPE FREIOS,O.S. ENCERRADA,CONTROLE  MAN. 181920
2019-04-24,AB-17103,,,COMPRA DE LONA DE FREIO,True,False,False,False,,,,veiculos_manutencao_freio
2019-04-24,ABE-17101,97325.0,350.0,VALVULA DO PEDAL DO FREIO,True,False,False,False,,EQUIPE FREIOS,O.S. ENCERRADA,CONTROLE  MAN. 181920
2019-04-24,ABE-17101,,,VALVULA DO PEDAL DO FREIO,True,False,False,False,,,,veiculos_manutencao_freio
2019-04-24,TP-17007,178000.0,,TROCA DE ÓLEO E FILTROS,False,False,True,False,,?????,O.S. ENCERRADA,CONTROLE  MAN. 181920
2019-04-17,TP-17002,423532.0,684.0,"TROCA DE ÓLEO E FILTROS, COXIM DO CÂMBIO, BUCHA DA BANDEJA, COIFA DA HOMOCINÉTICA, REGULAGEM DA EMBREAGEM, ALINHAMENTO E BALANCEAMENTO DE DUAS RODAS, REVISÃO NOS FREIOS",True,True,True,False,,MULTI PNEUS,O.S. ENCERRADA,CONTROLE  MAN. 181920
2019-04-17,TP-17002,,,"TROCA DE ÓLEO E FILTROS, COXIM DO CÂMBIO, BUCHA DA BANDEJA, COIFA DA HOMOCINÉTICA, REGULAGEM DA EMBREAGEM, ALINHAMENTO E BALANCEAMENTO DE DUAS RODAS, REVISÃO NOS FREIOS",True,True,True,False,,,,veiculos_manutencao_freio
2019-04-15,TP-17003,166000.0,325.0,REPARO NA TAMPA DO CÁRTER E TROCA DE ÓLEO E FILTROS ( PRÓXIMA TROCA DE ÓLEO 176000 ),False,False,True,False,,ARNALDO CAR,O.S. ENCERRADA,CONTROLE  MAN. 181920
2019-04-15,TP-17003,166000.0,,REVISÃO DE FREIO,True,False,False,False,,ARNALDO CAR,O.S. ENCERRADA,CONTROLE  MAN. 181920
2019-04-15,TP-17003,,,REVISÃO DE FREIO,True,False,False,False,,,,veiculos_manutencao_freio
2019-04-12,ABS-17102,117023.0,659.58,TROCA DE ÓLEO E FILTROS,False,False,True,False,,SHIMIZU,O.S. ENCERRADA,CONTROLE  MAN. 181920
2019-04-12,ASE-17101,132000.0,952.83,TROCA DE ÓLEO E FILTROS,False,False,True,False,,SHIMIZU,O.S. ENCERRADA,CONTROLE  MAN. 181920
2019-04-12,MO-17001,124038.0,158.59,TROCA DE ÓLEO E FILTROS,False,False,True,False,,SHIMIZU,O.S. ENCERRADA,CONTROLE  MAN. 181920
2019-04-12,UR-17205,108302.0,140.0,"MONTAGEM DE PNEUS 225/65/16 , ALINHAMENTO, BALANCEAMENTO.",False,True,False,False,,MULTI PNEUS,O.S. ENCERRADA,CONTROLE  MAN. 181920
2019-04-11,TP-17003,,44.0,COMPRADA DO JOGO DE CALOTAS,False,False,False,False,,CHAPARAL,O.S. ENCERRADA,CONTROLE  MAN. 181920
2019-04-11,UT-17001,,,TROCA DE LÂMPADA DE FREIO L.D,True,False,False,True,,MOTOMEC,O.S. ENCERRADA,CONTROLE  MAN. 181920
2019-04-11,UT-17001,53000.0,,REVISÃO DE FREIO,True,False,False,False,,MOTOMEC,O.S. ENCERRADA,CONTROLE  MAN. 181920
2019-04-11,UT-17001,53000.0,,"TROCA DE ÓLEO E FILTROS (ÓLEO 5W30, FILTRO AR CA9590, FILTRO DE ÓLEO FO398S)",False,False,True,False,,MOTOMEC,O.S. ENCERRADA,CONTROLE  MAN. 181920
2019-04-11,UT-17001,53000.0,60.0,FECHADURA DA PORTA TRASEIRA,False,False,False,False,,CHAPARAL,O.S. ENCERRADA,CONTROLE  MAN. 181920
2019-04-11,UT-17001,,,TROCA DE LÂMPADA DE FREIO L.D,True,False,False,True,,,,veiculos_manutencao_freio
2019-04-11,UT-17001,,,REVISÃO DE FREIO,True,False,False,False,,,,veiculos_manutencao_freio
2019-04-10,AS-17101,,175.0,REPARO NO GUINCHO,False,False,False,False,,ROBSON,O.S. ENCERRADA,CONTROLE  MAN. 181920
2019-04-10,UR-17205,108302.0,350.0,"REVISÃO DE FREIO, REPARO EM SUSPENSÃO, SOLDA EM LONGARINA",True,False,False,False,,MESSIAS/MULTIPNEUS,O.S. ENCERRADA,CONTROLE  MAN. 181920
2019-04-10,UR-17205,108178.0,175.0,REPARO ELÉTRICO NA ILUMINAÇÃO DO RAY LIGHT,False,False,False,False,,ROBSON,O.S. ENCERRADA,CONTROLE  MAN. 181920
2019-04-10,UR-17205,,,"REVISÃO DE FREIO, REPARO EM SUSPENSÃO, SOLDA EM LONGARINA",True,False,False,False,,,,veiculos_manutencao_freio
2019-04-05,AB-17102,70123.0,,"REPARO EM BOMBA DE INCENDIO ( NÃO ENGATA ), SENSOR DE CONTROLE DE ESTABILIDADE, MÁQUINA DE VIDRO LADO TRASEIRO (LD), ACUSANDO DEFEITO NO PAINEL ( FALHA NO MOTOR ) FREIO MOTOR FUNCIONANDO SOMENTE EM UM ESTÁGIO, AUTO CHARGE QUEIMANDO FUSÍVEL, TROCA DE ÓLEO E INSPEÇÃO DE FREIO.",True,False,True,False,,CSM/MOPB,O.S. ENCERRADA,CONTROLE  MAN. 181920
2019-04-05,AB-17102,,,"REPARO EM BOMBA DE INCENDIO ( NÃO ENGATA ), SENSOR DE CONTROLE DE ESTABILIDADE, MÁQUINA DE VIDRO LADO TRASEIRO (LD), ACUSANDO DEFEITO NO PAINEL ( FALHA NO MOTOR ) FREIO MOTOR FUNCIONANDO SOMENTE EM UM ESTÁGIO, AUTO CHARGE QUEIMANDO FUSÍVEL, TROCA DE ÓLEO E INSPEÇÃO DE FREIO.",True,False,True,False,,,,veiculos_manutencao_freio
2019-04-04,AT-17103,,1473.0,REPARO EM INTERCOLER ( RADIADOR),False,False,False,False,,ARNALDO CAR,O.S. ENCERRADA,CONTROLE  MAN. 181920
2019-04-04,CM-17101,104259.0,132.83,TROCA DA MANGUEIRA DO RADIADOR,False,False,False,False,,ARNALDO CAR,O.S. ENCERRADA,CONTROLE  MAN. 181920
2019-04-03,ASE-17101,,122.0,TROCA DE MANGUEIRA INFERIOR DO RADIADOR,False,False,False,False,,ARNALDO CAR,O.S. ENCERRADA,CONTROLE  MAN. 181920
2019-04-03,ASE-17101,,,TROCA DE ESPELHO DA LANTERNA TRASEIRA,False,False,False,False,,?????,O.S. ENCERRADA,CONTROLE  MAN. 181920
2019-04-01,AS-17101,225374.0,,REVISÃO DE FREIO (PRÓXIMA REVISÃO 226874),True,False,False,False,,MOTOMEC,O.S. ENCERRADA,CONTROLE  MAN. 181920
2019-04-01,AS-17101,,,REVISÃO DE FREIO (PRÓXIMA REVISÃO 226874),True,False,False,False,,,,veiculos_manutencao_freio
2019-04-01,VO-17003,223337.0,898.0,"TROCA DE CORREIA DENTADA, ESTICADOR DE CORREIA,JUNTA DA TAMPA DA VÁLVULA, CANALETA DO VIDRO, RETENTOR DE POLIA.",False,False,False,False,,ARNALDO CAR,O.S. ENCERRADA,CONTROLE  MAN. 181920
2019-04-01,VO-17003,223337.0,,"02 PNEUS 235/75/15, ALINHAMENTO E BALANCEAMENTO, TROCA DE CORREIA DENTADA, ESTICADOR DE CORREIA,JUNTA DA TAMPA DA VÁLVULA, CANALETA DO VIDRO, RETENTOR DE POLIA.",False,True,False,False,,ARNALDO CAR,O.S. ENCERRADA,CONTROLE  MAN. 181920
2019-04-01,VO-17008,164886.0,,BATERIA 65 AH,False,False,False,True,,MOTOMEC,O.S. ENCERRADA,CONTROLE  MAN. 181920
2019-03-28,AC-17002,,160.0,troca das correias do alternador,False,False,False,True,,BF diesel,O.S. ENCERRADA,CONTROLE  MAN. 181920
2019-03-28,TP-17000,110181.0,160.0,TROCA DE ÓLEO,False,False,True,False,,SHIMIZU,O.S. ENCERRADA,CONTROLE  MAN. 181920
2019-03-22,MO-17001,123002.0,90.0,TROCA DE 02 PNEUS 205/75/16,False,True,False,False,,IKEDA,O.S. ENCERRADA,CONTROLE  MAN. 181920
2019-03-21,AB-17103,,40.0,TROCA DE BICO E ALONGADOR DE CAMARA DE AR,False,False,False,False,,ELIAS PNEUS,O.S. ENCERRADA,CONTROLE  MAN. 181920
2019-03-21,ABE-17101,97188.0,1947.0,"LIMPEZA DO CARTER, OLEO DE MOTOR MB400, 6 PRISONEIRO DE RODA, LIMPEZA DO RADIADOR",False,False,True,False,,ARNALDO CAR,O.S. ENCERRADA,CONTROLE  MAN. 181920
2019-03-15,AC-17002,68081.0,,BATERIA 90 AH,False,False,False,True,,CSM/MOpB,O.S. ENCERRADA,CONTROLE  MAN. 181920
2019-03-15,AS-17101,223150.0,45.0,PRENSA DE CABO DE AÇO,False,False,False,False,,COMCABO,O.S. ENCERRADA,CONTROLE  MAN. 181920
2019-03-15,MT-17004,,40.0,02 PNEUS TRAS-90/90/21 DIANT-120/90/17,False,True,False,False,,JUNIOR MOTOS,O.S. ENCERRADA,CONTROLE  MAN. 181920
2019-03-15,UR-17104,68331.0,,TROCA DE ÓLEO E FILTROS,False,False,True,False,,CSM/MOpB,O.S. ENCERRADA,CONTROLE  MAN. 181920
2019-03-15,UR-17104,68331.0,,REVISÃO DE FREIO,True,False,False,False,,CSM/MOpB,O.S. ENCERRADA,CONTROLE  MAN. 181920
2019-03-15,UR-17104,,,REVISÃO DE FREIO,True,False,False,False,,,,veiculos_manutencao_freio
2019-03-14,AS-17101,223100.0,121.23,TROCA DE CABO DE AÇO DO ACELERADOR,False,False,False,False,,4 TEMPOS,O.S. ENCERRADA,CONTROLE  MAN. 181920
2019-03-14,GERADOR PP-17101,,,TROCA DE ÓLEO,False,False,True,False,,MOTOMEC,NÃO HOUVE O.S. (GEFROE),CONTROLE  MAN. 181920
2019-03-14,MOTO BOMBA HOLMATRO AS-17101,,,TROCA DE ÓLEO,False,False,True,False,,MOTOMEC,NÃO HOUVE O.S. (GEFROE),CONTROLE  MAN. 181920
2019-03-14,MOTO BOMBA LANCIER TÁTICO,,,TROCA DE ÓLEO,False,False,True,False,,MOTOMEC,NÃO HOUVE O.S. (GEFROE),CONTROLE  MAN. 181920
2019-03-14,UT-17002,,173.23,TROCA DE CORREIA,False,False,False,False,,ARNALDO CAR,O.S. ENCERRADA,CONTROLE  MAN. 181920
2019-03-14,VPP TÁTICO,,,TROCA DE ÓLEO,False,False,True,False,,MOTOMEC,NÃO HOUVE O.S. (GEFROE),CONTROLE  MAN. 181920
2019-03-11,CM-17101,,11.06,TROCA DE VALVÚLA DE ESGOTAMENTO DE AGUA,False,False,False,False,,NOGUTI CAMINHÕES,O.S. ENCERRADA,CONTROLE  MAN. 181920
2019-03-11,CM-17101,,,TROCA DE PAINEL,False,False,False,False,,MOTOMEC,O.S. ENCERRADA,CONTROLE  MAN. 181920
2019-03-08,ABS-17102,115414.0,929.83,CARDAN DO DIFERENCIAL,False,False,False,False,,CARDANS TIETE,O.S. ENCERRADA,CONTROLE  MAN. 181920
2019-03-07,AB-17201,170128.0,17499.7,"funilaria, pintura, elétrica, estribo lateral, tapete dianteiro",False,False,False,False,,J KAR,O.S. ENCERRADA,CONTROLE  MAN. 181920
2019-03-07,UR-17207,185809.0,,TROCA DE 02 PNEUS DIANTEIRO,False,True,False,False,,ITAQUAQUECETUBA,O.S. ENCERRADA,CONTROLE  MAN. 181920
2019-02-28,CM-17101,104113.0,,LIMPEZA NO SISTEMA DE LUBRIFICAÇÃO,False,False,False,False,,4 TEMPOS,NÃO HOUVE O.S. (GEFROE),CONTROLE  MAN. 181920
2019-02-27,AC-17002,64764.0,441.0,TROCA DE PASTILHA DE FREIO DIANTEIRO,True,False,False,False,,4 TEMPOS,O.S. ENCERRADA,CONTROLE  MAN. 181920
2019-02-27,AC-17002,66752.0,107.0,TROCA DA CORREIA DO AR CONDICIONADO,False,False,False,False,,VICAL,O.S. ENCERRADA,CONTROLE  MAN. 181920
2019-02-27,AC-17002,,,TROCA DE PASTILHA DE FREIO DIANTEIRO,True,False,False,False,,,,veiculos_manutencao_freio
2019-02-27,MO-17001,122670.0,428.0,REVISÃO DE FREIO CO TROCA DE PASTILHAS,True,False,False,False,,MULTI PNEUS,O.S. ENCERRADA,CONTROLE  MAN. 181920
2019-02-27,MO-17001,,,REVISÃO DE FREIO CO TROCA DE PASTILHAS,True,False,False,False,,,,veiculos_manutencao_freio
2019-02-26,ABE-17101,,,REPARO EM VALVULA TERMOSTÁTICA,False,False,False,False,,IMADA,O.S. ENCERRADA,CONTROLE  MAN. 181920
2019-02-26,ABS-17102,,,REPARO EM CARDANZINHO,False,False,False,False,,IMADA,NÃO HOUVE O.S. (GEFROE),CONTROLE  MAN. 181920
2019-02-26,AS-17101,223300.0,,REPARO EM FREIO E USINAGEM DE TAMBOR DE FREIO,True,False,False,False,,IMADA,NÃO HOUVE O.S. (GEFROE),CONTROLE  MAN. 181920
2019-02-26,AS-17101,,,REPARO EM FREIO E USINAGEM DE TAMBOR DE FREIO,True,False,False,False,,,,veiculos_manutencao_freio
2019-02-26,AT-17104,,3357.0,LIMPESA DO SISTEMA DE ALIMENTAÇÃO E TANQUE DE COMBUSTÍVEL,False,False,False,False,,IMADA,O.S. ENCERRADA,CONTROLE  MAN. 181920
2019-02-25,AS-17101,223621.0,372.5,COMPRA DA CHAVE DE SETA,False,False,False,False,,MICHELINO,O.S. ENCERRADA,CONTROLE  MAN. 181920
2019-02-25,AT-17104,113449.0,199.83,COMPRA DA BOIA DO TANQUE DE COMBUSTÍVEL,False,False,False,False,,MICHELINO,O.S. ENCERRADA,CONTROLE  MAN. 181920
2019-02-22,ABS-17102,,950.0,SERVIÇO DE REPARO EM BOMBA DE INCENDIO,False,False,False,False,,EVR REPRESENTAÇÕES,O.S. ENCERRADA,CONTROLE  MAN. 181920
2019-02-22,AT-17103,,950.0,SERVIÇO EM BOMBA DE INCENDIO,False,False,False,False,,EVR REPRESENTAÇÕES,O.S. ENCERRADA,CONTROLE  MAN. 181920
2019-02-22,AT-17104,113449.0,168.54,FILTRO E ACESSÓRIOS PARA ALIMENTAÇÃO,False,False,True,False,,NOGUTI CAMINHÕES,O.S. ENCERRADA,CONTROLE  MAN. 181920
2019-02-22,CM-17101,104004.0,,TROCA DE 02 BATERIA,False,False,False,True,,CSM/MOPB,O.S. ENCERRADA,CONTROLE  MAN. 181920
2019-02-22,DIVERSOS,0.0,30.0,PASTA PARA LAVAGEM DAS MÃOS,False,False,False,False,,NOGUTI CAMINHÕES,NÃO HOUVE O.S. (GEFROE),CONTROLE  MAN. 181920
2019-02-21,AB-17102,66244.0,4920.0,"TROCA DE LONAS DE FREIO ( CSM) E REPARO EM BARRA LONGA E CURTA DA DIREÇÃO, RECONDICIONAMENTO DE 02 MANGAS DE EIXO DIANTEIRO( NEO FACILIDADE), REPARAR GRAMPOS DE MOLAS, ALINHAMENTO E BALANÇEAMENTO, TROCA DO RETENTOR",True,True,False,False,,POSTO DE MOLAS SÃO JORGE,O.S. INEXISTENTE (GEFROE),CONTROLE  MAN. 181920
2019-02-21,AB-17102,,,"TROCA DE LONAS DE FREIO ( CSM) E REPARO EM BARRA LONGA E CURTA DA DIREÇÃO, RECONDICIONAMENTO DE 02 MANGAS DE EIXO DIANTEIRO( NEO FACILIDADE), REPARAR GRAMPOS DE MOLAS, ALINHAMENTO E BALANÇEAMENTO, TROCA DO RETENTOR",True,True,False,False,,,,veiculos_manutencao_freio
2019-02-19,AS-17101,223188.0,46.62,SILICONE SIKAFLEX,False,False,False,False,,HERMAN,O.S. ENCERRADA,CONTROLE  MAN. 181920
2019-02-18,ABS-17101,212615.0,,"FUNILARIA E PINTURA GERAL, SERVIÇO E CAIXA DE CÂMBIO",False,False,False,False,,*****,O.S. ENCERRADA (GEFROE) / O.S. NEO REJEITADA,CONTROLE  MAN. 181920
2019-02-15,ABS-17102,114552.0,,TROCA DE 02 PNEUS DIANTEIRO,False,True,False,False,,MATOS,O.S. ENCERRADA,CONTROLE  MAN. 181920
2019-02-13,AB-17102,68184.0,170.0,TROCA DO BOTÃO DE ACIONAMENTO DO SISTEMA PNEUMÁTICO DE REGULAGEM DO BANCO DO MOTORISTA,False,True,False,False,,MOTOMEC,O.S. ENCERRADA,CONTROLE  MAN. 181920
2019-02-13,ABS-17102,,700.0,LIMPESA DO SISTEMA COULIER,False,False,False,False,,4 TEMPOS,O.S. ENCERRADA,CONTROLE  MAN. 181920
2019-02-13,AS-17101,222910.0,,REPARO EM PNEU,False,True,False,False,,MATOS,O.S. ENCERRADA,CONTROLE  MAN. 181920
2019-02-13,AT-17103,78678.0,270.35,SERVIÇO DE TROCA DA BOMBA HIDRÁULICA,False,False,False,False,,4 TEMPOS,O.S. ENCERRADA,CONTROLE  MAN. 181920
2019-02-12,ABS-17102,114360.0,450.0,LIMPEZA DO SISTEMA DE ALIMENTAÇÃO,False,False,False,False,,ARNALDO CAR,O.S. ENCERRADA,CONTROLE  MAN. 181920
2019-02-12,ABS-17102,114360.0,910.0,SOLDA EM SUPORTE DE FIXAÇÃO,False,False,False,False,,ARNALDO CAR,O.S. ENCERRADA,CONTROLE  MAN. 181920
2019-02-12,AT-17103,78678.0,800.0,REPARO NA CAIXA DE DIRECÃO,False,False,False,False,,VICAL,O.S. ENCERRADA,CONTROLE  MAN. 181920
2019-02-12,AT-17103,78678.0,,RESERVATÓRIO HIDRAÚLICO,False,False,False,False,,VICAL,NÃO HOUVE O.S. (GEFROE),CONTROLE  MAN. 181920
2019-02-12,AT-17103,78678.0,1400.0,BOMBA HIDRÁULICA,False,False,False,False,,VICAL,O.S. ENCERRADA,CONTROLE  MAN. 181920
2019-02-12,CA-17001,235889.0,,TOCA DE LÂMPADA DO FAROL DIR E FUSÍVEL DO FREIO,True,False,False,True,,MOTOMEC,O.S. ENCERRADA,CONTROLE  MAN. 181920
2019-02-12,CA-17001,,,TOCA DE LÂMPADA DO FAROL DIR E FUSÍVEL DO FREIO,True,False,False,True,,,,veiculos_manutencao_freio
2019-02-12,CA-17201,206664.0,3894.0,FREIO E SUSPENSÃO,True,False,False,False,,PHFS,O.S. ENCERRADA,CONTROLE  MAN. 181920
2019-02-12,CA-17201,,,FREIO E SUSPENSÃO,True,False,False,False,,,,veiculos_manutencao_freio
2019-02-11,CA-17001,235889.0,26.5,COMPRA DE 02 LENTES TRASEIRA,False,False,False,False,,NOGUTI CAMINHÕES,O.S. ENCERRADA,CONTROLE  MAN. 181920
2019-02-08,UT-17002,194528.0,129.04,TROCA DE LÂMPADA DO FAROL DIR. ALINHAMENTO DE ESCAPAMENTO TROCA DE COXIM E LIMPADOR DE PARABRISAS,False,True,False,True,,MOTOMEC/NOGUTI,O.S. ENCERRADA,CONTROLE  MAN. 181920
2019-02-07,AB-17103,,900.0,REPARO EM BOMBA INJETORA,False,False,False,False,,4 TEMPOS,O.S. ENCERRADA,CONTROLE  MAN. 181920
2019-02-06,AT-17103,79196.0,340.0,TROCA DA CUÍCA TRASEIRA,False,False,False,False,,BAIANINHO,O.S. ENCERRADA,CONTROLE  MAN. 181920
2019-02-05,TP-17000,100300.0,210.0,TROCA DE ÓLEO E FILTROS,False,False,True,False,,SHIMIZU,O.S. ENCERRADA,CONTROLE  MAN. 181920
2019-02-05,VO-17003,222123.0,46.0,BATENTES DE SUSPENSÃO,False,False,False,False,,NOGUTI CAMINHÕES,O.S. ENCERRADA,CONTROLE  MAN. 181920
2019-02-05,VO-17008,164218.0,91.96,BATENTES DE SUSPENSÃO,False,False,False,False,,NOGUTI CAMINHÕES,O.S. ENCERRADA,CONTROLE  MAN. 181920
2019-02-04,MOB-17101,,260.0,"TROCA DE ÓLEO DE MOTOR, CAMERA DO PNEU TRASEIRO E PNEU TRASEIRO",False,True,True,False,,ROTA 1,O.S. ENCERRADA,CONTROLE  MAN. 181920
2019-02-04,MOB-17102,,260.0,TROCA DE ÓLEO DE MOTOR E PNEU TRASEIRO,False,True,True,False,,ROTA 1,O.S. ENCERRADA,CONTROLE  MAN. 181920
2019-01-31,AB-17103,84076.0,275.0,COMPRA DE MATERIAL PARA HIPERMEABILIZAÇÃO DA CARENAGEM DO MOTOR,False,False,False,False,,RUBER WORD,O.S. ENCERRADA,CONTROLE  MAN. 181920
2019-01-29,AT-17103,78678.0,80.0,SERVIÇO DE TORNEARIA,False,False,False,False,,*****,O.S. ENCERRADA,CONTROLE  MAN. 181920
2019-01-29,PP-17101,46787.0,,TROCA DE ÓLEO E FILTRO ( FALTA FILTRO DE ÁGUA E AR),False,False,True,False,,MOTOMEC,O.S. ENCERRADA,CONTROLE  MAN. 181920
2019-01-29,PP-17101,46787.0,,REVISÃO DE FREIO (PRÓXIMA REVISÃO 48.000),True,False,False,False,,IMADA,O.S. ENCERRADA,CONTROLE  MAN. 181920
2019-01-29,PP-17101,,,REVISÃO DE FREIO (PRÓXIMA REVISÃO 48.000),True,False,False,False,,,,veiculos_manutencao_freio
2019-01-29,RE-17101,0.0,110.0,REPAROS ELETRICOS (CURTO CIRCUITO)TROCA DE LAMPADAS,False,False,False,True,,MACSOM II,O.S. ENCERRADA,CONTROLE  MAN. 181920
2019-01-28,AS-17101,221723.0,380.0,REVISÃO DE FREIO,True,False,False,False,,IMADA,O.S. ENCERRADA,CONTROLE  MAN. 181920
2019-01-28,AS-17101,,,REVISÃO DE FREIO,True,False,False,False,,,,veiculos_manutencao_freio
2019-01-28,AT-17103,78678.0,,reparo no pneu (furado),False,True,False,False,,*****,O.S. ENCERRADA,CONTROLE  MAN. 181920
2019-01-28,MOB-17102,42793.0,299.0,TROCA DE CAIXA DE DIREÇÃO,False,False,False,False,,JUNIOR MOTOS,O.S. ENCERRADA,CONTROLE  MAN. 181920
2019-01-25,TP-17004,54669.0,153.0,TROCA DE ÓLEO E FILTROS,False,False,True,False,,SHIMIZU,O.S. ENCERRADA,CONTROLE  MAN. 181920
2019-01-25,UT-17002,194432.0,,ESCAPAMENTO,False,False,False,False,,MOTOMEC,O.S. ENCERRADA,CONTROLE  MAN. 181920
2019-01-25,VO-17008,75333.0,,"TROCA DE BATERIA ( OBS: BATERIA ERA PARA A VIATURA TP-17001, DEVIDO A NECESSIDADE, FOI REMANEJADA)",False,False,False,True,,CSM/MOPB,O.S. ENCERRADA,CONTROLE  MAN. 181920
2019-01-25,VO-17008,164218.0,225.0,REPARO ELÉTRICO,False,False,False,False,,MACSOM II,O.S. ENCERRADA,CONTROLE  MAN. 181920
2019-01-24,AB-17201,,,FUNILARIA E PINTURA GERAL,False,False,False,False,,SIGMA MOTOR SERVICE,NÃO HOUVE O.S. (GEFROE); SERVIÇO NÃO REALIZADO,CONTROLE  MAN. 181920
2019-01-23,AT-17104,971919.0,9133.5,"TROCA DE EMBREAGEM, DISCO, PLATÔ E ROLAMENTO",True,False,False,False,,ARNALDO CAR,O.S. ENCERRADA,CONTROLE  MAN. 181920
2019-01-23,AT-17104,,,"TROCA DE EMBREAGEM, DISCO, PLATÔ E ROLAMENTO",True,False,False,False,,,,veiculos_manutencao_freio
2019-01-23,MO-17001,121700.0,30.0,TROCA DE LÂMPADAS,False,False,False,True,,MACSOM II,O.S. ENCERRADA,CONTROLE  MAN. 181920
2019-01-23,UT-17001,49234.0,,REVISÃO DE FREIO (PRÓXIMA INSPEÇÃO 54234 ),True,False,False,False,,MULTI PNEUS,O.S. ENCERRADA,CONTROLE  MAN. 181920
2019-01-23,UT-17001,,,REVISÃO DE FREIO (PRÓXIMA INSPEÇÃO 54234 ),True,False,False,False,,,,veiculos_manutencao_freio
2019-01-17,AB-17103,83592.0,150.0,ESCAPAMENTO,False,False,False,False,,4 TEMPOS,O.S. ENCERRADA,CONTROLE  MAN. 181920
2019-01-17,MO-17001,121547.0,,TROCA DA BATERIA,False,False,False,True,,CSM/MOPB,O.S. ENCERRADA,CONTROLE  MAN. 181920
2019-01-15,ABS-17102,113723.0,150.0,TROCA CEBOLINHA DO PEDAL DE FREIO E UMA LAMPADA,True,False,False,True,,MACSOM II,O.S. ENCERRADA,CONTROLE  MAN. 181920
2019-01-15,ABS-17102,,,TROCA CEBOLINHA DO PEDAL DE FREIO E UMA LAMPADA,True,False,False,True,,,,veiculos_manutencao_freio
2019-01-07,AB-17102,66490.0,,REVISÃO DE FREIO (PROX COM 68000TEM Q TROC LONAS E PAS,True,False,False,False,,IMADA,O.S. ENCERRADA,CONTROLE  MAN. 181920
2019-01-07,AB-17102,,,REVISÃO DE FREIO (PROX COM 68000TEM Q TROC LONAS E PAS,True,False,False,False,,,,veiculos_manutencao_freio
2019-01-07,AC-17002,63358.0,423.01,REVISÃO DE FREIO E TROCA DE ÓLEO,True,False,True,False,,SHIMIZU,O.S. ENCERRADA,CONTROLE  MAN. 181920
2019-01-07,AC-17002,,,REVISÃO DE FREIO E TROCA DE ÓLEO,True,False,True,False,,,,veiculos_manutencao_freio
2019-01-07,AS-17101,220354.0,210.0,REVISÃO ELÉTRICA,False,False,False,False,,MACSOM II,O.S. ENCERRADA,CONTROLE  MAN. 181920
2019-01-03,AB-17102,66490.0,120.0,REPARO ELÉTRICO EM SENSOR DE RÉ E TROCA DE LAMPADA DO FAROL DIANTEIRO,False,False,False,True,,MACSOM II,O.S. ENCERRADA,CONTROLE  MAN. 181920
2019-01-03,ABS-17102,113062.0,101.0,COMPRA DE CONEXÃO PARA MANGOTINHO,False,False,False,False,,UNIFLEX,O.S. ENCERRADA,CONTROLE  MAN. 181920
2019-01-03,TP-17001,227774.0,40.0,MONTAGEM DE 02 PNEUS DIANTEIRO,False,True,False,False,,ELIAS PNEUS,O.S. ENCERRADA,CONTROLE  MAN. 181920
2019-01-03,UT-17002,194000.0,,REVISÃO DE FREIO E TROCA DE ÓLEO,True,False,True,False,,CESAR CAR,O.S. ENCERRADA,CONTROLE  MAN. 181920
2019-01-03,UT-17002,,,REVISÃO DE FREIO E TROCA DE ÓLEO,True,False,True,False,,,,veiculos_manutencao_freio
2019-01-02,AS-17101,220000.0,,AJUSTE DE FREIOS,True,False,False,False,,IMADA,O.S. ENCERRADA,CONTROLE  MAN. 181920
2019-01-02,AS-17101,,,AJUSTE DE FREIOS,True,False,False,False,,,,veiculos_manutencao_freio
2019-01-02,CM-17101,103547.0,,AJUSTE DE FREIOS,True,False,False,False,,IMADA,O.S. ENCERRADA,CONTROLE  MAN. 181920
2019-01-02,CM-17101,,,AJUSTE DE FREIOS,True,False,False,False,,,,veiculos_manutencao_freio
2018-12-27,AS-17201,,7310.0,FUNILARIA E PINTURA GERAL,False,False,False,False,,CESAR CAR,O.S. ENCERRADA,CONTROLE  MAN. 181920
2018-12-20,AB-17201,,5508.9,REPARO EM BICO INJETOR,False,False,False,False,,PHFS,O.S. ENCERRADA,CONTROLE  MAN. 181920
2018-12-20,UR-17205,,4015.0,"REPARO EM BOMBA DE COMBUSTÍVEL, TROCA DE ÓLEO",False,False,True,False,,OFIC PRADO,O.S. ENCERRADA,CONTROLE  MAN. 181920
2018-12-17,MOB-17101,,1186.0,TROCAS DE EMBREAGEM,False,False,False,False,,LYLLY MOTOS,O.S. ENCERRADA,CONTROLE  MAN. 181920
2018-12-12,UT-17002,,2184.0,"REPARO EM SUSPENSÃO, TROCA DE ÓLEO, ALINHAMENTO, BALANCEAMENTO",False,True,True,False,,CESAR CAR,O.S. ENCERRADA,CONTROLE  MAN. 181920
2018-12-11,VO-17008,,8000.0,PINTURA GERAL E REFORMA E ESTOFAMENTOS,False,False,False,False,,CESAR CAR,O.S. ENCERRADA,CONTROLE  MAN. 181920
2018-12-05,AE-17101,,13680.0,CILINDRO HIDRÁULICO DO MACACO TRASEIRO ESQUERDO DA SAPATA,True,False,False,False,,CURIO SERVICOS,O.S. ENCERRADA,CONTROLE  MAN. 181920
2018-12-05,AE-17101,,,CILINDRO HIDRÁULICO DO MACACO TRASEIRO ESQUERDO DA SAPATA,True,False,False,False,,,,veiculos_manutencao_freio
2018-11-28,UR-17205,,14000.8,REPAROS MECANICOS,False,False,False,False,,OFIC PRADO,O.S. ENCERRADA,CONTROLE  MAN. 181920
2018-11-23,AB-17102,63500.0,,TROCA DE OLEO E FILTROS,False,False,True,False,,MOTOMEC,O.S. ENCERRADA,CONTROLE  MAN. 181920
2018-11-20,ASE-17101,,250.0,BATERIA PARA GERADOR,False,False,False,True,,MKM,O.S. ENCERRADA,CONTROLE  MAN. 181920
2018-11-07,ABE-17101,,800.0,REFORMA DOS BANCOS,False,False,False,False,,MALDONADO,O.S. ENCERRADA,CONTROLE  MAN. 181920
2018-10-03,AC-17001,,3105.0,RETIFICA DE CABEÇOTE; JG DE JUNTA SUPERIOR; JUNTA DA TAMPA DE VALVULA; AGUA DESMINERALIZADA; ADITIVO; OLEO DE MOTOR 15W40; FILTRO DE OLEO; JUNTA DO COLETOR; LIMPEZA DE RADIADOR.,False,False,True,False,,OFIC PRADO,O.S. ENCERRADA,CONTROLE  MAN. 181920
2018-09-26,VO-17003,,590.0,TROCA DE PARABRISA,False,False,False,False,,VIDRAUTO FERMIT,O.S. ENCERRADA,CONTROLE  MAN. 181920
2018-07-06,AE-17101,,8000.0,RECONDICIONAMENTO DE CILINDROS DE EXTENSÃO DA ESCADA,False,False,False,False,,INTEC AUTOMAÇÃO LTDA EPP,O.S. ENCERRADA,CONTROLE  MAN. 181920
,AB-17102,,3450.0,"1. Fornecer e substituir espuma, revisão geral e proteção de plástico transparente leitoso 0.40.2 do banco do motorista;
 2. Fornecer e substituir revisão geral e proteção de plástico transparente leitoso 0.40.2. de 05 bancos tipo concha.",False,False,False,False,,MALDONADO,FINALIZADO NA NEO,MANUTENÇÃO-2023
,AB-17102,,0.0,"Fornecer e executar manutenção na torre de iluminação telescópica, acionada por sistema eletrônico e controle remoto com fio; equipamento nativo do veículo importado.
  Problemas na extensão do pistão de elevação e recolhimento do equipamento.",False,False,False,False,,*****,CANCELADO NA NEO,MANUTENÇÃO-2023
,AB-17201,,26208.0,"1. Fornecer e substituir bucha de trava da cabine conforme especificação do fabricante;
 2. Fornecer e substituir pistão da cabine conforme especificação do fabricante;
 3. Fornecer e substituir junta da tampa de válvulas conforme especificação do fabricante;
 4. Fornecer e substituir fluido hidráulico da cabine conforme especificação do fabricante.",True,False,False,False,,SOMCAR,FINALIZADO NA NEO,MANUTENÇÃO-2023
,AB-17201,,,"1. Fornecer e substituir bucha de trava da cabine conforme especificação do fabricante;
 2. Fornecer e substituir pistão da cabine conforme especificação do fabricante;
 3. Fornecer e substituir junta da tampa de válvulas conforme especificação do fabricante;
 4. Fornecer e substituir fluido hidráulico da cabine conforme especificação do fabricante.",True,False,False,False,,,,veiculos_manutencao_freio
,ABE-04,,,CARGA NAS BATERIAS ,False,False,False,True,CORRETIVA,???,CONCLUÍDO, MANUTENÇÃO-2025
,ABS-17101,,840933.0,"1.     Fornecer e executar: reparação dos bicos injetores parte eletronica; 
2.     Fornecer e substituir seis (6) chicotes dos bicos inejtores;
3.     Fornecer e executar:  Limpeza chicote central.
",False,False,False,True,CORRETIVA,RP TRUCK,FINALIZADO NA NEO, MANUTENÇÃO-2025
,ABS-17101,,37322.0,"1.     Fornecer e substituir barras de direção conforme especificação do fabricante;
2.     Fornecer e substituir buchas das barras estabilizadoras conforme especificação do fabricante;
3.     Fornecer e substituir retentores dianteiro conforme especificação do fabricante;",False,False,False,False,CORRETIVA,BF DIESEL,FINALIZADO NA NEO, MANUTENÇÃO-2025
,ABS-17101,,3120.0,"1.     Executar serviço de  funilaria e pintura no teto;
2.     Fornecer e executar serviço de adesivagem conforme padrão estabelecido pelo Corpo de Bombeiros.",False,False,False,False,CORRETIVA,MAGNIFICAR,APROVADO NA NEO, MANUTENÇÃO-2025
,ABS-17101,,31200.0,"1.     Executar serviço de  funilaria e pintura no teto;
2.     Fornecer e executar serviço de adesivagem conforme padrão estabelecido pelo Corpo de Bombeiros.",False,False,False,False,CORRETIVA,MAGNIFICAR,APROVADO NA NEO,MANUTENÇÃO-2026
,ABS-17101,,,   Verificar caixa de transferência da bomba de incêndio.,False,False,False,False,CORRETIVA,,PENDENTE NA NEO,MANUTENÇÃO-2026
,ABS-17102,,0.0,"1. Serviço de LIMPEZA do sistema de injeção de combustível; 
2. SERVIÇO DE LIMPEZA da bomba, bicos injetores e limpeza no sistema em Geral.
",False,False,False,False,PREVENTIVA,*****,CANCELADO NA NEO, MANUTENÇÃO-2025
,ABS-17102,,0.0," Fornecer e substituir 02 cilindro pistão hidraulico do basculante da cabine (cabine dupla), conforme especificação do fabricante",False,False,False,False,PREVENTIVA,*****,CANCELADO NA NEO, MANUTENÇÃO-2025
,ABS-17102,,0.0,"1.        Fornecer e substituir 02 conjunto de lona de freio fd/59 conforme especificação do fabricante;
2.        Fornecer e substituir rebites 10x12;
3.        Fornecer e substituir 04 molas do patim de freio master grande 02 corpos conforme especificação do fabricante;
4.        Fornecer e substituir 08 molas do  patim de freio master pequena 130mm conforme especificação do fabricante;
5.        Fornecer e substituir 08 roletes do patim de freio 32mm master;
6.        Fornecer e substituir 08 travas do rolete master conforme especificação do fabricante;
7.     Executar passe no tambor dianteiro e traseiro lado E/D.",True,False,False,False,CORRETIVA,*****,CANCELADO NA NEO, MANUTENÇÃO-2025
,ABS-17102,,,"1.        Fornecer e substituir 02 conjunto de lona de freio fd/59 conforme especificação do fabricante;
2.        Fornecer e substituir rebites 10x12;
3.        Fornecer e substituir 04 molas do patim de freio master grande 02 corpos conforme especificação do fabricante;
4.        Fornecer e substituir 08 molas do  patim de freio master pequena 130mm conforme especificação do fabricante;
5.        Fornecer e substituir 08 roletes do patim de freio 32mm master;
6.        Fornecer e substituir 08 travas do rolete master conforme especificação do fabricante;
7.        Fornecer e substituir tambor dianteiro e traseiro lado E/D.",True,False,False,False,CORRETIVA,,FINALIZADO NA NEO, MANUTENÇÃO-2025
,ABS-17102,,,"1.        Fornecer e substituir 02 conjunto de lona de freio fd/59 conforme especificação do fabricante;
2.        Fornecer e substituir rebites 10x12;
3.        Fornecer e substituir 04 molas do patim de freio master grande 02 corpos conforme especificação do fabricante;
4.        Fornecer e substituir 08 molas do  patim de freio master pequena 130mm conforme especificação do fabricante;
5.        Fornecer e substituir 08 roletes do patim de freio 32mm master;
6.        Fornecer e substituir 08 travas do rolete master conforme especificação do fabricante;
7.     Executar passe no tambor dianteiro e traseiro lado E/D.",True,False,False,False,,,,veiculos_manutencao_freio
,ABS-17102,,,"1.        Fornecer e substituir 02 conjunto de lona de freio fd/59 conforme especificação do fabricante;
2.        Fornecer e substituir rebites 10x12;
3.        Fornecer e substituir 04 molas do patim de freio master grande 02 corpos conforme especificação do fabricante;
4.        Fornecer e substituir 08 molas do  patim de freio master pequena 130mm conforme especificação do fabricante;
5.        Fornecer e substituir 08 roletes do patim de freio 32mm master;
6.        Fornecer e substituir 08 travas do rolete master conforme especificação do fabricante;
7.        Fornecer e substituir tambor dianteiro e traseiro lado E/D.",True,False,False,False,,,,veiculos_manutencao_freio
,ABS-17103,,,"1.        Fornecer e substituir kit de embreagem (platô e disco) conforme especificação do fabricante;
2.        Fornecer e substituir atuador de embreagem do cambio conforme especificação do fabricante;
3.        Fornecer e substituir retentor do volante de motor conforme especificação do fabricante;
4.        Retificar volante de motor;
5.     Fornecer e substituir fluído DOT4.
6.     Obs: Contemplar ""Guincho"" para transporte da viatura até a oficina, pois ela encontra-se na Rua Olegário Paiva, 33, Centro, Mogi das Cruzes- SP (Corpo de Bombeiros).",True,False,False,False,,,PENDENTE NA NEO,MANUTENÇÃO-2023
,ABS-17103,,0.0,"1. Serviço de LIMPEZA do sistema de injeção de combustível; 
2. SERVIÇO DE LIMPEZA da bomba, bicos injetores e limpeza no sistema em Geral.
",False,False,False,False,PREVENTIVA,*****,CANCELADO NA NEO, MANUTENÇÃO-2025
,ABS-17103,,0.0,Desmontagem da bomba de incêndio para diagnóstico;,False,False,False,False,CORRETIVA,*****,CANCELADO NA NEO, MANUTENÇÃO-2025
,ABS-17103,,0.0,*****,False,False,False,False,PREVENTIVA,*****,CANCELADO NA NEO, MANUTENÇÃO-2025
,ABS-17103,,631598.0,"1.     Fornecer e substituir, 02 (QUATRO) PNEUS DE PRIMEIRA LINHA,podendo ser das seguintes MARCAS: BRIDGESTONE, ANTEO, PIRELLI, GOODYEAR, CONTINENTAL, DUNLOP-275/80R22.5;
2.     Fornecer e substituir, 02 (QUATRO) BICOS DE AR
3.     Fornecer e executar, ALINHAMENTO E BALANCEAMENTO.",False,True,False,False,PREVENTIVA,APICE MOGI,FINALIZADO NA NEO, MANUTENÇÃO-2025
,ABS-17103,,,REPARO DO CONECTOR DA LÂMPADA DO FAROL LD,False,False,False,True,CORRETIVA,???,CONCLUÍDO, MANUTENÇÃO-2025
,ABS-17103,,,TROCA DA MANGUEIRA DE COMBUSTIVEL ,False,False,False,False,CORRETIVA,VANDERLEI/SERGIO,CONCLUÍDO, MANUTENÇÃO-2025
,ABS-17103,,422228.0,Fornecer e substituir para-choque (cor preta) dianteiro.,False,False,False,False,CORRETIVA,BF DIESEL,FINALIZADO NA NEO, MANUTENÇÃO-2025
,ABS-17103,,,"1.        Fornecer e substituir kit de embreagem (platô e disco) conforme especificação do fabricante;
2.        Fornecer e substituir atuador de embreagem do cambio conforme especificação do fabricante;
3.        Fornecer e substituir retentor do volante de motor conforme especificação do fabricante;
4.        Retificar volante de motor;
5.     Fornecer e substituir fluído DOT4.
6.     Obs: Contemplar ""Guincho"" para transporte da viatura até a oficina, pois ela encontra-se na Rua Olegário Paiva, 33, Centro, Mogi das Cruzes- SP (Corpo de Bombeiros).",True,False,False,False,,,,veiculos_manutencao_freio
,ABS-17105,,0.0,"1. Serviço de LIMPEZA do sistema de injeção de combustível; 
2. SERVIÇO DE LIMPEZA da bomba, bicos injetores e limpeza no sistema em Geral.
",False,False,False,False,PREVENTIVA,*****,CANCELADO NA NEO, MANUTENÇÃO-2025
,ABS-17105,,0.0,"Fornecer e substituir 02 cilindro pistão hidraulico do basculante da cabine (cabine dupla), conforme especificação do fabricante",False,False,False,False,PREVENTIVA,*****,CANCELADO NA NEO, MANUTENÇÃO-2025
,ABS-17105,,0.0,"1.     Executar serviço de  funilaria e pintura no teto;
2.     Fornecer e executar serviço de adesivagem conforme padrão estabelecido pelo Corpo de Bombeiros.
",False,False,False,False,CORRETIVA,*****,CANCELADO NA NEO, MANUTENÇÃO-2025
,ABS-17105,,72799.0,"1.     Executar serviço de  funilaria e pintura no teto;
2.     Fornecer e executar serviço de adesivagem conforme padrão estabelecido pelo Corpo de Bombeiros.",False,False,False,False,CORRETIVA,BCAR,CANCELADO NA NEO, MANUTENÇÃO-2025
,ABS-17105,,70236.0,"1.     Fornecer e executar: LAVAGEM E LUBRIFICAÇÃO GERAL;
2.     Fornecer e executar:  ENGRAXAMENTO DAS MANGAS DE EIXO E CARDAN.",False,False,False,False,PREVENTIVA,BF DIESEL,FINALIZADO NA NEO, MANUTENÇÃO-2025
,ABS-17106,,,"1. Fornecer e substituir 02 (duas) espigão 1/2 x 6"" c. baixa G.5;
 2. Fornecer e substituir 02 (duas) porcas 1/2 sext. simples UNC;
 3. Fornecer e substituir 04 (quatro) pinos da mola dianteira F-Cargo / VW (curto);
 4. Fornecer e substituir 02 (dois) pinos da mola dianteira F-Cargo / VW (longo).
 5. Fornecer e substituir 01 (uma) graxeira 3/8 reta;
 6. Fornecer e substituir 04 (quatro) buchas bronze da mola dianteira F-Cargo / VW;
 7. Fornecer e substituir 01 (uma) barra de direção curta F-Cargo / VW TEC;
 8. Fornecer e executar alinhamento e balanceamento dos pneus e suspensão dianteira.",False,True,False,False,,*****,CANCELADA NA NEO,MANUTENÇÃO-2023
,ABS-17106,,0.0,"1. Serviço de LIMPEZA do sistema de injeção de combustível; 
2. SERVIÇO DE LIMPEZA da bomba, bicos injetores e limpeza no sistema em Geral.
",False,False,False,False,PREVENTIVA,*****,CANCELADO NA NEO, MANUTENÇÃO-2025
,ABS-17106,,0.0," Fornecer e substituir 02 cilindro pistão hidraulico do basculante da cabine (cabine dupla), conforme especificação do fabricante",False,False,False,False,PREVENTIVA,*****,CANCELADO NA NEO, MANUTENÇÃO-2025
,ABS-17106,,109228.0,"1.     Fornecer e executar: LAVAGEM E LUBRIFICAÇÃO GERAL;
2.     Fornecer e executar:  ENGRAXAMENTO DAS MANGAS DE EIXO E CARDAN.",False,False,False,False,PREVENTIVA,BF DIESEL,FINALIZADO NA NEO, MANUTENÇÃO-2025
,ABS-17106,,,"1.	Fornecer e substituir óleo motor conforme especificação do veículo;
2.	Fornecer e substituir filtro de óleo do motor conforme especificação do veículo;
3.	Fornecer e substituir filtro RACOR conforme especificação do veículo;
4.	Fornecer e substituir filtro de combustível conforme especificação do veículo;
5.	Fornecer e substituir filtro de ar conforme especificação do veículo;
6.	Fornecer e substituir filtro do habitáculo especificação do veículo.",False,False,True,False,PREVENTIVA,,PENDENTE NA NEO,MANUTENÇÃO-2026
,ABS-17201,,0.0,"1. Serviço de LIMPEZA do sistema de injeção de combustível; 
2. SERVIÇO DE LIMPEZA da bomba, bicos injetores e limpeza no sistema em Geral.
",False,False,False,False,PREVENTIVA,*****,CANCELADO NA NEO, MANUTENÇÃO-2025
,ABS-17201,,0.0,"1.     Fornecer e substituir, 02 (DOIS) PNEUS DE PRIMEIRA LINHA, MARCA PIRELLI-275/80R22.5;
2.     Fornecer e substituir, 02 BICOS DE AR
3.     Fornecer e executar, ALINHAMENTO E BALANCEAMENTO.",False,True,False,False,PREVENTIVA,*****,CANCELADO NA NEO, MANUTENÇÃO-2025
,ABS-17201,,89072.0,  Fornecer e executar serviço de alinhamento e balanceamento.,False,True,False,False,PREVENTIVA,RP TRUCK,FINALIZADO NA NEO, MANUTENÇÃO-2025
,ABS-17201,,0.0," Fornecer e substituir 02 cilindro pistão hidraulico do basculante da cabine (cabine dupla), conforme especificação do fabricante",False,False,False,False,PREVENTIVA,*****,CANCELADO NA NEO, MANUTENÇÃO-2025
,ABS-17201,,323469.0,"1.	Fornecer e substituir o óleo do motor conforme especificação do fabricante;
2.	Fornecer e substituir o filtro de óleo do motor conforme especificação do fabricante;
3.	Fornecer e substituir o filtro de combustível conforme especificação do fabricante;
4.	Fornecer e substituir o filtro de ar do motor conforme especificação do fabricante;
5.	Fornecer e substituir o filtro de ar da cabine (habitáculo) conforme especificação do fabricante.
6;     Fornecer e substituir o filtro Racor.
7.     Fornecer e substituir o óleo da caixa de transferência (bomba de incêndio).
",False,False,True,False,PREVENTIVA,REIS DO OLEO,FINALIZADO NA NEO, MANUTENÇÃO-2025
,ABS-17201,,0.0,"1.     Fornecer e executar: LAVAGEM E LUBRIFICAÇÃO GERAL;
2.     Fornecer e executar:  ENGRAXAMENTO DAS MANGAS DE EIXO E CARDAN.",False,False,False,False,PREVENTIVA,*****,CANCELADO NA NEO, MANUTENÇÃO-2025
,ABS-17201,,107271.0,"1.     Fornecer e executar: LAVAGEM E LUBRIFICAÇÃO GERAL;
2.     Fornecer e executar:  ENGRAXAMENTO DAS MANGAS DE EIXO E CARDAN.",False,False,False,False,PREVENTIVA,BF DIESEL,CANCELADO NA NEO, MANUTENÇÃO-2025
,ABS-17201,,0.0," Executar e fornecer diagnostico, teste de funcionamento mecanico e de estanqueidade dos sistema de ar condicionado.",False,False,False,False,CORRETIVA,*****,CANCELADO NA NEO,MANUTENÇÃO-2026
,ABS-17201,,,"1.      Fornecer e substituir o óleo do motor conforme especificação do fabricante;
2.      Fornecer e substituir o filtro de óleo do motor conforme especificação do fabricante;
3.      Fornecer e substituir o filtro de combustível conforme especificação do fabricante;
4.      Fornecer e substituir o filtro de ar do motor conforme especificação do fabricante;
5.      Fornecer e substituir o filtro de ar da cabine (habitáculo) conforme especificação do fabricante.
6.      Fornecer e substituir o filtro Racor.
7.      Fornecer e substituir o óleo da caixa de transferência (bomba de incêndio).
",False,False,True,False,PREVENTIVA,,PENDENTE NA NEO,MANUTENÇÃO-2026
,ABS-17202,,9395.0,"1. Fornecer e substituir 4 pneus traseiro 275/80R22,5;
 2. Fornecer e substituir 4 válvulas para pneu (bicos);
 3. Fornecer e executar balanceamento dos pneus traseiro.",False,True,False,False,,INJETRONIC,FINALIZADA NA NEO,MANUTENÇÃO-2023
,ABS-17202,,1550.0,"1. Fornecer e substituir sistema de freio dianteiro (lonas), conforme especificação do fabricante;
 2. Fornecer e substituir sistema de freio traseiro (lonas), conforme especificação do fabricante.",True,False,False,False,,INJETRONIC,FINALIZADO NA NEO,MANUTENÇÃO-2023
,ABS-17202,,6360.0,"1. Fornecer e substituir kit de embreagem (platô e disco) conforme especificação do fabricante;
 2. Fornecer e substituir atuador de embreagem do cambio conforme especificação do fabricante;
 3. Fornecer e substituir retentor do volante de motor conforme especificação do fabricante;
 4. Retificar volante de motor;
 5. Fornecer e substituir fluído DOT4.",True,False,False,False,,INJETRONIC,FINALIZADA NA NEO,MANUTENÇÃO-2023
,ABS-17202,,0.0,"1. Serviço de LIMPEZA do sistema de injeção de combustível; 
2. SERVIÇO DE LIMPEZA da bomba, bicos injetores e limpeza no sistema em Geral.
",False,False,False,False,PREVENTIVA,*****,CANCELADO NA NEO, MANUTENÇÃO-2025
,ABS-17202,,0.0," Fornecer e substituir 02 cilindro pistão hidraulico do basculante da cabine (cabine dupla), conforme especificação do fabricante",False,False,False,False,PREVENTIVA,*****,FINALIZADO NA NEO, MANUTENÇÃO-2025
,ABS-17202,,175467.0,"1.	Fornecer e substituir, Tampa do filtro Arla, conforme especificação do fabricante;
2.     Fornecer e substituir, Tampa do tanque Arla. conforme especificação do fabricante;
3.     Fornecer e substituir, Filtro do Arla, conforme especificação do fabricante.
4.     Fotos da peça estão em anexo.",False,False,True,False,CORRETIVA,MULTI SERVICE,FINALIZADO NA NEO, MANUTENÇÃO-2025
,ABS-17202,,171433.0,"1.	Fornecer e substituir o óleo do motor conforme especificação do fabricante;
2.	Fornecer e substituir o filtro de óleo do motor conforme especificação do fabricante;
3.	Fornecer e substituir o filtro de combustível conforme especificação do fabricante;
4.	Fornecer e substituir o filtro de ar da cabine (habitáculo) conforme especificação do fabricante;
5.     Fornecer e substituir o filtro de ar do motor conforme especificação do fabricante;
6.     Fornecer e substituir o filtro Racor conforme especificação do fabricante.
",False,False,True,False,PREVENTIVA,AUTO CENTER BASSI,FINALIZADO NA NEO, MANUTENÇÃO-2025
,ABS-17202,,279049.0,"1.	Fornecer e substituir, RESERVATÓRIO DE ÁGUA DO ARREFECIMENTO;
2.	Fornecer, SERVIÇO DE LIMPEZA E SUBSTITUIÇÃO DO LIQUIDO DE ARREFECIMENTO.",False,False,False,False,CORRETIVA,J KAR,FINALIZADO NA NEO, MANUTENÇÃO-2025
,ABS-17202,,70236.0,"1.     Fornecer e executar: LAVAGEM E LUBRIFICAÇÃO GERAL;
2.     Fornecer e executar:  ENGRAXAMENTO DAS MANGAS DE EIXO E CARDAN.",False,False,False,False,PREVENTIVA,BF DIESEL,FINALIZADO NA NEO, MANUTENÇÃO-2025
,ABS-17202,,214556.0,Fornecer e substituir DUAS (02) bateria automotiva de 100Ah para veículo a diesel conforme especificação do fabricante;,False,False,False,True,PREVENTIVA,BF DIESEL,FINALIZADO NA NEO, MANUTENÇÃO-2025
,ABS-17202,,,"1. Fornecer e substituir sistema de freio dianteiro (lonas), conforme especificação do fabricante;
 2. Fornecer e substituir sistema de freio traseiro (lonas), conforme especificação do fabricante.",True,False,False,False,,,,veiculos_manutencao_freio
,ABS-17202,,,"1. Fornecer e substituir kit de embreagem (platô e disco) conforme especificação do fabricante;
 2. Fornecer e substituir atuador de embreagem do cambio conforme especificação do fabricante;
 3. Fornecer e substituir retentor do volante de motor conforme especificação do fabricante;
 4. Retificar volante de motor;
 5. Fornecer e substituir fluído DOT4.",True,False,False,False,,,,veiculos_manutencao_freio
,ABS-17203,,70236.0,"1.     Fornecer e executar: LAVAGEM E LUBRIFICAÇÃO GERAL;
2.     Fornecer e executar:  ENGRAXAMENTO DAS MANGAS DE EIXO E CARDAN.
",False,False,False,False,PREVENTIVA,BF DIESEL,FINALIZADO NA NEO, MANUTENÇÃO-2025
,ABS-17203,,347893.0,"1.     Fornecer e substituir, 02 JOGOS DE LONAS DE FREIOS FD/87 E FD/88;
2.     Fornecer e substituir, REBITES FERRO TUBULAR 10X12 CARRETAS;
3.     Fornecer e substituir, 04 MOLAS PATIM DE FREIO MASTER GRANDE 2 CORPOS;
4.     Fornecer e substituir, 08 MOLAS PATIM FREIO MASTER PEQUENA 130MM;
5.     Fornecer e substituir, 04 ROLETES PATIM DE FREIO 32MM MASTER;
6.     Fornecer e substituir, 04 TRAVAS DE ROLETE MASTER.",True,False,False,False,CORRETIVA,J KAR,FINALIZADO NA NEO, MANUTENÇÃO-2025
,ABS-17203,,,"1.     Fornecer e substituir, 02 JOGOS DE LONAS DE FREIOS FD/87 E FD/88;
2.     Fornecer e substituir, REBITES FERRO TUBULAR 10X12 CARRETAS;
3.     Fornecer e substituir, 04 MOLAS PATIM DE FREIO MASTER GRANDE 2 CORPOS;
4.     Fornecer e substituir, 08 MOLAS PATIM FREIO MASTER PEQUENA 130MM;
5.     Fornecer e substituir, 04 ROLETES PATIM DE FREIO 32MM MASTER;
6.     Fornecer e substituir, 04 TRAVAS DE ROLETE MASTER.",True,False,False,False,,,,veiculos_manutencao_freio
,ABS-17204,,0.0,"1. Serviço de LIMPEZA do sistema de injeção de combustível; 
2. SERVIÇO DE LIMPEZA da bomba, bicos injetores e limpeza no sistema em Geral.
",False,False,False,False,PREVENTIVA,*****,CANCELADO NA NEO, MANUTENÇÃO-2025
,ABS-17204,,0.0," Fornecer e substituir 02 cilindro pistão hidraulico do basculante da cabine (cabine dupla), conforme especificação do fabricante",False,False,False,False,PREVENTIVA,*****,CANCELADO NA NEO, MANUTENÇÃO-2025
,ABS-17204,,0.0,"REMOCAO E INSTALACAO DA BOMBA DE COMBATE A INCENDIO DO CHASSI; DESMONTAGEM E MONTAGEM DA BOMBA DE COMBATE A INCÊNDIO, PARA TROCA DO SELO MECÂNICO; OLEO 90 LITRO",False,False,True,False,CORRETIVA,*****,CANCELADO NA NEO, MANUTENÇÃO-2025
,ABS-17204,,49332.0,Desmontagem da bomba de incêndio para diagnóstico,False,False,False,False,CORRETIVA,VG ELETRO DIESEL,FINALIZADO NA NEO, MANUTENÇÃO-2025
,ABS-17204,,0.0,DESMONTAGEM E MONTAGEM DA TUBULAÇÃO DE ADMISSÃO DA BOMBA DE COMBATE A INCÊNDIO PARA REPARO POR SOLDA MIG; CONSERTO DE PONTO DE VAZAMENTO NO TANQUE D'AGUA POR SOLDAGEM; RECUPERAR BASE DOS ROLAMENTOS DO EIXO DA BOMBA; JOGO DE ROLAMENTO DA TOMADA DE FORÇA; JG RETENTOR BOMBA INCENDIO; JOGO DE JUNTA DA BOMBA DE INCENDIO; RETIFICAR/FREZAR ENGRENAGENS; VALVULA PNEUMATICO BOMBA DE INCENDIO.,False,True,False,False,CORRETIVA,*****,CANCELADO NA NEO, MANUTENÇÃO-2025
,ABS-17204,,0.0,"1.	Fornecer serviço de guincho;
2.	 O veículo deverá se retirado na Oficina  VG ELETRO DIESEL, situada na Rodovia Fernão Dias, Km 84-Vila Nova Galvão, São Paulo e 
deixado no Posto de Bombeiro Shangai; localizado na Rua Olegário Paiva, 33- Centro- Município de Mogi das Cruzes.",False,False,False,False,CORRETIVA,*****,CANCELADO NA NEO, MANUTENÇÃO-2025
,ABS-17204,,962645.0,"1)        Serviço de desmontagem e montagem da voluta da bomba de combate a incêndio para troca do selo mecânico,  
2)        Troca das vedações do cilindro de engate da bomba 
3)        Remoção e reinstalação da tubulação da linha de expedição. 
4)        Serviço de recuperação por solda na tubulação da linha de expedição. ",False,False,False,False,CORRETIVA,EVR,FINALIZADO NA NEO, MANUTENÇÃO-2025
,ABS-17204,,172755.0,"1.        Fornecer e substituir o óleo do motor conforme especificação do fabricante;
2.        Fornecer e substituir o filtro de óleo do motor conforme especificação do fabricante;
3.        Fornecer e substituir o filtro de combustível conforme especificação do fabricante;
4.        Fornecer e substituir o filtro de ar da cabine (habitáculo) conforme especificação do fabricante;
5.     Fornecer e substituir o filtro de ar do motor conforme especificação do fabricante;
6.     Fornecer e substituir o filtro Racor conforme especificação do fabricante.",False,False,True,False,PREVENTIVA,BF DIESEL,FINALIZADO NA NEO, MANUTENÇÃO-2025
,ABS-17204,,70236.0,"1.     Fornecer e executar: LAVAGEM E LUBRIFICAÇÃO GERAL;
2.     Fornecer e executar:  ENGRAXAMENTO DAS MANGAS DE EIXO E CARDAN.",False,False,False,False,PREVENTIVA,BF DIESEL,FINALIZADO NA NEO, MANUTENÇÃO-2025
,ABS-17204,,,"1.      Fornecer e substituir junta do cabeçote conforme especificação do fabricante;
2.       Fornecer e substituir junta do coletor e admissão conforme especificação do fabricante;
3.      Fornecer e substituir junta do coletor do escape conforme especificação do fabricante;
4.      Fornecer e substituir junta da tampa de válvula conforme especificação do fabricante;
5.      Fornecer e substituir válvula termostática conforme especificação do fabricante.
6.      Fornecer e substituir junta da carcaça da válvula conforme especificação do fabricante;
7.      Fornecer e substituir óleo e filtros do motor conforme especificação do fabricante;
8.      Executar limpeza do sistema de arrefecimento;
9.      Fornecer e substituir líquido de arrefecimento conforme especificação do fabricante;
10.    Executar teste de cabeçote.
11.    FORNECER SERVIÇO DE GUINCHO PARA TRANSPORTE DO VEÍCULO ATÉ  A OFICINA.",False,False,True,False,CORRETIVA,,PENDENTE NA NEO,MANUTENÇÃO-2026
,ABS-17205,,0.0,"1. Serviço de LIMPEZA do sistema de injeção de combustível; 
2. SERVIÇO DE LIMPEZA da bomba, bicos injetores e limpeza no sistema em Geral.
",False,False,False,False,PREVENTIVA,*****,CANCELADO NA NEO, MANUTENÇÃO-2025
,ABS-17205,,317194.0,"1.     Fornecer e substituir, 02 JOGOS DE LONAS DE FREIOS FD/87 E FD/88;
2.     Fornecer e substituir, REBITES FERRO TUBULAR 10X12 CARRETAS;
3.     Fornecer e substituir, 04 MOLAS PATIM DE FREIO MASTER GRANDE 2 CORPOS;
4.     Fornecer e substituir, 08 MOLAS PATIM FREIO MASTER PEQUENA 130MM;
5.     Fornecer e substituir, 04 ROLETES PATIM DE FREIO 32MM MASTER;
6.     Fornecer e substituir, 04 TRAVAS DE ROLETE MASTER.",True,False,False,False,PREVENTIVA,CURIÓ,FINALIZADO NA NEO, MANUTENÇÃO-2025
,ABS-17205,,282085.0,"1.        Fornecer e substituir o óleo do motor conforme especificação do fabricante;
2.        Fornecer e substituir o filtro de óleo do motor conforme especificação do fabricante;
3.        Fornecer e substituir o filtro de combustível conforme especificação do fabricante;
4.        Fornecer e substituir o filtro de ar do motor conforme especificação do fabricante;
5.        Fornecer e substituir o filtro de ar da cabine (habitáculo) conforme especificação do fabricante.
6;     Fornecer e substituir o filtro Racor.
7.     Fornecer e substituir o óleo da caixa de transferência (bomba de incêndio).",False,False,True,False,PREVENTIVA,BF DIESEL,FINALIZADO NA NEO, MANUTENÇÃO-2025
,ABS-17205,,0.0," Fornecer e substituir 02 cilindro pistão hidraulico do basculante da cabine (cabine dupla), conforme especificação do fabricante",False,False,False,False,PREVENTIVA,*****,CANCELADO NA NEO, MANUTENÇÃO-2025
,ABS-17205,,0.0,"1.     Fornecer e substituir, 04 (QUATRO) PNEUS DE PRIMEIRA LINHA, MARCA BRIDGESTONE -275/80R22.5;
2.     Fornecer e substituir, 04 (QUATRO) BICOS DE AR
3.     Fornecer e executar, ALINHAMENTO E BALANCEAMENTO.",False,True,False,False,PREVENTIVA,*****,CANCELADO NA NEO, MANUTENÇÃO-2025
,ABS-17205,,0.0,Fornecer e substituir 2 baterias automotiva de 150Ah para veículo a diesel conforme especificação do fabricante;,False,False,False,True,PREVENTIVA,*****,CANCELADO NA NEO, MANUTENÇÃO-2025
,ABS-17205,,49677.0,"Fornecer e executar, ALINHAMENTO E BALANCEAMENTO.",False,True,False,False,PREVENTIVA,J KAR,FINALIZADO NA NEO, MANUTENÇÃO-2025
,ABS-17205,,546143.0,"1.     Fornecer e executar, EMBUCHAMENTO DA MANGA DE EIXO AMBOS OS LADOS;
2.     Fornecer e executar serviço de CAMBAGEM",False,False,False,False,CORRETIVA,RP TRUCK,FINALIZADO NA NEO, MANUTENÇÃO-2025
,ABS-17205,,82228.0,"1.     Fornecer e executar: LAVAGEM E LUBRIFICAÇÃO GERAL;
2.     Fornecer e executar:  ENGRAXAMENTO DAS MANGAS DE EIXO E CARDAN.
",False,False,False,False,PREVENTIVA,BF DIESEL,FINALIZADO NA NEO, MANUTENÇÃO-2025
,ABS-17205,,111668.0,"1.     Fornecer serviço revisão de ar condicionado;        
2.     Fornecer e substituir gás do ar condicionado ;
",False,False,False,False,PREVENTIVA,J KAR,FINALIZADO NA NEO, MANUTENÇÃO-2025
,ABS-17205,,,"1.     Fornecer e substituir, 02 JOGOS DE LONAS DE FREIOS FD/87 E FD/88;
2.     Fornecer e substituir, REBITES FERRO TUBULAR 10X12 CARRETAS;
3.     Fornecer e substituir, 04 MOLAS PATIM DE FREIO MASTER GRANDE 2 CORPOS;
4.     Fornecer e substituir, 08 MOLAS PATIM FREIO MASTER PEQUENA 130MM;
5.     Fornecer e substituir, 04 ROLETES PATIM DE FREIO 32MM MASTER;
6.     Fornecer e substituir, 04 TRAVAS DE ROLETE MASTER.",True,False,False,False,,,,veiculos_manutencao_freio
,AC-17001,,,"1.        Fornecer e substituir, PASTILHA DE FREIOS "" DIANTEIROS "", MARCA JURID conforme especificação do fabricante;
2.     Fornecer e substituir, LONAS DE FREIO ""TRASEIRO"", conforme especificação do fabricante;
3.     Fornecer e substituir, AJUSTE E REGULAGEM DO FREIO ESTACIONÁRIO;
2.        Fornecer e substituir, FLUÍDO DE FREIO, conforme especificação do fabricante.",True,False,False,False,,,PENDENTE NA NEO,MANUTENÇÃO-2023
,AC-17001,,0.0,"1.        Fornecer e substituir, AMORTECEDORES DIANTEIROS;
2.        Fornecer e substituir, KIT DOS AMORTECEDORES DIANTEIROS;
3.        Fornecer e executar, ALINHAMENTO E BALANCEAMENTO;
4.        Fornecer e substituir, PASTILHAS DE FREIOS "" DIANTEIRAS "", MARCA JURID conforme especificação do fabricante;
5.        Fornecer e substituir, DISCOS DO FREIOS “DIANTEIROS”, conforme especificação do fabricante;
6.        Fornecer e substituir, FLUÍDO DE FREIO, conforme especificação do fabricante.
7.        Fornecer, AJUSTE E REGULAGEM DO FREIO ESTACIONÁRIO;
",True,True,False,False,CORRETIVA,*****,CANCELADO NA NEO, MANUTENÇÃO-2025
,AC-17001,,0.0,"1.     Fornecer e executar a troca da placa mecatrônica câmbio automático e corpo de válvulas;
2.     Fornecer e executar a troca do Óleo da  transmisssão.",False,False,True,False,CORRETIVA,*****,CANCELADO NA NEO, MANUTENÇÃO-2025
,AC-17001,,,"1.        Fornecer e substituir miolo do diferencial traseiro (porquinho) conforme especificação do fabricante;
2.        Fornecer e substituir ponta de eixo traseira le conforme especificação do fabricante;
3.        Fornecer silicone cinza wurth;
4.        Fornecer e substituir oleo diferencial traseiro lt conforme especificação do fabricante;
5.     Fornecer serviço de guincho para transporte até a oficina.
",False,False,True,False,CORRETIVA,,FINALIZADO NA NEO, MANUTENÇÃO-2025
,AC-17001,,,"1.        Fornecer e substituir, AMORTECEDORES DIANTEIROS;
2.        Fornecer e substituir, KIT DOS AMORTECEDORES DIANTEIROS;
3.        Fornecer e executar, ALINHAMENTO E BALANCEAMENTO;
4.        Fornecer e substituir, PASTILHAS DE FREIOS "" DIANTEIRAS "", MARCA JURID conforme especificação do fabricante;
5.        Fornecer e substituir, DISCOS DO FREIOS “DIANTEIROS”, conforme especificação do fabricante;
6.        Fornecer e substituir, FLUÍDO DE FREIO, conforme especificação do fabricante.
7.        Fornecer, AJUSTE E REGULAGEM DO FREIO ESTACIONÁRIO;
",True,True,False,False,,,,veiculos_manutencao_freio
,AC-17001,,,"1.        Fornecer e substituir, PASTILHA DE FREIOS "" DIANTEIROS "", MARCA JURID conforme especificação do fabricante;
2.     Fornecer e substituir, LONAS DE FREIO ""TRASEIRO"", conforme especificação do fabricante;
3.     Fornecer e substituir, AJUSTE E REGULAGEM DO FREIO ESTACIONÁRIO;
2.        Fornecer e substituir, FLUÍDO DE FREIO, conforme especificação do fabricante.",True,False,False,False,,,,veiculos_manutencao_freio
,AC-17002,,0.0,*****,False,False,False,False,PREVENTIVA,*****,CANCELADO NA NEO, MANUTENÇÃO-2025
,AC-17002,,0.0,"1.     Executar manutenção no modulo;
2.     Executar manutenção circuito de animação grade frontal;
3.     Executar reiteração dos leds traseiros paralama.",False,False,False,False,CORRETIVA,*****,CANCELADO NA NEO, MANUTENÇÃO-2025
,AC-17002,,545636.0,"1.     Fornecer e substituir, 04 (QUATRO) PNEUS DE PRIMEIRA LINHA,podendo ser das seguintes MARCAS: BRIDGESTONE, ANTEO, PIRELLI, GOODYEAR, CONTINENTAL, DUNLOP, MICHELIN-265/70R16;
2.     Fornecer e substituir, 04 (QUATRO) BICOS DE AR
3.     Fornecer e executar, ALINHAMENTO E BALANCEAMENTO.",False,True,False,False,CORRETIVA,PNEU CERTO,FINALIZADO NA NEO, MANUTENÇÃO-2025
,AS-17101,243723.0,,REPARO NO GUINCHO DE ARRASTE,False,False,False,False,,,O.S. ENCERRADA,CONTROLE  MAN. 181920
,AS-17101,,,Reparar vazamento em radiador do sistema do arrefecimento.,False,False,False,False,,*****,CANCELADA NA NEO,MANUTENÇÃO-2023
,AS-17101,,4947.0,"1.        Fornecer e substituir 03 pneus, sendo 2 (dois) dianteiros, e 01 (um) para estepe), medidas 7,50-16 - 116/114 de primeira linha, marca Pirelli  Anteo-52 116/114 L Nylon, 02 válvulas simples, e câmaras e protetores;
2.        Fornecer e executar alinhamento e balanceamento.",False,True,False,False,,APC COMÉRCIO DE PNEUS,FINALIZADO NA NEO,MANUTENÇÃO-2023
,AS-17101,,,"1.	Fornecer e substituir 04 pneus, traseiros, medidas 7,50-16 - 116/114 de primeira linha, Marca Pirelli  Anteo-59 Nylon, 04 válvulas simples, 02 prolongadores, e câmaras e protetores;
2.	Fornecer e executar alinhamento e balanceamento.",False,True,False,False,,,PENDENTE NA NEO,MANUTENÇÃO-2023
,AS-17101,,,"1.	Fornecer e substituir barra curta e barra longa parte dianteira;
2.     Fornecer e substituir 02 (dois) pivôs superiores, e 02 (dois) pivôs inferiores;
3.     Fornecer e substituir pastilhas de freios dianteira, primeira linha, conforme especificação do fabricante;
5.	Fornecer e substituir fluído de freio, conforme especificação do fabricante;
7.	Fornecer e executar alinhamento, balanceamento.
",True,True,False,False,,,PENDENTE NA NEO,MANUTENÇÃO-2023
,AS-17101,,,"1.	Fornecer e substituir barra curta e barra longa parte dianteira;
2.     Fornecer e substituir 02 (dois) pivôs superiores, e 02 (dois) pivôs inferiores;
3.     Fornecer e substituir pastilhas de freios dianteira, primeira linha, conforme especificação do fabricante;
5.	Fornecer e substituir fluído de freio, conforme especificação do fabricante;
7.	Fornecer e executar alinhamento, balanceamento.
",True,True,False,False,,,,veiculos_manutencao_freio
,AS-17201,,,"1.	Fornecer e substituir pastilhas de freios dianteira conforme especificação do fabricante;
2.	Fornecer e substituir lonas de freio traseiro conforme especificação do fabricante;
3.	Fornecer e substituir retentores do sistema de freio conforme especificação do fabricante;
4.	Fornecer e substituir fluído de freio conforme especificação do fabricante;
5.	Fornecer e substituir 02 cilindros de freio conforme especificação do fabricante.",True,False,False,False,,,PENDENTE NA NEO,MANUTENÇÃO-2023
,AS-17201,,90278.0,"Fornecer e substituir, Bateria 70Ah , conforme especificação do fabricante;",False,False,False,True,PREVENTIVA,BF DIESEL,FINALIZADO NA NEO, MANUTENÇÃO-2025
,AS-17201,,,"1.	Fornecer e substituir pastilhas de freios dianteira conforme especificação do fabricante;
2.	Fornecer e substituir lonas de freio traseiro conforme especificação do fabricante;
3.	Fornecer e substituir retentores do sistema de freio conforme especificação do fabricante;
4.	Fornecer e substituir fluído de freio conforme especificação do fabricante;
5.	Fornecer e substituir 02 cilindros de freio conforme especificação do fabricante.",True,False,False,False,,,,veiculos_manutencao_freio
,ASE-17101,,0.0,"1.  SERVIÇOS A SEREM EXECUTADOS:
Executar:
- Retifica completa de motor conforme NBR 13032/09 e NBR 15831/10;
- Desmontagem, montagem, limpeza e instalação do motor na viatura;
- Pintura do motor;
- Retifica do radiador de óleo do motor;
- Retifica do compressor de ar;
- Recondicionar bomba injetora;
- Teste de rodagem, realizado por técnico do Corpo de Bombeiros e acompanhado por representante técnico da empresa ganhadora do certame.
Fornecer e substituir:
- 01 (um) kit de juntas do motor;
- 01 (uma) válvula de pressão de óleo motor;
- 01 (um) volante do motor;
- 03 (três) cabeçotes completos (novos);
- 01 (um) kit de bronzinas de mancal (Casquilho de mancal);
- 01 (um) kit de arruelas de encosto;
- 12 (doze) parafuso de biela do motor;
- 02 (duas) correias do motor;
- 06 (seis) bronzinas de biela (Casquilho de biela);
- 06 (seis) kits de cilindros;
- 12 (doze) tuchos de válvulas;
- 06 (seis) bicos injetores;
- 01 (um) turbo compressor;
- 01 (uma) bomba de óleo lubrificante;
- 01 (um) retentor dianteiro do virabrequim;
- 01 (um) retentor traseiro do virabrequim.
SISTEMA DE ARREFECIMENTO
- 01 (uma) bomba d’água;
- 01 (uma) válvulas termostáticas;
- 01 (um) radiador;
- 01 (uma) tampa do reservatório de expansão.
OBS: Todas as mangueiras do sistema de arrefecimento e abraçadeiras devem ser fornecidas e trocadas.
SUSPENSÃO E FREIO

Executar:
- Recondicionamento das seguintes peças:
a) mangas de eixo;
b) catracas de freio;
c) caixa de direção.
- Alinhamento de direção;
- Balanceamento de rodas.
Fornecer e substituir:
- 01 (um) jogo lonas de freio dianteiro;
- 01 (um) jogo lonas de freio traseiro;
- 02 (dois) tambores de freio dianteiro;
- 02 (dois) tambores de freio traseiro;
- 02 (dois) cuicas do freio traseiro;
- 02 (dois) jogo de rolamento do cubo de roda traseiro interno e externo;
- 02 (dois) retentor do cubo da roda traseira direito e esquerdo;
LUBRIFICAÇÃO E FILTROS
Fornecer e substituir:
- 01 (um) conjunto de filtro de combustível, composto por:
a) filtro de combustível primário;
b) filtro de combustível secundário.
- 01 (um) filtro de óleo lubrificante;
- 01 (um) filtro de ar;
- 22 (vinte e dois) litros de óleo lubrificante (15w40) do cárter;
- 15 (quinze) litros de óleo de diferencial;
- 22 (vinte e dois) litros de óleo do cambio.
TRANSMISSÃO
Executar:
- Recondicionamento das seguinte peça:
- 01 (um) recondicionamento do cambio.
Fornecer e substituir:
- 01 (um) kit de embreagem;
- 01 (um) garfo da embreagem;
- 01 (um) atuador de embreagem.
CARDAN
Executar:
- Recondicionamento do cardan.
Fornecer e substituir:
- Cruzetas;
- Pontos de lubrificação;
- Porcas de fixação.
IMPLEMENTO
Reparar todos os cilindros pertinentes aos diversos movimentos do guindauto:
- 02 cilindros de apoio ao solo, esquerdo e direita;
- 02 cilindros dos movimentos de giro, esquerda e direita;
- 01 cilindro de elevação do primeiro braço;
- 01 cilindro de elevação do segundo braço;
- 01 cilindro de extensão do segundo braço
Reparo consiste em (execução):
- Retirar o cilindro hidráulico da viatura;
- Desmontar cilindro hidráulico na bancada;
- Retirar, retificar e cromar a haste do cilindro;
- Brunir camisa do cilindro;
- Montar cilindro hidráulico na bancada;
- Realizar reparo de usinagem no cilindro;
- Montar cilindro hidráulico;
- Aferir cilindro hidráulico na bancada de teste;
- Pintar o cilindro na cor original (pintura á revolver);
- Montar e instalar o cilindro hidráulico na viatura;
- Testar todo o conjunto hidráulico e as instalações.
Fornecer e substituir:
- Trocar todas as vedações (fornecer todas originais);
- Trocar os bicos de lubrificação e engraxar;
- Trocar os parafusos de fixação, com dureza igual ao original de fábrica da viatura;
- Troca da válvula de retenção, bem como o alojamento da referida válvula, deixando
em plena condições de uso.
Tanque, mangueiras e conexões.
- Remover 02 tanques de óleo;
- Realizar limpeza e descontaminação interna e externa;
- Verificar e corrigir quanto a possíveis trincas;
- Fornecer e substituir tampas e vedações;
- Fornecer e substituir todas as mangueiras e conexões do sistema hidráulico;
- Fornecer e substituir os filtros do sistema hidráulico;
Alavancas e acionamentos
- Fornecer e substituir, anéis de vedação, oring's, coifas de proteção, manoplas, montar, testar,
dexar em condições normais de operação.
Painel do Gerador
- Recondicionamento completo do painel de controle e monitoramento do sistema gerador;
fornecer e substituir 01 chave geral;
- Fornecer e substituir 02 lâmpadas de iluminação do painel;
- Fornecer e substituir 08 botões de pulso;
- Fornecer e substituir 02 chaves de pulso;
- Fornecer e substituir 01 chave de 03 estágios;
- Fornecer e substituir 01 chave de 07 estágios;

- Fornecer e substituir 03 tomadas do tipo 2P + T;
- Fornecer e substituir 03 tomadas do tipo 3p + N + T, modelo steck, padrão 6h;
Torre de iluminação
- Recondicionar cilindro, corpo e pistão do sistema pneumático de elevação da torre de iluminação;
-Fornecer e substituir anéis de vedação, oring’s, retentores, tubulações, mangueiras,
conexões pneumáticas periféricas, brunir e cromar camisa do cilindro;
Guincho de arraste
- Fornecer e substituir cabo de aço do guincho de arraste conforme original;
- Fornecer e substituir motor do guincho de arraste conforme especificações originais.
Baterias do implemento
- Fornecer e substituir 02 baterias de 12V/150A.
ELETRICA
Fornecer/Substituir.
Fornecer e substituir 01 alternador.
Fornecer e substituir 01 motor de partida.
Fornecer e substituir 02 baterias de 150A.
Fornecer e substituir 04 terminais de bateria.
Fornecer e substituir 01 Barra sinalizadora.
Fornecer e substituir 02 sinalizadores traseiro(cojack).
Fornecer e substituir 01 modulo da barra sinalizadora e sirene.
Fornecer e substituir 02 drives de som.
Fornecer e substituir 01 bitonal com kit para instalação.
Fornecer e substituir 02 faroletes de iluminação dianteira de LED.
Fornecer e substituir faroletes 02 de iluminação traseira de LED.
Fornecer e substituir conj. de sinalização traseira (Luz de freio/lanterna/setas/ré).
Fornecer e substituir conj. de sinalização dianteira (Lanterna/farol/alto/baixo/setas).
Fornecer e substituir conj. de sinalizações de direções laterais (LD e LE).
Fornecer e substituir luz vigia dianteira (teto).
Fornecer e substituir luz vigia traseira(Estribo).
Fornecer e substituir 02 buzinas.
Fornecer e substituir 02 palhetas dos limpadores de para-brisa com hastes.
Fornecer e substituir 02 motores do limpado do para-brisa.
Fornecer 10 botões de acionamento e comando de implementos.
Fornecer e instalar motor de recolhimento do mangotinho.
Fornecer e instalar modulo de injeção eletrônica.
Fornecer e instalar lâmpadas de iluminação do painel de instrumentos.
Reparar/Instalar:
Reparar chicote de implementos.
Reparar iluminação interna da cabine.
Reparar Iluminação das gavetas de implementos.
Reparar Iluminação do corpo da bomba.
Instalar 10 botões de acionamento e comando de implementos.
Reparar chicote de acionamento da buzina.
Reparar chicote de aterramento.
Reparar chicote de força",True,True,True,True,CORRETIVA,*****,CANCELADO NA NEO, MANUTENÇÃO-2025
,ASE-17101,,,"1.  SERVIÇOS A SEREM EXECUTADOS:
Executar:
- Retifica completa de motor conforme NBR 13032/09 e NBR 15831/10;
- Desmontagem, montagem, limpeza e instalação do motor na viatura;
- Pintura do motor;
- Retifica do radiador de óleo do motor;
- Retifica do compressor de ar;
- Recondicionar bomba injetora;
- Teste de rodagem, realizado por técnico do Corpo de Bombeiros e acompanhado por representante técnico da empresa ganhadora do certame.
Fornecer e substituir:
- 01 (um) kit de juntas do motor;
- 01 (uma) válvula de pressão de óleo motor;
- 01 (um) volante do motor;
- 03 (três) cabeçotes completos (novos);
- 01 (um) kit de bronzinas de mancal (Casquilho de mancal);
- 01 (um) kit de arruelas de encosto;
- 12 (doze) parafuso de biela do motor;
- 02 (duas) correias do motor;
- 06 (seis) bronzinas de biela (Casquilho de biela);
- 06 (seis) kits de cilindros;
- 12 (doze) tuchos de válvulas;
- 06 (seis) bicos injetores;
- 01 (um) turbo compressor;
- 01 (uma) bomba de óleo lubrificante;
- 01 (um) retentor dianteiro do virabrequim;
- 01 (um) retentor traseiro do virabrequim.
SISTEMA DE ARREFECIMENTO
- 01 (uma) bomba d’água;
- 01 (uma) válvulas termostáticas;
- 01 (um) radiador;
- 01 (uma) tampa do reservatório de expansão.
OBS: Todas as mangueiras do sistema de arrefecimento e abraçadeiras devem ser fornecidas e trocadas.
SUSPENSÃO E FREIO

Executar:
- Recondicionamento das seguintes peças:
a) mangas de eixo;
b) catracas de freio;
c) caixa de direção.
- Alinhamento de direção;
- Balanceamento de rodas.
Fornecer e substituir:
- 01 (um) jogo lonas de freio dianteiro;
- 01 (um) jogo lonas de freio traseiro;
- 02 (dois) tambores de freio dianteiro;
- 02 (dois) tambores de freio traseiro;
- 02 (dois) cuicas do freio traseiro;
- 02 (dois) jogo de rolamento do cubo de roda traseiro interno e externo;
- 02 (dois) retentor do cubo da roda traseira direito e esquerdo;
LUBRIFICAÇÃO E FILTROS
Fornecer e substituir:
- 01 (um) conjunto de filtro de combustível, composto por:
a) filtro de combustível primário;
b) filtro de combustível secundário.
- 01 (um) filtro de óleo lubrificante;
- 01 (um) filtro de ar;
- 22 (vinte e dois) litros de óleo lubrificante (15w40) do cárter;
- 15 (quinze) litros de óleo de diferencial;
- 22 (vinte e dois) litros de óleo do cambio.
TRANSMISSÃO
Executar:
- Recondicionamento das seguinte peça:
- 01 (um) recondicionamento do cambio.
Fornecer e substituir:
- 01 (um) kit de embreagem;
- 01 (um) garfo da embreagem;
- 01 (um) atuador de embreagem.
CARDAN
Executar:
- Recondicionamento do cardan.
Fornecer e substituir:
- Cruzetas;
- Pontos de lubrificação;
- Porcas de fixação.
IMPLEMENTO
Reparar todos os cilindros pertinentes aos diversos movimentos do guindauto:
- 02 cilindros de apoio ao solo, esquerdo e direita;
- 02 cilindros dos movimentos de giro, esquerda e direita;
- 01 cilindro de elevação do primeiro braço;
- 01 cilindro de elevação do segundo braço;
- 01 cilindro de extensão do segundo braço
Reparo consiste em (execução):
- Retirar o cilindro hidráulico da viatura;
- Desmontar cilindro hidráulico na bancada;
- Retirar, retificar e cromar a haste do cilindro;
- Brunir camisa do cilindro;
- Montar cilindro hidráulico na bancada;
- Realizar reparo de usinagem no cilindro;
- Montar cilindro hidráulico;
- Aferir cilindro hidráulico na bancada de teste;
- Pintar o cilindro na cor original (pintura á revolver);
- Montar e instalar o cilindro hidráulico na viatura;
- Testar todo o conjunto hidráulico e as instalações.
Fornecer e substituir:
- Trocar todas as vedações (fornecer todas originais);
- Trocar os bicos de lubrificação e engraxar;
- Trocar os parafusos de fixação, com dureza igual ao original de fábrica da viatura;
- Troca da válvula de retenção, bem como o alojamento da referida válvula, deixando
em plena condições de uso.
Tanque, mangueiras e conexões.
- Remover 02 tanques de óleo;
- Realizar limpeza e descontaminação interna e externa;
- Verificar e corrigir quanto a possíveis trincas;
- Fornecer e substituir tampas e vedações;
- Fornecer e substituir todas as mangueiras e conexões do sistema hidráulico;
- Fornecer e substituir os filtros do sistema hidráulico;
Alavancas e acionamentos
- Fornecer e substituir, anéis de vedação, oring's, coifas de proteção, manoplas, montar, testar,
dexar em condições normais de operação.
Painel do Gerador
- Recondicionamento completo do painel de controle e monitoramento do sistema gerador;
fornecer e substituir 01 chave geral;
- Fornecer e substituir 02 lâmpadas de iluminação do painel;
- Fornecer e substituir 08 botões de pulso;
- Fornecer e substituir 02 chaves de pulso;
- Fornecer e substituir 01 chave de 03 estágios;
- Fornecer e substituir 01 chave de 07 estágios;

- Fornecer e substituir 03 tomadas do tipo 2P + T;
- Fornecer e substituir 03 tomadas do tipo 3p + N + T, modelo steck, padrão 6h;
Torre de iluminação
- Recondicionar cilindro, corpo e pistão do sistema pneumático de elevação da torre de iluminação;
-Fornecer e substituir anéis de vedação, oring’s, retentores, tubulações, mangueiras,
conexões pneumáticas periféricas, brunir e cromar camisa do cilindro;
Guincho de arraste
- Fornecer e substituir cabo de aço do guincho de arraste conforme original;
- Fornecer e substituir motor do guincho de arraste conforme especificações originais.
Baterias do implemento
- Fornecer e substituir 02 baterias de 12V/150A.
ELETRICA
Fornecer/Substituir.
Fornecer e substituir 01 alternador.
Fornecer e substituir 01 motor de partida.
Fornecer e substituir 02 baterias de 150A.
Fornecer e substituir 04 terminais de bateria.
Fornecer e substituir 01 Barra sinalizadora.
Fornecer e substituir 02 sinalizadores traseiro(cojack).
Fornecer e substituir 01 modulo da barra sinalizadora e sirene.
Fornecer e substituir 02 drives de som.
Fornecer e substituir 01 bitonal com kit para instalação.
Fornecer e substituir 02 faroletes de iluminação dianteira de LED.
Fornecer e substituir faroletes 02 de iluminação traseira de LED.
Fornecer e substituir conj. de sinalização traseira (Luz de freio/lanterna/setas/ré).
Fornecer e substituir conj. de sinalização dianteira (Lanterna/farol/alto/baixo/setas).
Fornecer e substituir conj. de sinalizações de direções laterais (LD e LE).
Fornecer e substituir luz vigia dianteira (teto).
Fornecer e substituir luz vigia traseira(Estribo).
Fornecer e substituir 02 buzinas.
Fornecer e substituir 02 palhetas dos limpadores de para-brisa com hastes.
Fornecer e substituir 02 motores do limpado do para-brisa.
Fornecer 10 botões de acionamento e comando de implementos.
Fornecer e instalar motor de recolhimento do mangotinho.
Fornecer e instalar modulo de injeção eletrônica.
Fornecer e instalar lâmpadas de iluminação do painel de instrumentos.
Reparar/Instalar:
Reparar chicote de implementos.
Reparar iluminação interna da cabine.
Reparar Iluminação das gavetas de implementos.
Reparar Iluminação do corpo da bomba.
Instalar 10 botões de acionamento e comando de implementos.
Reparar chicote de acionamento da buzina.
Reparar chicote de aterramento.
Reparar chicote de força",True,True,True,True,,,,veiculos_manutencao_freio
,AT-17101,,0.0,"1. Serviço de LIMPEZA do sistema de injeção de combustível; 
2. SERVIÇO DE LIMPEZA da bomba, bicos injetores e limpeza no sistema em Geral.",False,False,False,False,PREVENTIVA,*****,CANCELADO NA NEO, MANUTENÇÃO-2025
,AT-17101,,82228.0,"1.     Fornecer e executar: LAVAGEM E LUBRIFICAÇÃO GERAL;
2.     Fornecer e executar:  ENGRAXAMENTO DAS MANGAS DE EIXO E CARDAN.",False,False,False,False,PREVENTIVA,BF DIESEL,FINALIZADO NA NEO, MANUTENÇÃO-2025
,AT-17101,,,"1.	Fornecer e substituir óleo motor conforme especificação do fabricante;
2.	Fornecer e substituir filtro de óleo do motor conforme especificação do fabricante;
3.	Fornecer e substituir filtro RACOR conforme especificação do fabricante;
4.	Fornecer e substituir filtro de combustível conforme especificação do fabricante;
5.	Fornecer e substituir filtro de ar conforme especificação do fabricante;
6.	Fornecer e substituir filtro do habitáculo especificação do fabricante.",False,False,True,False,PREVENTIVA,,PENDENTE NA NEO,MANUTENÇÃO-2026
,AT-17205,,4780.0,"1.	Fornecer e substituir o óleo do motor conforme especificação do fabricante;
2.	Fornecer e substituir o filtro de óleo do motor;
3.	Fornecer e substituir o filtro de combustível;
4.	Fornecer e substituir o filtro de ar do motor;
5.	Fornecer e substituir o filtro de ar da cabine (ar condicionado);
6.     Reparar vazamento na caixa de tomada de força.",False,False,True,False,,BF DIESEL,FINALIZADO NA NEO,MANUTENÇÃO-2023
,AT-17205,,,Fornecer e substituir 14 litros de óleo de câmbio 75W90.,False,False,True,False,PREVENTIVA,,PENDENTE NA NEO,MANUTENÇÃO-2023
,AT-17205,,0.0,"1. Serviço de LIMPEZA do sistema de injeção de combustível; 
2. SERVIÇO DE LIMPEZA da bomba, bicos injetores e limpeza no sistema em Geral.
",False,False,False,False,PREVENTIVA,*****,CANCELADO NA NEO, MANUTENÇÃO-2025
,AT-17205,,340278.0,Fornecer e substituir 2 baterias automotiva de 150Ah para veículo a diesel conforme especificação do fabricante;,False,False,False,True,PREVENTIVA,BF DIESEL,FINALIZADO NA NEO, MANUTENÇÃO-2025
,AT-17205,,230674.0,"1.	Fornecer e substituir o óleo do motor conforme especificação do fabricante;
2.	Fornecer e substituir o filtro de óleo do motor conforme especificação do fabricante;
3.	Fornecer e substituir o filtro de combustível conforme especificação do fabricante;
4.	Fornecer e substituir o filtro Racor conforme especificação do fabricante;
5.     Fornecer e substituir o filtro de ar do motor conforme especificação do fabricante;     
5.	Fornecer e substituir o filtro de ar da cabine (ar condicionado);
",False,False,True,False,PREVENTIVA,BF DIESEL,FINALIZADO NA NEO, MANUTENÇÃO-2025
,AT-17205,,70236.0,"1.     Fornecer e executar: LAVAGEM E LUBRIFICAÇÃO GERAL;
2.     Fornecer e executar:  ENGRAXAMENTO DAS MANGAS DE EIXO E CARDAN.",False,False,False,False,PREVENTIVA,BF DIESEL,FINALIZADO NA NEO, MANUTENÇÃO-2025
,CA-17001,,,"TROCA DE PNEUS, ALINHAMENTO E BALANCEAMENTO",False,True,False,False,,MV PNEUS,O.S. ENCERRADA,CONTROLE  MAN. 181920
,CA-17001,,0.0,"1.	Fornecer e instalar placas de compensados (15 mm) na parte interna do baú;
2.	Fornecer e instalar ganchos de fixação de carga no interior do baú;
3.     Fornecer e instalar chapa de aço (200 mm de altura e 2 mm de espessura) no rodapé do interior do baú;
4.     Fornecer e aplicar vedação (PU) no rodapé da parte interna do baú; 
",False,False,False,False,CORRETIVA,*****,CANCELADO NA NEO, MANUTENÇÃO-2025
,CA-17001,,0.0,"1-        Retirada de pontos de ferrugem da cabine e baú;
2-        Fornecer e executar serviço de pintura; 
3-        Fornecer e substituir os pinos de fixação do quebra vento;
4-        Executar serviço de reparo e pintura das imperfeições do capô;
5-        Fornecer e substituir todas adesivagens (grafismo);
6-        Executar serviço de pintura do painel interno;
7-        Fornecer e executar serviço de pintura do para choque e das barras laterais de proteção;
8-        Executar serviço de higienização do forro interno do teto;
9-        Fornecer e substituir as palhetas dos limpadores de para-brisa;
10-        Fornecer e substituir suporte de fixação do capô;
11-        Fornecer lavagem e lubrificação geral;
12-        Fornecer e substituir jogo de calotas dianteiras e traseiras;",False,False,False,False,CORRETIVA,*****,CANCELADO NA NEO, MANUTENÇÃO-2025
,CA-17001,,0.0," 1. Executar serviço  de funilaria e pintura na parte externa da cabine;
 2. Executar e fornecer adesivagem (grafismo), conforme padrão do Bombeiro.
",False,False,False,False,CORRETIVA,*****,CANCELADO NA NEO, MANUTENÇÃO-2025
,CM-17102,,,1. Fornecer e instalar 02 (duas) baterias de 12V - C20 / 150Ah para veículo a diesel.,False,False,False,True,,*****,CANCELADA NA NEO,MANUTENÇÃO-2023
,MO-17001,,,"1. Fornecer e executar limpeza do sistema de arrefecimento;
 2. Fornecer e substituir fluído de arrefecimento conforme especificação do fabricante.",False,False,False,False,,*****,CANCELADA NA NEO,MANUTENÇÃO-2023
,MO-17001,,0.0,"1. Serviço de regeneração: 

1.1 Limpar coletor de admissão e seus componentes; 
1.2. Limpar sistema de intercooler e fazer regeneração estática via scaner.",False,False,False,False,PREVENTIVA,*****,CANCELADO NA NEO, MANUTENÇÃO-2025
,MOB-17102,,,"1. Fornecer e substituir pastilhas de freio dianteiro conforme especificação do fabricante;
 2. Fornecer e substituir 01 (um) pneu dianteiro nas dimensões 130/80-17.",True,True,False,False,,*****,CANCELADA NA NEO,MANUTENÇÃO-2023
,MOB-17102,,1349.0,"1. Fornecer e substituir pastilhas de freio dianteiro conforme especificação do fabricante;
 2. Fornecer e substituir 01 (um) pneu traseiro nas dimensões 130/80-17.",True,True,False,False,,LYLLY MOTOS,CANCELADA NA NEO,MANUTENÇÃO-2023
,MOB-17102,,0.0,"1.     Fornecer e Substituir: Kit de relação ( coroa/corrente/ pinhão);
2.     Fornecer e Substituir: Jogo de juntas completo do motor, incluindo junta do cabeçote;
3.     Fornecer e Substituir: Eixo do câmbio;
4.     Fornecer e Substituir: Óleo 10W30 semi sintético;
5.     Fornecer e Substituir: Filtro de óleo;
6.     Fornecer e Substituir: líquido de arrefecimento;
7.     Fornecer e Substituir: Filtro de combustível primário;
8.     Fornecer e Substituir: Retentor do pinhão;
9.     Fornecer e Substituir: Retentor eixo do câmbio;10
10.   Fornecer e Substituir:  02 Pneus 130/80/17
11.   Fornecer e Substituir: Biela motor
12.   Fornecer e Substituir: Pistão com anéis 0,25
13.   Fornecer e Substituir: Retificar cilindros
14.   Fornecer e Substituir: Retentor de válvulas
15.   Fornecer e Substituir: Retificar cabeçote
16.   Fornecer e Substituir: Guarnição da tampa de válvula
17.   Fornecer e Substituir: Eixo virabrequim
",False,True,True,False,CORRETIVA,*****,CANCELADO NA NEO, MANUTENÇÃO-2025
,MOB-17102,,,"1. Fornecer e substituir pastilhas de freio dianteiro conforme especificação do fabricante;
 2. Fornecer e substituir 01 (um) pneu dianteiro nas dimensões 130/80-17.",True,True,False,False,,,,veiculos_manutencao_freio
,MOB-17102,,,"1. Fornecer e substituir pastilhas de freio dianteiro conforme especificação do fabricante;
 2. Fornecer e substituir 01 (um) pneu traseiro nas dimensões 130/80-17.",True,True,False,False,,,,veiculos_manutencao_freio
,MOB-17104,,0.0,"1.     Fornecer e Substituir: Kit de relação ( coroa/corrente/ pinhão);
2.     Fornecer e Substituir: Jogo de juntas completo do motor, incluindo junta do cabeçote;
3.     Fornecer e Substituir: Eixo do câmbio;
4.     Fornecer e Substituir: Óleo 10W30 semi sintético;
5.     Fornecer e Substituir: Filtro de óleo;
6.     Fornecer e Substituir: líquido de arrefecimento;
7.     Fornecer e Substituir: Filtro de combustível primário;
8.     Fornecer e Substituir: Retentor do pinhão;
9.     Fornecer e Substituir: Retentor eixo do câmbio;10
10.   Fornecer e Substituir:  02 Pneus 130/80/17
11.   Fornecer e Substituir: Biela motor
12.   Fornecer e Substituir: Pistão com anéis 0,25
13.   Fornecer e Substituir: Retificar cilindros
14.   Fornecer e Substituir: Retentor de válvulas
15.   Fornecer e Substituir: Retificar cabeçote
16.   Fornecer e Substituir: Guarnição da tampa de válvula
17.   Fornecer e Substituir: Eixo virabrequim
",False,True,True,False,CORRETIVA,*****,CANCELADO NA NEO, MANUTENÇÃO-2025
,MOB-17105,,0.0,"1.     Fornecer e Substituir: Kit de relação ( coroa/corrente/ pinhão);
2.     Fornecer e Substituir: Jogo de juntas completo do motor, incluindo junta do cabeçote;
3.     Fornecer e Substituir: Eixo do câmbio;
4.     Fornecer e Substituir: Óleo 10W30 semi sintético;
5.     Fornecer e Substituir: Filtro de óleo;
6.     Fornecer e Substituir: líquido de arrefecimento;
7.     Fornecer e Substituir: Filtro de combustível primário;
8.     Fornecer e Substituir: Retentor do pinhão;
9.     Fornecer e Substituir: Retentor eixo do câmbio;10
10.   Fornecer e Substituir:  02 Pneus 130/80/17
11.   Fornecer e Substituir: Biela motor
12.   Fornecer e Substituir: Pistão com anéis 0,25
13.   Fornecer e Substituir: Retificar cilindros
14.   Fornecer e Substituir: Retentor de válvulas
15.   Fornecer e Substituir: Retificar cabeçote
16.   Fornecer e Substituir: Guarnição da tampa de válvula
17.   Fornecer e Substituir: Eixo virabrequim
",False,True,True,False,CORRETIVA,*****,CANCELADO NA NEO, MANUTENÇÃO-2025
,MOB-17106,,0.0,"Fornecer e executar troca de sirene e manutenção no sistema sonoro.
",False,False,False,False,CORRETIVA,*****,CANCELADO NA NEO, MANUTENÇÃO-2025
,MOB-17106,,0.0,"1.     Fornecer e substituir óleo de moto conforme especificação do fabricante;
2.     Fornecer e substituir filtro de óleo de moto conforme especificação do fabricante;
3.     Fornecer e substituir filtro de ar conforme especificação do fabricante.",False,False,True,False,PREVENTIVA,*****,CANCELADO NA NEO,MANUTENÇÃO-2026
,MOB-17107,,0.0,"1.     Fornecer e substituir buchas da suspensão traseira e lubrificação conforme especificação do fabricante.
2.     Fornecer e substituir óleo de motor conforme especificação do fabricante;
3      Fornecer e substituir filtro de óleo de moto conforme especificação do fabricante;
4.     Fornecer e substituir filtro de ar conforme especificação do fabricante.
",False,False,True,False,CORRETIVA,*****,CANCELADO NA NEO, MANUTENÇÃO-2025
,MOB-17107,,0.0,"1.     Fornecer e substituir óleo de moto conforme especificação do fabricante;
2.     Fornecer e substituir filtro de óleo de moto conforme especificação do fabricante;
3.     Fornecer e substituir filtro de ar conforme especificação do fabricante.",False,False,True,False,PREVENTIVA,*****,CANCELADO NA NEO,MANUTENÇÃO-2026
,MOB-17107,,0.0,"1.     Fornecer e substituir óleo de moto conforme especificação do fabricante;
2.     Fornecer e substituir filtro de óleo de moto conforme especificação do fabricante;
3.     Fornecer e substituir filtro de ar conforme especificação do fabricante;
4.     Fornecer e substituir pastilhas de freio traseiro e dianteiro conforme especificação do fabricante.
",True,False,True,False,PREVENTIVA,*****,CANCELADO NA NEO,MANUTENÇÃO-2026
,MOB-17107,,,"1.     Fornecer e substituir óleo de moto conforme especificação do fabricante;
2.     Fornecer e substituir filtro de óleo de moto conforme especificação do fabricante;
3.     Fornecer e substituir filtro de ar conforme especificação do fabricante;
4.     Fornecer e substituir pastilhas de freio traseiro e dianteiro conforme especificação do fabricante.
",True,False,True,False,,,,veiculos_manutencao_freio
,MOB-17108,,0.0,"1.        Fornecer e substituir o óleo do motor conforme especificação do fabricante;
2.        Fornecer e substituir o filtro de óleo do motor conforme especificação do fabricante;
3.        Fornecer e substituir o filtro de ar do motor conforme especificação do fabricante.
",False,False,True,False,PREVENTIVA,*****,CANCELADO NA NEO, MANUTENÇÃO-2025
,MOB-17205,,24078.0,"1.        Fornecer e substituir o óleo do motor conforme especificação do fabricante;
2.        Fornecer e substituir o filtro de óleo do moto conforme especificação do fabricanter;
3.        Fornecer e substituir o filtro de ar conforme especificação do fabricante.",False,False,True,False,PREVENTIVA,AUTO CENTER BASSI,FINALIZADO NA NEO, MANUTENÇÃO-2025
,MOB-17206,,24078.0,"1.	Fornecer e substituir o óleo do motor conforme especificação do fabricante;
2.	Fornecer e substituir o filtro de óleo do moto conforme especificação do fabricanter;
3.	Fornecer e substituir o filtro de ar conforme especificação do fabricante.",False,False,True,False,PREVENTIVA,AUTO CENTER BASSI,FINALIZADO NA NEO, MANUTENÇÃO-2025
,MOB-17206,,36679.0,"1.	Fornecer e substituir o óleo do motor conforme especificação do fabricante;
2.	Fornecer e substituir o filtro de óleo do moto conforme especificação do fabricanter;
3.	Fornecer e substituir o filtro de ar conforme especificação do fabricante.",False,False,True,False,PREVENTIVA,TOTAL MOTOS,FINALIZADO NA NEO, MANUTENÇÃO-2025
,MOB-17207,,24078.0,"1.	Fornecer e substituir o óleo do motor conforme especificação do fabricante;
2.	Fornecer e substituir o filtro de óleo do moto conforme especificação do fabricanter;
3.	Fornecer e substituir o filtro de ar conforme especificação do fabricante.
",False,False,True,False,PREVENTIVA,AUTO CENTER BASSI,FINALIZADO NA NEO, MANUTENÇÃO-2025
,MOB-17207,,36679.0,"1.	Fornecer e substituir o óleo do motor conforme especificação do fabricante;
2.	Fornecer e substituir o filtro de óleo do moto conforme especificação do fabricanter;
3.	Fornecer e substituir o filtro de ar conforme especificação do fabricante.",False,False,True,False,PREVENTIVA,TOTAL MOTOS,FINALIZADO NA NEO, MANUTENÇÃO-2025
,MT-17004,,360.0,"1. Fornecer e substituir o óleo do motor;
 2. Fornecer e substituir o filtro de óleo do motor;
 3. Fornecer e substituir o filtro de combustível;
 4. Fornecer e substituir o filtro de ar do motor;
 5. Fornecer e substituir os piscas da luz de seta traseiros, lado direito e esquerdo;",False,False,True,False,,LYLLY MOTOS,APROVADA NA NEO,MANUTENÇÃO-2023
,MT-17004,,1539.0,"1. Fornecer e substituir o pneu dianteiro, de medidas 90/90R21, conforme especificação do fabricante;
 2. Fornecer e substituir o pneu traseiro, de medidas 120/90R17, conforme especificação do fabricante;
 3. Fornecer e substituir o eixo do pedal da troca de marchas;",False,True,False,False,,LYLLY MOTOS,APROVADA NA NEO,MANUTENÇÃO-2023
,RE-17102,,,"Realizar reforma completa, funilaria e pintura, da caixa de materiais localizado na parte traseira direita e esquerda.",False,False,False,False,,,PENDENTE NA NEO,MANUTENÇÃO-2023
,TP-17000,,0.0,"1.     Fornecer e substituir, 02 SOLENÓIDE DE MOTOR, TAMPA DEVÁVULAS, JUNTA DA TAMPA DE VÁVULAS, KIT COMPLETO DE COMANDO;
2.     Fornecer e substituir, O2 BOBINAS, REDIADOR, CONDENSADOR, 01 BOMBA DE ÓLEO COM TAMPA LATERAL DO MOTOR;
3.     Fornecer e executar, KIT DE CORREIA DO ALTERNADOR, 01 ALTERNADOR;
4.     Fornecer e executar, VARETA DE ÓLEO COMPLETE COM SUPORTE;
5.     Fornecer e executar, RESERVATÓRIO DO LIMPADOR DO PARABRISA;
6.     Fornecer e executar, COXIM DO MOTOR SUPERIOR DIANTERIO;
7.     Fornecer e executar, PARABRISA;
8.     Fornecer e executar, ALINHAMENTO E BALANCEAMENTO.
9.     Fornecer e executar, FUNILARIA COMPLETA E PEÇAS. ",False,True,True,True,CORRETIVA,*****,CANCELADO NA NEO, MANUTENÇÃO-2025
,TP-17000,,0.0,"1.     Fornecer e substituir, 02 SOLENÓIDE DE MOTOR, TAMPA DEVÁVULAS, JUNTA DA TAMPA DE VÁVULAS, KIT COMPLETO DE COMANDO;
2.     Fornecer e substituir, O2 BOBINAS, REDIADOR, CONDENSADOR, 01 BOMBA DE ÓLEO COM TAMPA LATERAL DO MOTOR;
3.     Fornecer e executar, KIT DE CORREIA DO ALTERNADOR, 01 ALTERNADOR;
4.     Fornecer e executar, VARETA DE ÓLEO COMPLETE COM SUPORTE;
5.     Fornecer e executar, RESERVATÓRIO DO LIMPADOR DO PARABRISA;
6.     Fornecer e executar, COXIM DO MOTOR SUPERIOR DIANTERIO;
7.     Fornecer e executar, PARABRISA;
8.     Fornecer e executar, ALINHAMENTO E BALANCEAMENTO.
9.     Fornecer e executar, FUNILARIA COMPLETA E PEÇAS. ",False,True,True,True,CORRETIVA,*****,CANCELADO NA NEO, MANUTENÇÃO-2025
,TP-17001,,,VAZAMENTO ESCAPAMENTO (COLETOR),False,False,False,False,,,O.S. ENCERRADA,CONTROLE  MAN. 181920
,TP-17001,,,Fornecer e substituir bateria automotiva marca MOURA de 60 Ah/12V.,False,False,False,True,,,PENDENTE NA NEO,MANUTENÇÃO-2023
,TP-17205,,0.0,"1. Fornecer e substituir óleo de motor conforme especificação do fabricante;
 2. Fornecer e substituir filtro de óleo de motor conforme especificação do fabricante;
 3. Fornecer e substituir filtro de combustível conforme especificação do fabricante;
 4. Fornecer e substituir filtro de ar conforme especificação do fabricante;
 5. Fornecer e substituir cavalete de água (obs: o cavalete tem que ser o produzido em alumínio).",False,False,True,False,,*****,CANCELADO NA NEO,MANUTENÇÃO-2023
,TP-17205,,0.0,"1. Fornecer e transportar por guincho o veículo, VTR TP-17205, ( FORD/FIESTA), com avaria, mecânica e elétrica que encontra-se no Grupamento de Bombeiro Marítimo sito à, Rua Vagner Lamela, nº45, Guarujá - SP para o destino, 17ºGB/2ºSGB - Estação de Bombeiros Suzano sito à, Rua Regina Cabalau Mendonça, nº 364, Suzano - SP.",False,False,False,False,,*****,CANCELADA NA NEO,MANUTENÇÃO-2023
,TP-17205,,301718.0,"1.        Fornecer e substituir bobina de ignição;
2.        Fornecer e substituir cabo do capo;
3.     Fornecer e substituir cavalete de água;
5.     Fornecer e substituir filtro de combustível;
6.     Fornecer e substituir jogo cabo de vela;
7.     Fornecer e substituir jogo de velas;
8.     Fornecer e substituir kit de reparo de bico.
",False,False,True,False,PREVENTIVA,J KAR,FINALIZADO NA NEO,MANUTENÇÃO-2023
,UR-17101,,,"1.        Fornecer e substituir, PASTILHA DE FREIOS ""DIANTEIROS"", MARCA JURID CONFORME ESPECIFICAÇÃO DO FABRICANTE;
2.        Fornecer e substituir, FLUÍDO DE FREIO CONFORME ESPECIFICAÇÃO DO FABRICANTE.",True,False,False,False,PREVENTIVA,,PENDENTE NA NEO,MANUTENÇÃO-2023
,UR-17101,,59595.0, Fornecer e substituir farol de área lado esquerdo.,False,False,False,False,CORRETIVA,BF DIESEL,FINALIZADO NA NEO, MANUTENÇÃO-2025
,UR-17101,,0.0," Fornecer transporte do veiculo que esta na oficina J-Kar Guincho Reparos Automotivos, rua Albert Oswald, 980 - Parque Suzano, Suzano - SP, 08673-030 para Corpo de Bombeiros de Mogi das Cruzes, 17ºGB, Rua Olegário Paiva, 33 - Centro, Mogi das Cruzes.",False,False,False,False,CORRETIVA,*****,CANCELADO NA NEO, MANUTENÇÃO-2025
,UR-17101,,145669.0,"Fornecer transporte do veiculo que esta na oficina J-Kar Guincho Reparos Automotivos, rua Albert Oswald, 980 - Parque Suzano, Suzano - SP, 08673-030 para Corpo de Bombeiros de Mogi das Cruzes, 17ºGB, Rua Olegário Paiva, 33 - Centro, Mogi das Cruzes.
",False,False,False,False,CORRETIVA,AUTO SOCORRO FIRE FOX,FINALIZADO NA NEO, MANUTENÇÃO-2025
,UR-17101,,,"1.        Fornecer e substituir, PASTILHA DE FREIOS ""DIANTEIROS"", MARCA JURID CONFORME ESPECIFICAÇÃO DO FABRICANTE;
2.        Fornecer e substituir, FLUÍDO DE FREIO CONFORME ESPECIFICAÇÃO DO FABRICANTE.",True,False,False,False,,,,veiculos_manutencao_freio
,UR-17102,,0.0,"1. Serviço de regeneração: 

1.1 Limpar coletor de admissão e seus componentes; 
1.2. Limpar sistema de intercooler e fazer regeneração estática via scaner.",False,False,False,False,PREVENTIVA,*****,CANCELADO NA NEO, MANUTENÇÃO-2025
,UR-17102,30058.0,21335.0,"1.	Fornecer e substituir o óleo do motor conforme especificação do fabricante;
2.	Fornecer e substituir o filtro de óleo do motor conforme especificação do fabricante;
3.	Fornecer e substituir o filtro de combustível conforme especificação do fabricante;
4.	Fornecer e substituir o filtro de ar do motor conforme especificação do fabricante;
5.	Fornecer e substituir o filtro de ar da cabine (ar condicionado) conforme especificação do fabricante.",False,False,True,False,PREVENTIVA,REIS DO ÓLEO,CONCLUÍDO, MANUTENÇÃO-2025
,UR-17102,,0.0,"1.     Substituir quatro pneus ( OS PNEUS SERÃO FORNECIDOS PELO CORPO DE BOMBEIROS 17ºGB );
2.     Fornecer e substituir quatro válvulas de pneu conforme especificação do fabricante;
3.     Fornecer e executar quatro balanceamentos;
4      Executar alinhamento de direção.",False,True,False,False,PREVENTIVA,*****,CANCELADO NA NEO, MANUTENÇÃO-2025
,UR-17102,,,"1.     Fornecer e substituir Kit de embreagem original- conforme especificação do fabricante;
2.     Fornecer e substituir a troca do Óleo da  transmisssão;
3.     Fornecer e substituir Atuador de embreagem;
4      Fornecer e substituir Retentor volante motor;
5.     Fornecer e substituir Volante do motor.",False,False,True,False,CORRETIVA,,FINALIZADO NA NEO, MANUTENÇÃO-2025
,UR-17102,,0.0,"1.     Fornecer e substituir Kit de embreagem original- conforme especificação do fabricante;
2.     Fornecer e substituir a troca do Óleo da  transmisssão;
3.     Fornecer e substituir Atuador de embreagem;
4      Fornecer e substituir Retentor volante motor;
5.     Fornecer e substituir Volante do motor.",False,False,True,False,CORRETIVA,*****,CANCELADO NA NEO, MANUTENÇÃO-2025
,UR-17102,,0.0,"1.     Fornecer e substituir Kit de embreagem original- conforme especificação do fabricante;
2.     Fornecer e substituir a troca do Óleo da  transmisssão;
3.     Fornecer e substituir Atuador de embreagem;
4      Fornecer e substituir Retentor volante motor;
5.     Fornecer e substituir Volante do motor.",False,False,True,False,CORRETIVA,*****,CANCELADO NA NEO,MANUTENÇÃO-2026
,UR-17105,,0.0,"1. Serviço de regeneração: 

1.1 Limpar coletor de admissão e seus componentes; 
1.2. Limpar sistema de intercooler e fazer regeneração estática via scaner.",False,False,False,False,PREVENTIVA,*****,CANCELADO NA NEO, MANUTENÇÃO-2025
,UR-17105,,44595.0,  Fornecer e substituir 01 led dentro da barra sinalizadora (giroflex) queimado.,False,False,False,False,CORRETIVA,BF DIESEL,FINALIZADO NA NEO, MANUTENÇÃO-2025
,UR-17206,,5960.0,"1. Fornecer e substituir a Válvula Wastegate da turbina; 
 2. Realizar programação de scanner.",False,False,False,False,,COSMORAMA,FINALIZADA NA NEO,MANUTENÇÃO-2023
,UR-17206,,0.0,"1.     Executar serviço de  funilaria e pintura Geral;
2.     Fornecer e executar serviço de adesivagem ( grafismo), conforme padrão estabelecido pelo Corpo de Bombeiros;
3.     Fornecer  e substituir borrachas de vedação das portas dianteiras, lateral e traseira",False,False,False,False,CORRETIVA,*****,CANCELADO NA NEO, MANUTENÇÃO-2025
,UR-17208,,169567.0,"1.	Fornecer e substituir o óleo do motor conforme especificação do fabricante;
2.	Fornecer e substituir o filtro de óleo do motor conforme especificação do fabricante;
3.	Fornecer e substituir o filtro de combustível conforme especificação do fabricante;
4.	Fornecer e substituir o filtro de ar do motor conforme especificação do fabricante.
",False,False,True,False,PREVENTIVA,DOM AUTO CENTER,FINALIZADO NA NEO,MANUTENÇÃO-2023
,UR-17208,,,"1.	Fornecer e substituir pastilhas de freios dianteira conforme especificação do fabricante;
2.	Fornecer e substituir pastilhas de freios traseira conforme especificação do fabricante;
3.	Fornecer e substituir fluído de freio conforme especificação do fabricante;
4.     Fornecer e substituir lonas do freio estacionário conforme especificação do fabricante.",True,False,False,False,PREVENTIVA,,PENDENTE NA NEO,MANUTENÇÃO-2023
,UR-17208,,0.0,"1. Serviço de regeneração: 

1.1 Limpar coletor de admissão e seus componentes; 
1.2. Limpar sistema de intercooler e fazer regeneração estática via scaner.",False,False,False,False,PREVENTIVA,*****,CANCELADO NA NEO, MANUTENÇÃO-2025
,UR-17208,,206756.0,Fornecer e substituir para-brisa conforme especificação do fabricante,False,False,False,False,CORRETIVA,J KAR,FINALIZADO NA NEO, MANUTENÇÃO-2025
,UR-17208,,212629.0,"1.	Fornecer e substituir o óleo do motor conforme especificação do fabricante;
2.	Fornecer e substituir o filtro de óleo do motor conforme especificação do fabricante;
3.	Fornecer e substituir o filtro de combustível conforme especificação do fabricante;
4.	Fornecer e substituir o filtro de ar da cabine (habitáculo) conforme especificação do fabricante.
5.     Fornecer e substituir o filtro de ar do motor conforme especificação do fabricante.",False,False,True,False,PREVENTIVA,AUTO CENTER BASSI,FINALIZADO NA NEO, MANUTENÇÃO-2025
,UR-17208,,156968.0,"1.	Fornecer e substituir, correia do alternador conforme especificação do fabricante;
2.     Fornecer serviço de guincho para deslocamento até a oficina.",False,False,False,True,CORRETIVA,BF DIESEL,FINALIZADO NA NEO, MANUTENÇÃO-2025
,UR-17208,,46838.0, Fornecer e executar  a troca do tensionador ( esticador) da correia do alternador.,False,False,False,True,CORRETIVA,BF DIESEL,FINALIZADO NA NEO, MANUTENÇÃO-2025
,UR-17208,,,"1.        Fornecer e substituir o óleo do motor conforme especificação do fabricante;
2.        Fornecer e substituir o filtro de óleo do motor conforme especificação do fabricante;
3.        Fornecer e substituir o filtro de combustível conforme especificação do fabricante;
4.        Fornecer e substituir o filtro de ar da cabine (habitáculo) conforme especificação do fabricante.
5.     Fornecer e substituir o filtro de ar do motor conforme especificação do fabricante.",False,False,True,False,PREVENTIVA,,PENDENTE NA NEO, MANUTENÇÃO-2025
,UR-17208,,199662.0,"1.        Fornecer e substituir o óleo do motor conforme especificação do fabricante;
2.        Fornecer e substituir o filtro de óleo do motor conforme especificação do fabricante;
3.        Fornecer e substituir o filtro de combustível conforme especificação do fabricante;
4.        Fornecer e substituir o filtro de ar da cabine (habitáculo) conforme especificação do fabricante.
5.     Fornecer e substituir o filtro de ar do motor conforme especificação do fabricante.",False,False,True,False,PREVENTIVA,AGUIAR,FINALIZADO NA NEO,MANUTENÇÃO-2026
,UR-17208,,0.0,"1.	Fornecer e substituir rodas fonicas e sensores, conforme especificação do veículo;
2.	Fornecer e executar alinhamento de direção;
3.	Fornecer e substituir 04 balanceamentos de pneus.",False,True,False,False,CORRETIVA,*****,CANCELADO NA NEO,MANUTENÇÃO-2026
,UR-17208,,0.0,"1.	Fornecer e substituir o conjunto do freio estacionário (SAPATA COM LONAS, CATRACA, KIT DE MOLAS E REPAROS) CONFORME ESPECIFICAÇÃO DO FABRICANTE;
2.	Fornecer e substituir o conjunto de PASTILHA DE FREIOS DIANTEIRO E TRASEIRO CONFORME ESPECIFICAÇÃO DO FABRICANTE;
3.	Fornecer e substituir o fluído de freio conforme especificação do fabricante;
4.           Fornecer e substituir PALHETAS DO LIMPADOR DE PARA-BRISA.",True,False,False,False,PREVENTIVA,*****,CANCELADO NA NEO,MANUTENÇÃO-2026
,UR-17208,,,"1.	Fornecer e substituir o conjunto do freio estacionário (SAPATA COM LONAS, CATRACA, KIT DE MOLAS E REPAROS) CONFORME ESPECIFICAÇÃO DO FABRICANTE;
2.	Fornecer e substituir o conjunto de PASTILHA DE FREIOS DIANTEIRO E TRASEIRO CONFORME ESPECIFICAÇÃO DO FABRICANTE;
3.	Fornecer e substituir o fluído de freio conforme especificação do fabricante;
4.           Fornecer e substituir PALHETAS DO LIMPADOR DE PARA-BRISA.",True,False,False,False,PREVENTIVA,,PENDENTE NA NEO,MANUTENÇÃO-2026
,UR-17208,,,"1.    Fornecer e substituir quatro pneus 225/65R16 FIRESTONE conforme especificação do veículo;
2.     Fornecer e substituir quatro válvulas de pneu conforme especificação do veículo;
3.     Fornecer e executar quatro balanceamentos;
4      Executar alinhamento de direção. ",False,True,False,False,PREVENTIVA,,PENDENTE NA NEO,MANUTENÇÃO-2026
,UR-17208,,,"1.	Fornecer e substituir o conjunto do freio estacionário (SAPATA COM LONAS, CATRACA, KIT DE MOLAS E REPAROS) CONFORME ESPECIFICAÇÃO DO FABRICANTE;
2.	Fornecer e substituir o conjunto de PASTILHA DE FREIOS DIANTEIRO E TRASEIRO CONFORME ESPECIFICAÇÃO DO FABRICANTE;
3.	Fornecer e substituir o fluído de freio conforme especificação do fabricante;
4.           Fornecer e substituir PALHETAS DO LIMPADOR DE PARA-BRISA.",True,False,False,False,,,,veiculos_manutencao_freio
,UR-17208,,,"1.	Fornecer e substituir pastilhas de freios dianteira conforme especificação do fabricante;
2.	Fornecer e substituir pastilhas de freios traseira conforme especificação do fabricante;
3.	Fornecer e substituir fluído de freio conforme especificação do fabricante;
4.     Fornecer e substituir lonas do freio estacionário conforme especificação do fabricante.",True,False,False,False,,,,veiculos_manutencao_freio
,UR-17208,,,"1.	Fornecer e substituir o conjunto do freio estacionário (SAPATA COM LONAS, CATRACA, KIT DE MOLAS E REPAROS) CONFORME ESPECIFICAÇÃO DO FABRICANTE;
2.	Fornecer e substituir o conjunto de PASTILHA DE FREIOS DIANTEIRO E TRASEIRO CONFORME ESPECIFICAÇÃO DO FABRICANTE;
3.	Fornecer e substituir o fluído de freio conforme especificação do fabricante;
4.           Fornecer e substituir PALHETAS DO LIMPADOR DE PARA-BRISA.",True,False,False,False,,,,veiculos_manutencao_freio
,UR-17209,,0.0,"SERVIÇOS A SEREM EXECUTADOS CONFORME TERMO DE REFERÊNCIA CSM/MOpB-030/211/2023
 Viatura UR-17209 KM 85000
 Local onde encontra-se a viatura: Estação de Bombeiros Suzano - Rua Regina Cabalau Mendonça, no bairro Jardim São Luís em Suzano, SP. 08675-460
 Serviços a serem realizados:
 Fornecer serviço de guincho para deslocamento da viatura até a oficina e realização dos serviços;
 Realizar diagnóstico completo do motor, afim de verificar a necessidade de substituição de peças que não tenham possibilidade de retifica para acrescentar no termo de referência.
 Realizar apontamento da realização do serviço de retifica completa do motor conforme NBR 13032 e detalhamento das peças que necessitam ser trocadas ou outra medida que seja necessária;",False,False,False,False,,*****,CANCELADO NA NEO,MANUTENÇÃO-2023
,UR-17210,,79765.0,"1.	Fornecer e substituir o óleo do motor conforme especificação do fabricante;
2.	Fornecer e substituir o filtro de óleo do motor conforme especificação do fabricante;
3.	Fornecer e substituir o filtro de combustível conforme especificação do fabricante;
4.	Fornecer e substituir o filtro de ar do motor conforme especificação do fabricante;
5.	Fornecer e substituir válvula de pressão do turbo performance conforme especificação do fabricante;
6.     Fornecer e substituir filtro de partículas (catalisador) conforme especificação do fabricante.",False,False,True,False,PREVENTIVA,REIS DO ÓLEO JUNDIAPEBA,FINALIZADO NA NEO,MANUTENÇÃO-2023
,UR-17210,,8644.0,"1.        Fornecer e substituir válvula de pressão do turbo performance conforme especificação do fabricante;
2.     Fornecer e substituir filtro de partículas (catalisador) conforme especificação do fabricante.
",False,False,True,False,CORRETIVA,INJETRONIC,FINALIZADO NA NEO,MANUTENÇÃO-2023
,UR-17210,,0.0,"1.	Fornecer e substituir platô de embreagem conforme especificação do fabricante;
2.	Fornecer e substituir disco de embreagem conforme especificação do fabricante;
3.	Fornecer e substituir volante de embreagem conforme especificação do fabricante;
4.	Fornecer e substituir rolamento de embreagem conforme especificação do fabricante.",True,False,False,False,,*****,CANCELADO NA NEO,MANUTENÇÃO-2023
,UR-17210,36295.0,80938.0,"1.        Fornecer e substituir platô de embreagem conforme especificação do fabricante;
2.        Fornecer e substituir disco de embreagem conforme especificação do fabricante;
3.        Fornecer e substituir volante de embreagem conforme especificação do fabricante;
4.        Fornecer e substituir rolamento de embreagem conforme especificação do fabricante.
5.     Fornecer guincho para retirar a viatura.",True,False,False,False,CORRETIVA,CURIÓ,FINALIZADO NA NEO,MANUTENÇÃO-2023
,UR-17210,,0.0,"1. Serviço de regeneração: 

1.1 Limpar coletor de admissão e seus componentes; 
1.2. Limpar sistema de intercooler e fazer regeneração estática via scaner.",False,False,False,False,PREVENTIVA,*****,CANCELADO NA NEO, MANUTENÇÃO-2025
,UR-17210,,143865.0,"1.	Fornecer e substituir jogo de pastilhas de freio dianteiro conforme especificação do fabricante;
2.	Fornecer e substituir jogo de pastilhas de freio traseiro conforme especificação do fabricante;
3.     Fornecer e substituir sapatas do freio estacionário conforme especificação do fabricante.
4.     Fornecer e substituir o fluído do óleo de freio conforme especificação do fabricante.",True,False,True,False,PREVENTIVA,VG ELETRO DIESEL,FINALIZADO NA NEO, MANUTENÇÃO-2025
,UR-17210,,134328.0,"1.	Fornecer e substituir o óleo do motor conforme especificação do fabricante;
2.	Fornecer e substituir o filtro de óleo do motor conforme especificação do fabricante;
3.	Fornecer e substituir o filtro de combustível conforme especificação do fabricante;
4.	Fornecer e substituir o filtro de ar da cabine (habitáculo) conforme especificação do fabricante.
5.     Fornecer e substituir o filtro de ar do motor conforme especificação do fabricante.",False,False,True,False,PREVENTIVA,BF DIESEL,FINALIZADO NA NEO, MANUTENÇÃO-2025
,UR-17210,,,"1.	 Fornecer e substituir 01 bateria automotiva 12V L5 / 95Ah - 850 A (EN) MOURA. (COM CASCO A BASE DE TROCA);
2.	 Fornecer e substituir PALHETAS DO LIMPADOR DE PARA-BRISA
",False,False,False,True,PREVENTIVA,,PENDENTE NA NEO,MANUTENÇÃO-2026
,UR-17210,,,"1.	Fornecer e substituir platô de embreagem conforme especificação do fabricante;
2.	Fornecer e substituir disco de embreagem conforme especificação do fabricante;
3.	Fornecer e substituir volante de embreagem conforme especificação do fabricante;
4.	Fornecer e substituir rolamento de embreagem conforme especificação do fabricante.",True,False,False,False,,,,veiculos_manutencao_freio
,UR-17210,,,"1.	Fornecer e substituir jogo de pastilhas de freio dianteiro conforme especificação do fabricante;
2.	Fornecer e substituir jogo de pastilhas de freio traseiro conforme especificação do fabricante;
3.     Fornecer e substituir sapatas do freio estacionário conforme especificação do fabricante.
4.     Fornecer e substituir o fluído do óleo de freio conforme especificação do fabricante.",True,False,True,False,,,,veiculos_manutencao_freio
,UR-17210,,,"1.        Fornecer e substituir platô de embreagem conforme especificação do fabricante;
2.        Fornecer e substituir disco de embreagem conforme especificação do fabricante;
3.        Fornecer e substituir volante de embreagem conforme especificação do fabricante;
4.        Fornecer e substituir rolamento de embreagem conforme especificação do fabricante.
5.     Fornecer guincho para retirar a viatura.",True,False,False,False,,,,veiculos_manutencao_freio
,UR-17211,,150137.0,"1. Serviço de regeneração: 

1.1 Limpar coletor de admissão e seus componentes; 
1.2. Limpar sistema de intercooler e fazer regeneração estática via scaner.",False,False,False,False,PREVENTIVA,RP TRUCK,FINALIZADO NA NEO, MANUTENÇÃO-2025
,UR-17211,,21263.0,"1.	Fornecer e substituir o óleo do motor conforme especificação do fabricante;
2.	Fornecer e substituir o filtro de óleo do motor conforme especificação do fabricante;
3.	Fornecer e substituir o filtro de combustível conforme especificação do fabricante;
4.	Fornecer e substituir o filtro de ar da cabine (habitáculo) conforme especificação do fabricante.
5.     Fornecer e substituir o filtro de ar do motor conforme especificação do fabricante.
",False,False,True,False,PREVENTIVA,AUTO CENTER BASSI,FINALIZADO NA NEO, MANUTENÇÃO-2025
,UR-17211,,1247577.0,"1.     Fornecer e substituir Kit de embreagem original- conforme especificação do fabricante;
2.     Fornecer e substituir a troca do Óleo da  transmissão;
3.     Fornecer e substituir Atuador de embreagem;
4      Fornecer e substituir Retentor volante motor;
5.     Fornecer e substituir Volante do motor;
6.     Fornecer e substituir Cilindro mestre;
7.     Fornecer e substituir Fluido de freio;
8.     Fornecer e substituir Retentor da polia do motor dianteiro.",True,False,True,False,CORRETIVA,MULTI SERVICE,FINALIZADO NA NEO, MANUTENÇÃO-2025
,UR-17211,,58763.0,"1.     Substituir quatro pneus ( OS PNEUS SERÃO FORNECIDOS PELO CORPO DE BOMBEIROS 17ºGB );
2.     Fornecer e substituir quatro válvulas de pneu conforme especificação do fabricante;
3.     Fornecer e executar quatro balanceamentos;
4      Executar alinhamento de direção.
",False,True,False,False,CORRETIVA,BHB,APROVADO NA NEO,MANUTENÇÃO-2026
,UR-17211,,238257.0,"1.	Fornecer e substituir o óleo do motor conforme especificação do fabricante;
2.	Fornecer e substituir o filtro de óleo do motor conforme especificação do fabricante;
3.	Fornecer e substituir o filtro de combustível conforme especificação do fabricante;
4.	Fornecer e substituir o filtro de ar da cabine (habitáculo) conforme especificação do fabricante.
5.     Fornecer e substituir o filtro de ar do motor conforme especificação do fabricante.",False,False,True,False,PREVENTIVA,BF DIESEL,EXECUTADO,MANUTENÇÃO-2026
,UR-17211,,,"1.     Fornecer e substituir Kit de embreagem original- conforme especificação do fabricante;
2.     Fornecer e substituir a troca do Óleo da  transmissão;
3.     Fornecer e substituir Atuador de embreagem;
4      Fornecer e substituir Retentor volante motor;
5.     Fornecer e substituir Volante do motor;
6.     Fornecer e substituir Cilindro mestre;
7.     Fornecer e substituir Fluido de freio;
8.     Fornecer e substituir Retentor da polia do motor dianteiro.",True,False,True,False,,,,veiculos_manutencao_freio
,UR-17212,,2183.0,"1.	Fornecer e substituir pastilhas de freios dianteira conforme especificação do fabricante;
2.	Fornecer e substituir pastilhas de freios traseiro conforme especificação do fabricante;
4.	Fornecer e substituir fluído de freio conforme especificação do fabricante;",True,False,False,False,PREVENTIVA,CURIÓ,FINALIZADO NA NEO,MANUTENÇÃO-2023
,UR-17212,,115947.0,"1. Serviço de regeneração: 

1.1 Limpar coletor de admissão e seus componentes; 
1.2. Limpar sistema de intercooler e fazer regeneração estática via scaner.",False,False,False,False,PREVENTIVA,VG ELETRO DIESEL,FINALIZADO NA NEO, MANUTENÇÃO-2025
,UR-17212,,175757.0,"1.     Fornecer serviço de revisão de ar condiciona.
         
2.      Fornecer e substituir gás do ar condicionado ",False,False,False,False,CORRETIVA,VG ELETRO DIESEL,FINALIZADO NA NEO, MANUTENÇÃO-2025
,UR-17212,,155838.0,"1.	Fornecer e substituir o óleo do motor conforme especificação do fabricante;
2.	Fornecer e substituir o filtro de óleo do motor conforme especificação do fabricante;
3.	Fornecer e substituir o filtro de combustível conforme especificação do fabricante;
4.	Fornecer e substituir o filtro de ar da cabine (habitáculo) conforme especificação do fabricante.
5.     Fornecer e substituir o filtro de ar do motor conforme especificação do fabricante",False,False,True,False,PREVENTIVA,RP TRUCK,FINALIZADO NA NEO, MANUTENÇÃO-2025
,UR-17212,,0.0,???????????,False,False,False,False,???,*****,CANCELADO NA NEO, MANUTENÇÃO-2025
,UR-17212,,218055.0,"1.	Fornecer e substituir, PASTILHAS DE FREIOS DIANTEIRO E TRASEIRO E SENSORES, conforme especificação do fabricante;
2	Fornecer e substituir, FLUÍDO DE FREIO CONFORME ESPECIFICAÇÃO DO FABRICANTE;
",True,False,False,False,PREVENTIVA,RP TRUCK,FINALIZADO NA NEO, MANUTENÇÃO-2025
,UR-17212,,0.0,"Executar serviço  de funilaria na porta traseira lado direiro,lateral traseira direita,parachoque dianteiro lado direito, capô",False,False,False,False,CORRETIVA,*****,CANCELADO NA NEO, MANUTENÇÃO-2025
,UR-17212,,0.0,"1.        Executar serviço de funilaria e pintura no capô;
2.     Fornecer e substituir grafismo de identificação (adesivo), do capô. ",False,False,False,False,CORRETIVA,*****,CANCELADO NA NEO, MANUTENÇÃO-2025
,UR-17212,,1268669.0,"1.     Fornecer e substituir Kit de embreagem original- conforme especificação do fabricante;
2.     Fornecer e substituir a troca do Óleo da  transmisssão;
3.     Fornecer e substituir Atuador de embreagem;
4      Fornecer e substituir Retentor volante motor;
5.     Fornecer e substituir Volante do motor.",False,False,True,False,CORRETIVA,CURIÓ,CANCELADO NA NEO, MANUTENÇÃO-2025
,UR-17212,,,"1.        Fornecer e substituir o óleo do motor conforme especificação do fabricante;
2.        Fornecer e substituir o filtro de óleo do motor conforme especificação do fabricante;
3.        Fornecer e substituir o filtro de combustível conforme especificação do fabricante;
4.        Fornecer e substituir o filtro de ar da cabine (habitáculo) conforme especificação do fabricante.
5.     Fornecer e substituir o filtro de ar do motor conforme especificação do fabricante.",False,False,True,False,PREVENTIVA,,PENDENTE NA NEO, MANUTENÇÃO-2025
,UR-17212,,, Fornecer e substituir chave de seta original- conforme especificação do fabricant,False,False,False,False,CORRETIVA,,FINALIZADO NA NEO, MANUTENÇÃO-2025
,UR-17212,,,"1.     Fornecer e substituir Kit de embreagem original- conforme especificação do fabricante;
2.     Fornecer e substituir a troca do Óleo da  transmisssão;
3.     Fornecer e substituir Atuador de embreagem;
4      Fornecer e substituir Retentor volante motor;
5.     Fornecer e substituir Volante do motor.",False,False,True,False,CORRETIVA,,PENDENTE NA NEO, MANUTENÇÃO-2025
,UR-17212,,194309.0,"1.        Fornecer e substituir o óleo do motor conforme especificação do fabricante;
2.        Fornecer e substituir o filtro de óleo do motor conforme especificação do fabricante;
3.        Fornecer e substituir o filtro de combustível conforme especificação do fabricante;
4.        Fornecer e substituir o filtro de ar da cabine (habitáculo) conforme especificação do fabricante.
5.     Fornecer e substituir o filtro de ar do motor conforme especificação do fabricante.",False,False,True,False,PREVENTIVA,BHB,FINALIZADO NA NEO,MANUTENÇÃO-2026
,UR-17212,,425672.0, Fornecer e substituir chave de seta original- conforme especificação do fabricant,False,False,False,False,CORRETIVA,LAB CAR,FINALIZADO NA NEO,MANUTENÇÃO-2026
,UR-17212,,,"1.     Fornecer e substituir Kit de embreagem original- conforme especificação do fabricante;
2.     Fornecer e substituir a troca do Óleo da  transmisssão;
3.     Fornecer e substituir Atuador de embreagem;
4      Fornecer e substituir Retentor volante motor;
5.     Fornecer e substituir Volante do motor.",False,False,True,False,CORRETIVA,,PENDENTE NA NEO,MANUTENÇÃO-2026
,UR-17212,,,Fornecer e substituir 01 bateria automotiva 12V / 92Ah - vrla / agm / CCA 850 - MOURA. (COM CASCO A BASE DE TROCA) ,False,False,False,True,PREVENTIVA,,PENDENTE NA NEO,MANUTENÇÃO-2026
,UR-17212,,,"1.	Fornecer e substituir pastilhas de freios dianteira conforme especificação do fabricante;
2.	Fornecer e substituir pastilhas de freios traseiro conforme especificação do fabricante;
4.	Fornecer e substituir fluído de freio conforme especificação do fabricante;",True,False,False,False,,,,veiculos_manutencao_freio
,UR-17212,,,"1.	Fornecer e substituir, PASTILHAS DE FREIOS DIANTEIRO E TRASEIRO E SENSORES, conforme especificação do fabricante;
2	Fornecer e substituir, FLUÍDO DE FREIO CONFORME ESPECIFICAÇÃO DO FABRICANTE;
",True,False,False,False,,,,veiculos_manutencao_freio
,UR-17213,,0.0,"1. Serviço de regeneração: 

1.1 Limpar coletor de admissão e seus componentes; 
1.2. Limpar sistema de intercooler e fazer regeneração estática via scaner.",False,False,False,False,PREVENTIVA,*****,CANCELADO NA NEO, MANUTENÇÃO-2025
,UR-17213,,153867.0,"1.        Fornecer e substituir, PASTILHAS DE FREIOS DIANTEIRO E SENSORES, conforme especificação do fabricante;",True,False,False,False,PREVENTIVA,CURIÓ,FINALIZADO NA NEO, MANUTENÇÃO-2025
,UR-17213,,930678.0,"1.     Fornecer serviço de revisão de ar condicionado;        
2.     Fornecer e substituir gás do ar condicionado ;
3      Fornecer e substituir compressor do ar condicionado de acordo com a especificação do fabricante ;
4      Fornecer e substituir condensador do ar condicionado de acordo com a especificação do fabricante. ",False,False,False,False,CORRETIVA,VG ELETRO DIESEL,FINALIZADO NA NEO, MANUTENÇÃO-2025
,UR-17213,,199578.0,"1.	Fornecer e substituir o óleo do motor conforme especificação do fabricante;
2.	Fornecer e substituir o filtro de óleo do motor conforme especificação do fabricante;
3.	Fornecer e substituir o filtro de combustível conforme especificação do fabricante;
4.	Fornecer e substituir o filtro de ar da cabine (habitáculo) conforme especificação do fabricante.
5.     Fornecer e substituir o filtro de ar do motor conforme especificação do fabricante.",False,False,True,False,PREVENTIVA,J KAR,FINALIZADO NA NEO, MANUTENÇÃO-2025
,UR-17213,,15446.0,Fornecer e substituir bateria automotiva de 150Ah para veículo a diesel conforme especificação do fabricante;,False,False,False,True,PREVENTIVA,DRIFT SHOW,FINALIZADO NA NEO, MANUTENÇÃO-2025
,UR-17213,,0.0," Executar e fornecer diagnostico, teste de funcionamento mecanico e de estanqueidade dos sistema de ar condicionado.",False,False,False,False,CORRETIVA,*****,CANCELADO NA NEO,MANUTENÇÃO-2026
,UR-17213,,,"1.        Fornecer e substituir, PASTILHAS DE FREIOS DIANTEIRO E SENSORES, conforme especificação do fabricante;",True,False,False,False,,,,veiculos_manutencao_freio
,UR-17214,,200327.0,"1.	Fornecer e substituir pastilhas de freios dianteira conforme especificação do fabricante;
2.	Fornecer e substituir pastilhas de freios traseira conforme especificação do fabricante;
4.	Fornecer e substituir fluído de freio conforme especificação do fabricante;",True,False,False,False,PREVENTIVA,J KAR,FINALIZADO NA NEO,MANUTENÇÃO-2023
,UR-17214,,0.0,"1. Serviço de regeneração: 

1.1 Limpar coletor de admissão e seus componentes; 
1.2. Limpar sistema de intercooler e fazer regeneração estática via scaner.",False,False,False,False,PREVENTIVA,*****,CANCELADO NA NEO, MANUTENÇÃO-2025
,UR-17214,,0.0,"1.     Fornecer e substituir, 04 (QUATRO) PNEUS DE PRIMEIRA LINHA MARCA FIRESTONE CV 5000 - 225/75R16 - 121/120R;
2.     Fornecer e substituir, 04 (QUATRO) BICO DE AR.
3.     Fornecer e executar, ALINHAMENTO E BALANCEAMENTO.",False,True,False,False,PREVENTIVA,*****,CANCELADO NA NEO, MANUTENÇÃO-2025
,UR-17214,,158934.0,"1.	Fornecer e substituir, PASTILHAS DE FREIOS DIANTEIRO E TRASEIRO E SENSORES, conforme especificação do fabricante;
2.	Fornecer e substituir, FLUÍDO DE FREIO CONFORME ESPECIFICAÇÃO DO FABRICANTE;",True,False,False,False,PREVENTIVA,BF DIESEL,FINALIZADO NA NEO, MANUTENÇÃO-2025
,UR-17214,,0.0,"1.     Fornecer e substituir Kit de embreagem original- conforme especificação do fabricante;
2.     Fornecer e substituir a troca do Óleo da  transmisssão;
3.     Fornecer e substituir Atuador de embreagem;
4      Fornecer e substituir Retentor volante motor;
5.     Fornecer e substituir Volante do motor.",False,False,True,False,CORRETIVA,*****,CANCELADO NA NEO, MANUTENÇÃO-2025
,UR-17214,,0.0,"1.     Fornecer e substituir Kit de embreagem original- conforme especificação do fabricante;
2.     Fornecer e substituir a troca do Óleo da  transmisssão;
3.     Fornecer e substituir Atuador de embreagem;
4      Fornecer e substituir Retentor volante motor;
5.     Fornecer e substituir Volante do motor,
6.     Fornecer tranporte por guincho do veículo até a oficina para a execução do serviço.",False,False,True,False,CORRETIVA,*****,CANCELADO NA NEO, MANUTENÇÃO-2025
,UR-17214,,1605032.0,"1.     Fornecer e substituir Kit de embreagem original- conforme especificação do fabricante;
2.     Fornecer e substituir a troca do Óleo da  transmisssão;
3.     Fornecer e substituir Atuador de embreagem;
4      Fornecer e substituir Retentor volante motor;
5.     Fornecer e substituir Volante do motor,
6.     Fornecer tranporte por guincho do veículo até a oficina para a execução do serviço.",False,False,True,False,CORRETIVA,MULTI SERVICE,FINALIZADO NA NEO, MANUTENÇÃO-2025
,UR-17214,,0.0,Fornecer e substituir 01 bateria automotiva 12V / 92Ah - vrla / agm - MOURA.,False,False,False,True,CORRETIVA,*****,CANCELADO NA NEO,MANUTENÇÃO-2026
,UR-17214,,,"1.        Fornecer e substituir 01 bateria automotiva 12V / 92Ah - vrla / agm / CCA 850 - MOURA. ( COM CASCO A BASE DE TROCA )
2.     Fornecer e substituir 01 bateria automotiva 12V - C20 / 150Ah -  CCA 950 - MOURA. ( COM CASCO A BASE DE TROCA )
",False,False,False,True,CORRETIVA,,PENDENTE NA NEO,MANUTENÇÃO-2026
,UR-17214,,145676.0," Fornecer e executar a troca de 02 sensores do pedal da embreagem, superior e inferior.",False,False,False,False,CORRETIVA,BF DIESEL,APROVADO NA NEO,MANUTENÇÃO-2026
,UR-17214,,0.0,"1.     Fornecer e substituir Kit de embreagem original- conforme especificação do fabricante;
2.     Fornecer e substituir a troca do Óleo da  transmisssão;
3.     Fornecer e substituir Atuador de embreagem;
4      Fornecer e substituir Retentor volante motor;
5.     Fornecer e substituir Volante do motor;
6.     FORNECER SERVIÇO DE GUINCHO. ( localização do veículo: R. Regina Cabalau Mendonça, 364 - Jardim Japao, Suzano) ",False,False,True,False,CORRETIVA,*****,CANCELADO NA NEO,MANUTENÇÃO-2026
,UR-17214,,,"1.	Fornecer e substituir o óleo do motor conforme especificação do fabricante;
2.	Fornecer e substituir o filtro de óleo do motor conforme especificação do fabricante;
3.	Fornecer e substituir o filtro de combustível conforme especificação do fabricante;
4.	Fornecer e substituir o filtro de ar da cabine (habitáculo) conforme especificação do fabricante.
5.          Fornecer e substituir o filtro de ar do motor conforme especificação do fabricante;
6.          Fornecer e substituir PALHETAS DO LIMPADOR DE PARA-BRISAS.",False,False,True,False,PREVENTIVA,,PENDENTE NA NEO,MANUTENÇÃO-2026
,UR-17214,,,"1.	Fornecer e substituir pastilhas de freios dianteira conforme especificação do fabricante;
2.	Fornecer e substituir pastilhas de freios traseira conforme especificação do fabricante;
4.	Fornecer e substituir fluído de freio conforme especificação do fabricante;",True,False,False,False,,,,veiculos_manutencao_freio
,UR-17214,,,"1.	Fornecer e substituir, PASTILHAS DE FREIOS DIANTEIRO E TRASEIRO E SENSORES, conforme especificação do fabricante;
2.	Fornecer e substituir, FLUÍDO DE FREIO CONFORME ESPECIFICAÇÃO DO FABRICANTE;",True,False,False,False,,,,veiculos_manutencao_freio
,UT-17001,99662.0,,POLIMENTO E ADESIVAÇÃO GERAL (OBS.: SERVIÇO SENDO REALIZADO PELO CB PM EDILSON - BOMBEIRO EDUCADOR),False,False,False,False,CORRETIVA,CSM/MOpB,NÃO HOUVE O.S.,MANUTENÇÃO-2023
,UT-17001,,324299.0,"1.        Fornecer e substituir 02 pneus, dianteiros, medidas 175/70R14 de primeira linha, marca Goodyear, e bicos;
2.     Fornecer e substituir 01 bateria marca moura 60 Ah;
3.     Fornecer e substituir pastilhas de freios dianteira conforme especificação do fabricante;
4.        Fornecer e substituir lonas de freios traseiro conforme especificação do fabricante, e verificar freio estacionário;
5.        Fornecer e substituir fluído de freio conforme especificação do fabricante;
6.     Fornecer e substituir par de palhetas do limpador de para-brisa  conforme especificação do fabricante.
7.        Fornecer e executar alinhamento, balanceamento.",True,True,False,True,CORRETIVA,BHB COMÉRCIO E SERVIÇO,CANCELADO NA NEO,MANUTENÇÃO-2023
,UT-17001,,,"1.        Fornecer e substituir 02 pneus, dianteiros, medidas 175/70R14 de primeira linha, marca Goodyear, e bicos;
2.     Fornecer e substituir 01 bateria marca moura 60 Ah;
3.     Fornecer e substituir pastilhas de freios dianteira conforme especificação do fabricante;
4.        Fornecer e substituir lonas de freios traseiro conforme especificação do fabricante, e verificar freio estacionário;
5.        Fornecer e substituir fluído de freio conforme especificação do fabricante;
6.     Fornecer e substituir par de palhetas do limpador de para-brisa  conforme especificação do fabricante.
7.        Fornecer e executar alinhamento, balanceamento.",True,True,False,True,,,,veiculos_manutencao_freio
,UT-17003,,0.0,"1. Serviço de regeneração: 

1.1 Limpar coletor de admissão e seus componentes; 
1.2. Limpar sistema de intercooler e fazer regeneração estática via scaner.",False,False,False,False,PREVENTIVA,*****,CANCELADO NA NEO, MANUTENÇÃO-2025
,UT-17004,,0.0,"1.     Fornecer e executar: troca pivô lado direito; bieletas; homocinética lado direito; coxins do motor superiores lado esquerdo e direito;maçaneta traseira; sapata dos pedais acelerador, freio e embragem  e faróis.
2.     Fornecer e executar:  alinhamento e balanceamento.
",True,True,False,False,CORRETIVA,*****,CANCELADO NA NEO, MANUTENÇÃO-2025
,UT-17004,,,"1.     Fornecer e executar: troca pivô lado direito; bieletas; homocinética lado direito; coxins do motor superiores lado esquerdo e direito;maçaneta traseira; sapata dos pedais acelerador, freio e embragem  e faróis.
2.     Fornecer e executar:  alinhamento e balanceamento.
",True,True,False,False,,,,veiculos_manutencao_freio
,VO-17004,,0.0,"1.        Fornecer e substituir óleo motor conforme especificação do fabricante;
2.        Fornecer e substituir filtro de óleo do motor conforme especificação do fabricante;
3.        Fornecer e substituir filtro de combustível conforme especificação do fabricante;
4.        Fornecer e substituir filtro de ar do mtotor conforme especificação do fabricante;
5.        Fornecer e substituir filtro de ar do habitáculo conforme especificação do fabricante.
",False,False,True,False,PREVENTIVA,*****,CANCELADO NA NEO, MANUTENÇÃO-2025
,VO-17007,,948.0,"Fornecer e substituir bateria automotiva marca ""MOURA"" de 12V - 45 Ah.
",False,False,False,True,,CURIÓ,FINALIZADO NA NEO,MANUTENÇÃO-2023
,VO-17008,,1310.0,"1. Fornecer e substituir faróis dianteiro e esquerdo e direito de alta luminescência.
 2. Fornecer e substituir faróis de milha dianteiro esquerdo e direito de alta luminescência.",False,False,False,False,CORRETIVA,BF DIESEL,FINALIZADO NA NEO,MANUTENÇÃO-2023
,VO-17100,,0.0,"1. Fornecer e substituir pastilhas de freios dianteira conforme especificação do fabricante;
2. Fornecer e substituir fluído de freio conforme especificação do fabricante.",True,False,False,False,PREVENTIVA,*****,CANCELADO NA NEO,MANUTENÇÃO-2026
,VO-17100,,,"1.	Fornecer e substituir pastilhas de freios dianteira conforme especificação do veículo;
2.	Fornecer e substituir fluído de freio conforme especificação do veículo;
3.     Fornecer e substituir discos de freios dianteira conforme especificação do veículo.",True,False,False,False,PREVENTIVA,,PENDENTE NA NEO,MANUTENÇÃO-2026
,VO-17100,,,"1. Fornecer e substituir pastilhas de freios dianteira conforme especificação do fabricante;
2. Fornecer e substituir fluído de freio conforme especificação do fabricante.",True,False,False,False,,,,veiculos_manutencao_freio
,VO-17100,,,"1.	Fornecer e substituir pastilhas de freios dianteira conforme especificação do veículo;
2.	Fornecer e substituir fluído de freio conforme especificação do veículo;
3.     Fornecer e substituir discos de freios dianteira conforme especificação do veículo.",True,False,False,False,,,,veiculos_manutencao_freio
,VO-17103,,,"1. Fornecer e substituir óleo motor conforme especificação do fabricante.
 2. Fornecer e substituir filtro de óleo conforme especificação do fabricante;
 3. Fornecer e substituir filtro de combustível conforme especificação do fabricante;
 4. Fornecer e substituir filtro de ar conforme especificação do fabricante;
 5. Fornecer e substituir filtro do habitáculo especificação do fabricante.",False,False,True,False,PREVENTIVA,*****,CANCELADA NA NEO,MANUTENÇÃO-2023
,VO-17103,,0.0,"Realizar diagnósticos e providenciar os reparos, para os seguintes problemas apresentados:
        - Luz de advertência constantemente acesa no painel referente ao controle de tração não sendo possível desliga-la (botão de acionamento inoperante);
        - Luz de advertência constantemente acesa no painel referente a calibragem dos pneus;
        - Luz de advertência ocasionalmente acesa no painel referente ao air bag;
        - Direção da viatura ocasionalmente trava em movimento.
Obs: Verificar funcionamento dos ""Módulos"".
",False,True,False,False,,*****,CANCELADO NA NEO,MANUTENÇÃO-2023
,VO-17204,,35837.0,Fornecer e substituir pastilhas dianteira conforme especificação do fabricante;,True,False,False,False,PREVENTIVA,BF DIESEL,FINALIZADO NA NEO, MANUTENÇÃO-2025
,VO-17204,,54166.0,"1.	Fornecer e substituir o óleo do motor conforme especificação do fabricante;
2.	Fornecer e substituir o filtro de óleo do motor conforme especificação do fabricante;
3.	Fornecer e substituir o filtro de combustível conforme especificação do fabricante;
4.	Fornecer e substituir o filtro de ar da cabine (habitáculo) conforme especificação do fabricante.",False,False,True,False,PREVENTIVA,BF DIESEL,FINALIZADO NA NEO, MANUTENÇÃO-2025
,VO-17204,,,Fornecer e substituir pastilhas dianteira conforme especificação do fabricante;,True,False,False,False,,,,veiculos_manutencao_freio
,VO-17205,,,"1.	Fornecer e substituir, 02 (dois) PNEUS MARCA PIRELLI MODELO SCORPION ATR, 205/60R15;
7.	Fornecer e executar, ALINHAMENTO E BALANCEAMENTO.
",False,True,False,False,PREVENTIVA,,PENDENTE NA NEO,MANUTENÇÃO-2023
,VO-17205,,62082.0,"1.	Fornecer e substituir o óleo do motor conforme especificação do fabricante;
2.	Fornecer e substituir o filtro de óleo do motor conforme especificação do fabricante;
3.	Fornecer e substituir o filtro de combustível conforme especificação do fabricante;
4.	Fornecer e substituir o filtro de ar da cabine (habitáculo) conforme especificação do fabricante.",False,False,True,False,PREVENTIVA,BF DIESEL,FINALIZADO NA NEO, MANUTENÇÃO-2025
,VO-17206,,133676.0,"1.	Fornecer e substituir disco de freio dianteiro conforme especificação do fabricante;
2.     Fornecer e substituir pastilhas de freio dianteiro conforme especificação do fabricante.
",True,False,False,False,PREVENTIVA,BF DIESEL,FINALIZADO NA NEO, MANUTENÇÃO-2025
,VO-17206,,78407.0,"1.	Fornecer e substituir o óleo do motor conforme especificação do fabricante;
2.	Fornecer e substituir o filtro de óleo do motor conforme especificação do fabricante;
3.	Fornecer e substituir o filtro de combustível conforme especificação do fabricante;
4.	Fornecer e substituir o filtro de ar da cabine (habitáculo) conforme especificação do fabricante.
5.     Fornecer e substituir o filtro de ar do motor conforme especificação do fabricante.
",False,False,True,False,PREVENTIVA,AUTO CENTER BASSI,FINALIZADO NA NEO, MANUTENÇÃO-2025
,VO-17206,,,"1.	Fornecer e substituir disco de freio dianteiro conforme especificação do fabricante;
2.     Fornecer e substituir pastilhas de freio dianteiro conforme especificação do fabricante.
",True,False,False,False,,,,veiculos_manutencao_freio
,VO-28,,0.0,"1. Fornecer e executar, SERVIÇO DE FUNILARIA E PINTURA NO CAPÔ, E FINAL DA COLUNA  L.D. (lado direito -passageiro) ABAIXO DO TETO.
Obs: Respeitar e seguir a cor existente,  padrão Corpo de Bombeiros.",False,False,False,False,CORRETIVA,*****,CANCELADO NA NEO, MANUTENÇÃO-2025
,,,,REVISÃO DE FREIO,True,False,False,False,,,PENDENTE,CONTROLE  MAN. 181920
,,,0.0,"1.        Fornecer e substituir 04 pneus, traseiros, medidas 7,50-16 - 116/114 de primeira linha, Marca Pirelli  Anteo-59 Nylon, 04 válvulas simples, 02 prolongadores, e câmaras e protetores;
2.        Fornecer e executar alinhamento e balanceamento.",False,True,False,False,CORRETIVA,*****,CANCELADO NA NEO,MANUTENÇÃO-2024
,,,0.0,"1.        Fornecer e substituir barra curta e barra longa parte dianteira;
2.     Fornecer e substituir 02 (dois) pivôs superiores, e 02 (dois) pivôs inferiores;
3.     Fornecer e substituir pastilhas de freios dianteira, primeira linha, conforme especificação do fabricante;
5.        Fornecer e substituir fluído de freio, conforme especificação do fabricante;
7.        Fornecer e executar alinhamento, balanceamento.
",True,True,False,False,CORRETIVA,*****,CANCELADO NA NEO,MANUTENÇÃO-2024
,,,0.0,"1.	Fornecer e substituir, 02 (dois) PNEUS MARCA PIRELLI MODELO SCORPION ATR, 205/60R15;
7.	Fornecer e executar, ALINHAMENTO E BALANCEAMENTO.
",False,True,False,False,PREVENTIVA,*****,CANCELADO NA NEO,MANUTENÇÃO-2024
,,,0.0,"1.	Fornecer e substituir pastilhas de freios dianteira conforme especificação do fabricante;
2.	Fornecer e substituir pastilhas de freios traseira conforme especificação do fabricante;
3.	Fornecer e substituir fluído de freio conforme especificação do fabricante;
4.     Fornecer e substituir lonas do freio estacionário conforme especificação do fabricante.",True,False,False,False,PREVENTIVA,*****,CANCELADO NA NEO,MANUTENÇÃO-2024
,,,0.0,"1.        Fornecer e substituir, REPAROS, VAZAMENTO DE ÓLEO NO MOTOR;
2.     Fornecer e substituir, REPAROS, VAZAMENTO DE ÓLEO HIDRÁULICO (NA PARTE TRASEIRA/ COMANDOS GERIAS E MUNCK DO  ""GUINDAUTO"");
3.     Fornecer óleo de motor, e hidráulico conforme especificação do fabricante.",False,False,True,False,CORRETIVA,*****,CANCELADO NA NEO,MANUTENÇÃO-2024
,,,0.0,"1. Fornecer e substituir 02 pneus dianteiros marca Goodyear 315/80R22.5;
2.     Fornecer e substituir duas válvulas de pneus (bicos);
3. Fornecer e executar balanceamento de dois pneus;
4. Fornecer e executar alinhamento.",False,True,False,False,CORRETIVA,*****,CANCELADO NA NEO,MANUTENÇÃO-2024
,,,0.0,"1. Fornecer e substituir, PAR DE SAPATAS DE FREIO ESTACIONÁRIO (LONAS);
2. Fornecer e substituir, CABOS PARA  FREIO ESTACIONÁRIO;",True,False,False,False,CORRETIVA,*****,CANCELADO NA NEO,MANUTENÇÃO-2024
,,,0.0,"1.        Fornecer e substituir óleo motor conforme especificação do fabricante;
2.        Fornecer e substituir filtro de óleo do motor conforme especificação do fabricante;
3.        Fornecer e substituir filtro RACOR conforme especificação do fabricante;
4.        Fornecer e substituir filtro de combustível conforme especificação do fabricante;
5.        Fornecer e substituir filtro de ar conforme especificação do fabricante.",False,False,True,False,PREVENTIVA,*****,CANCELADO NA NEO,MANUTENÇÃO-2024
,,,0.0,"1.     Fornecer e substituir grade dianteira completa conforme modelo e pintura e especificação regulamentar do Corpo de Bombeiros;
2.     Fornecer e substituir retrovisor L/D e L/E completo, conforme especificação do modelo e pintura em conformidade a cor do veículo regulamentar do Corpo de Bombeiros;
3.     Fornecer e executar funilaria e pintura da carroceria e assoalho, cabine, caçamba, para-choque dianteiro e traseiro, conforme especificação regulamentar do Corpo de Bombeiros;
4.     Fornecer e substituir canaletas das portas dianteira e portas passageiro traseira;
5.     Fornecer e executar ajuste e manutenção do sistema de travamento da porta traseira da carroceria;
6.     Fornecer e substituir braço e palhetas do limpador de para-brisa;
7.     Fornecer e substituir borrachas de vedação da portas;
8.     Fornecer e substituir frisos laterais externo;
9.     Fornecer e substituir pestanas externas dos vidros das portas dianteira e traseira;
10.   Fornecer e substituir scoop de capô, bem como executar pintura em conformidade a cor do veículo regulamentar do Corpo de Bombeiros;
11.   Fornecer e executar pintura dos estribos laterais, mata cachorro e santo antonio na cor preta conforme pintura original;
12.   Fornecer e substituir capa pedal do freio, embreagem e acelerador;
13.   Fornecer e substituir moldura da tampa traseira;
14.   Fornecer e substituir no para-choque taseiro, almofada pisante, polaina.",True,False,False,False,CORRETIVA,*****,CANCELADO NA NEO,MANUTENÇÃO-2024
,,,6432.0,"1.     Fornecer e substituir, 04 (QUATRO) PNEUS DE PRIMEIRA LINHA MARCA FIRESTONE CV 5000 - 225/75R16 - 121/120R;
2.     Fornecer e executar, ALINHAMENTO E BALANCEAMENTO.",False,True,False,False,CORRETIVA,BHB,FINALIZADO NA NEO,MANUTENÇÃO-2024
,,,0.0,"1. Fornecer e substituir o óleo do motor;
2. Fornecer e substituir o filtro de óleo do motor;
3. Fornecer e substituir o filtro de combustível;
4. Fornecer e substituir o filtro de ar do motor;
5. Fornecer e substituir o filtro de ar da cabine (ar condicionado);",False,False,True,False,PREVENTIVA,*****,CANCELADO NA NEO,MANUTENÇÃO-2024
,,,0.0,"1. Fornecer e substituir, REPAROS, APRESENTANDO VAZAMENTO DE ÓLEO NO MOTOR;
2.     Fornecer e substituir, REPAROS, VAZAMENTO DE ÓLEO HIDRÁULICO (NA PARTE TRASEIRA/ COMANDOS GERIAS E MUNCK DO  ""GUINDAUTO"");
3.     Fornecer e substituir, óleo de motor e óleo hidráulico do munck,  conforme especificação do fabricante.",False,False,True,False,CORRETIVA,*****,CANCELADO NA NEO,MANUTENÇÃO-2024
,,,0.0,"1. Fornecer e substituir o óleo do motor;
2. Fornecer e substituir o filtro de óleo do motor;
3. Fornecer e substituir o filtro de combustível;
4. Fornecer e substituir o filtro de ar do motor.",False,False,True,False,PREVENTIVA,*****,CANCELADO NA NEO,MANUTENÇÃO-2024
,,,0.0,"Fornecer e substituir, 01 (par) de palhetas/ limpador de para-brisa, original conforme especificação do fabricante.",False,False,False,False,CORRETIVA,*****,CANCELADO NA NEO,MANUTENÇÃO-2024
,,,0.0,"Fornecer, substituir e executar, REPARO ELÉTRICO NA  ENTRADA AUXILIAR ""USB E CARREGADOR"", CONFORME ESPECIFICAÇÃO DO FABRICANTE;",False,False,False,False,PREVENTIVA,*****,CANCELADO NA NEO,MANUTENÇÃO-2024
,,,0.0,"1. Fornecer e substituir, correia, esticador/ tensionador, polia do motor.",False,False,False,False,PREVENTIVA,*****,CANCELADO NA NEO,MANUTENÇÃO-2024
,,,0.0,"1.        Fornecer e substituir, QUITE/ TERMINAL E PIVÔS, DA ALAVANCA DE CÂMBIO E BUCHAS, conforme especificação do fabricante;
2.        Fornecer e substituir, VAZAMENTO DA BOMBA, DO SISTEMA HIDRÁULICO DO BASCULAMENTO DA CABINE, conforme especificação do fabricante.",False,False,False,False,CORRETIVA,*****,CANCELADO NA NEO,MANUTENÇÃO-2024
,,,0.0,"1.        Fornecer e substituir, 02 PNEUS DIANTEIROS 275/80 R22,5 - 149/146L DE PRIMEIRA LINHA, de marca PIRELLI e 02 válvulas simples;
2.        Fornecer e executar, ALINHAMENTO E BALANCEAMENTO.",False,True,False,False,CORRETIVA,*****,CANCELADO NA NEO,MANUTENÇÃO-2024
,,,0.0,Fornecer e substituir pastilhas de freio dianteiro e traseiro conforme especificação do fabricante.,True,False,False,False,PREVENTIVA,*****,CANCELADO NA NEO,MANUTENÇÃO-2024
,,,0.0,"1.        Fornecer e substituir correia do alternador conforme especificação do fabricante;
2.        Fornecer e substituir rolamento suporte da correia do alternador conforme especificação do fabricante;
3.        Fornecer e substituir suporte da correia do alternador conforme especificação do fabricante;
4.     Fornecer transporte do veiculo (GUINCHO) para veículo que esta no Corpo de Bombeiros de Itaquaquecetuba, R. Ali Hamoud, 162 - Jardim Alpes de Itaqua, Itaquaquecetuba - SP, 08588-630, para aproximadamente 200 km de transporte até o destino.",False,False,False,True,CORRETIVA,*****,CANCELADO NA NEO,MANUTENÇÃO-2024
,,,1460.0,"Fornecer e substituir conjunto de relação, coroa, pinhão e corrente.",False,False,False,False,PREVENTIVA,TOTAL MOTOS,CANCELADO NA NEO,MANUTENÇÃO-2024
,,,0.0,"1.        Fornecer e substituir 02 dois pneus pirelli all terrain plus scorpion 265/65 R17;
2.        Fornecer e substituir 02 bicos de pneus (válvulas);
3.        Fornecer e executa 02 dois balanceamentos de pneus;
4.        Fornecer e executar alinhamento.",False,True,False,False,PREVENTIVA,*****,CANCELADO NA NEO,MANUTENÇÃO-2024
,,,0.0,Fornecer e substituir pastilhas de freio dianteiro e traseiro conforme especificação do fabricante.,True,False,False,False,PREVENTIVA,*****,CANCELADO NA NEO,MANUTENÇÃO-2024
,,,0.0,"1.        Fornecer e substituir, PASTILHA DE FREIOS "" DIANTEIROS "", MARCA JURID conforme especificação do fabricante;
2.     Fornecer e substituir, LONAS DE FREIO ""TRASEIRO"", conforme especificação do fabricante;
3.     Fornecer e substituir, AJUSTE E REGULAGEM DO FREIO ESTACIONÁRIO;
2.        Fornecer e substituir, FLUÍDO DE FREIO, conforme especificação do fabricante.",True,False,False,False,PREVENTIVA,*****,CANCELADO NA NEO,MANUTENÇÃO-2024
,,,0.0,"1.        Fornecer e substituir o óleo do motor conforme especificação do fabricante;
2.        Fornecer e substituir o filtro de óleo do motor conforme especificação do fabricante;
3.        Fornecer e substituir o filtro de combustível conforme especificação do fabricante;
4.        Fornecer e substituir o filtro de ar do motor conforme especificação do fabricante;
5.        Fornecer e substituir o filtro de ar da cabine (ar condicionado) conforme especificação do fabricante.",False,False,True,False,PREVENTIVA,*****,CANCELADO NA NEO,MANUTENÇÃO-2024
,,,0.0,"1.        Fornecer e substituir conjunto de relação, coroa, pinhão e corrente conforme especificação do fabricante;
2.     Fornecer e substituir óleo das bengalas conforme especificação do fabricante;
3.     Fornecer e substituir óleo de moto conforme especificação do fabricante;
4      Fornecer e substituir filtro de óleo de moto conforme especificação do fabricante;
5.     Fornecer e substituir filtro de ar conforme especificação do fabricante.",False,False,True,False,CORRETIVA,*****,CANCELADO NA NEO,MANUTENÇÃO-2024
,,,0.0,"1.        Fornecer e substituir óleo motor conforme especificação do fabricante;
2.        Fornecer e substituir filtro de óleo do motor conforme especificação do fabricante;
3.        Fornecer e substituir filtro RACOR conforme especificação do fabricante;
4.        Fornecer e substituir filtro de combustível conforme especificação do fabricante;
5.        Fornecer e substituir filtro de ar conforme especificação do fabricante.",False,False,True,False,PREVENTIVA,*****,CANCELADO NA NEO,MANUTENÇÃO-2024
,,304000.0,16351.0, Fornecer e executar alinhamento de direção.,False,True,False,False,PREVENTIVA,ÁPICE MOGI,CONCLUÍDO,MANUTENÇÃO-2024
,,,0.0,"1.        Fornecer e substituir 04 pneus, 175/70R14 de primeira linha, marca Pirelli, e bicos;
2.        Fornecer e executar alinhamento e balanceamento;
3.     Fornecer e executar pintura geral, incluindo capota rígida na cor padrão Corpo de Bombeiros;
4.     Fornecer e substituir, 02 (dois) farol completo;
5.     Fornecer e substituir bateria primeira linha marca moura 52 Ah;
6.     Fornecer e substituir troca de óleo de motor;
7.     Fornecer e substituir filtros de óleo e de motor;
8.     Fornecer e substituir limpeza geral no sistema de arrefecimento;
9.     Fornecer e executar retífica completa do motor.",False,True,True,True,CORRETIVA,*****,CANCELADO NA NEO,MANUTENÇÃO-2024
,,,0.0," Fornecer e executar instalação de bateria veículo a diesel marca ""MOURA"" 12V - C20 / 150Ah.
",False,False,False,True,CORRETIVA,*****,CANCELADO NA NEO,MANUTENÇÃO-2024
,,,1326525.0,"1.        Fornecer e substituir, MANGA DE EIXO DIANTEIRO;
2.        Fornecer e executar, MOLAS DIANTEIRAS;
3.     Fornecer e substituir, MOLAS DIANTERIAS;
4.     Fornecer e substituir, 2 (dois) AMORTECEDORES DIANTEIRO;
5.     Fornecer, ALIHAMENTO E BALANCEAMENTO.",False,True,False,False,CORRETIVA,NAVARRO,FINALIZADO NA NEO,MANUTENÇÃO-2024
,,,0.0,REVISAO DO SISTEMA DE AR CONDICIONADO,False,False,False,False,CORRETIVA,*****,CANCELADO NA NEO,MANUTENÇÃO-2024
,,,0.0,??????????,False,False,False,False,???,*****,CANCELADO NA NEO,MANUTENÇÃO-2024
,,,277493.0,"1.     Fornecer e substituir, REPAROS NAS CUICAS TRASEIRAS;
3.     Fornecer e substituir, REPAROS NA PARTE ELÉTRICA;
4.     Fornecer e executar, ENGRAXAR SUSPENSÃO.",False,False,False,False,CORRETIVA,NAVARRO,FINALIZADO NA NEO,MANUTENÇÃO-2024
,,,0.0,"1.        Fornecer e substituir, MOLA TRASEIRA ESQUERDA;
2.     Fornecer, ALIHAMENTO E BALANCEAMENTO.",False,True,False,False,CORRETIVA,*****,CANCELADO NA NEO,MANUTENÇÃO-2024
,,,0.0,"1.     Fornecer e substituir, retifica completa de motor e peças.
2.     Fornecer e substituir grade dianteira completa conforme modelo e pintura e especificação regulamentar do Corpo de Bombeiros;
3.     Fornecer e substituir retrovisor L/D e L/E completo, conforme especificação do modelo e pintura em conformidade a cor do veículo regulamentar do Corpo de Bombeiros;
4.     Fornecer e executar funilaria e pintura da carroceria e assoalho, cabine, caçamba, para-choque dianteiro e traseiro, conforme especificação regulamentar do Corpo de Bombeiros;
5.     Fornecer e substituir canaletas das portas dianteira e portas passageiro traseira;
6.     Fornecer e executar ajuste e manutenção do sistema de travamento da porta traseira da carroceria;
7.     Fornecer e substituir braço e palhetas do limpador de para-brisa;
8.     Fornecer e substituir borrachas de vedação da portas;
9.     Fornecer e substituir frisos laterais externo;
10.     Fornecer e substituir pestanas externas dos vidros das portas dianteira e traseira;
11.   Fornecer e substituir scoop de capô, bem como executar pintura em conformidade a cor do veículo regulamentar do Corpo de Bombeiros;
12.   Fornecer e executar pintura dos estribos laterais, mata cachorro e santo antonio na cor preta conforme pintura original;
13.   Fornecer e substituir capa pedal do freio, embreagem e acelerador;
14.   Fornecer e substituir moldura da tampa traseira;
15.   Fornecer e substituir no para-choque taseiro, almofada pisante, polaina.",True,False,False,False,CORRETIVA,*****,CANCELADO NA NEO,MANUTENÇÃO-2024
,,,0.0,PLATO EMBREAGEM; DISCO EMBREAGEM; RETENTOR DO VOLANTE; RETIFICA VOLANTE DO MOTOR;  ROLAMENTO EMBREAGEM COLAR; FRASCO DE 500 ML FLUIDO DOT4 EMBREAGEM ,True,False,False,False,CORRETIVA,*****,CANCELADO NA NEO,MANUTENÇÃO-2024
,,,0.0,"1.        Fornecer e substituir, CONJUNTO DE RELAÇÃO, COROA, PINHÃO E CORRENTE, conforme especificação do fabricante;
2.     Fornecer e substituir, JOGO DE JUNTA COMPLETO DE MOTOR;
2.     Fornecer e substituir, ""EIXO""  PINHÃO DO CÂMBIO ORIGINAL; conforme especificação do fabricante;
3.     Fornecer e substituir, ÓLEO DE MOTOR, conforme especificação do fabricante;
4      Fornecer e substituir, FILTRO DE ÓLEO, conforme especificação do fabricante;
5.     Fornecer e substituir, FILTRO DE COMBUSTÍVEL ORIGINAL, conforme especificação do fabricante;
6.     Fornecer e substituir, 01 (um) PNEU DIANT. 100/90/19 E 01 (UM) PNEU TRAS. 130/8017,  PIRELLI, METZELER, e ou primeira linha",False,True,True,False,CORRETIVA,*****,CANCELADO NA NEO,MANUTENÇÃO-2024
,,,153756.0,"Fornecer e substituir para-brisa conforme especificação do fabricante
",False,False,False,False,CORRETIVA,EVR,FINALIZADO NA NEO,MANUTENÇÃO-2024
,,,0.0,"1.     Fornecer e substituir, retifica completa de motor e peças.
2.     Fornecer e substituir grade dianteira completa conforme modelo e pintura e especificação regulamentar do Corpo de Bombeiros;
3.     Fornecer e substituir retrovisor L/D e L/E completo, conforme especificação do modelo e pintura em conformidade a cor do veículo regulamentar do Corpo de Bombeiros;
4.     Fornecer e executar funilaria e pintura da carroceria e assoalho, cabine, caçamba, para-choque dianteiro e traseiro, conforme especificação regulamentar do Corpo de Bombeiros;
5.     Fornecer e substituir canaletas das portas dianteira e portas passageiro traseira;
6.     Fornecer e executar ajuste e manutenção do sistema de travamento da porta traseira da carroceria;
7.     Fornecer e substituir braço e palhetas do limpador de para-brisa;
8.     Fornecer e substituir borrachas de vedação da portas;
9.     Fornecer e substituir frisos laterais externo;
10.     Fornecer e substituir pestanas externas dos vidros das portas dianteira e traseira;
11.   Fornecer e substituir scoop de capô, bem como executar pintura em conformidade a cor do veículo regulamentar do Corpo de Bombeiros;
12.   Fornecer e executar pintura dos estribos laterais, mata cachorro e santo antonio na cor preta conforme pintura original;
13.   Fornecer e substituir capa pedal do freio, embreagem e acelerador;
14.   Fornecer e substituir moldura da tampa traseira;
15.   Fornecer e substituir no para-choque taseiro, almofada pisante, polaina.
",True,False,False,False,CORRETIVA,*****,CANCELADO NA NEO,MANUTENÇÃO-2024
,,,117217.0,"1.	Fornecer e substituir o óleo do motor conforme especificação do fabricante;
2.	Fornecer e substituir o filtro de óleo do motor conforme especificação do fabricante;
3.	Fornecer e substituir o filtro de combustível conforme especificação do fabricante;
4.	Fornecer e substituir o filtro de ar do motor conforme especificação do fabricante;
5.	Fornecer e substituir o filtro de ar da cabine (habitáculo) conforme especificação do fabricante.",False,False,True,False,PREVENTIVA,DOM AUTO CENTER,CANCELADO NA NEO,MANUTENÇÃO-2024
,,,317977.0,"1.        Fornecer e substituir, PASTILHAS DE FREIOS DIANTEIRO E TRASEIRO E SENSORES, conforme especificação do fabricante;
2.     Fornecer e substituir, DISCO DE FREIOS DIANTEIROS E TRASEIROS, conforme especificação do fabricante;
3.        Fornecer e substituir, FLUÍDO DE FREIO CONFORME ESPECIFICAÇÃO DO FABRICANTE;",True,False,False,False,PREVENTIVA,BHB,FINALIZADO NA NEO,MANUTENÇÃO-2024
,,,134399.0,"1.        Fornecer e substituir, PASTILHAS DE FREIOS DIANTEIRO E TRASEIRO E SENSORES, conforme especificação do fabricante;
2.        Fornecer e substituir, FLUÍDO DE FREIO CONFORME ESPECIFICAÇÃO DO FABRICANTE;",True,False,False,False,PREVENTIVA,CURIÓ,FINALIZADO NA NEO,MANUTENÇÃO-2024
,,,38618.0,"1.        Fornecer e substituir, óleo do diferencial, conforme especificação do fabricante;",False,False,True,False,PREVENTIVA,MARVANS,CANCELADO NA NEO,MANUTENÇÃO-2024
,,,269301.0,"1.        Fornecer e substituir, Central de fusíveis e rele , conforme especificação do fabricante;",False,False,False,False,CORRETIVA,DOM AUTO CENTER,CANCELADO NA NEO,MANUTENÇÃO-2024
,,,0.0,"1.     Retirar revestimentos internos;
2.     Fazer adequação da parte elétrica interna;
3.     Fornecer e colocar chapa de alumínio  para revestir o piso e laterais do veículo;
4.     Fornecer e colocar ganchos  de fixação para laterais;
5.     Fornecer e sustituir adesivos de acordo o  padrão do Corpo de Bombeiros;
6.     Fazer polimento completo do veículo.
",False,False,False,False,CORRETIVA,*****,CANCELADO NA NEO,MANUTENÇÃO-2024
,,,0.0,"1.	Fornecer e substituir, 02 (dois) PNEUS DIANTEIROS 205/55 R16 91H - PRIMEIRA LINHA, de marca DUNLOP, modelo ENASAVE EC 300+
2.     Fornecer e substituir 02 (duas) válvulas (bicos) simples de enchimento para os pneus a serem substituídos;
3.	Realizar o alinhamento de direção;
4.     Realizar o balancemanto das 04 (quatro) rodas.",False,True,False,False,PREVENTIVA,*****,CANCELADO NA NEO,MANUTENÇÃO-2024
,,,0.0,"1.	Fornecer e substituir kit de embreagem (platô e disco) conforme especificação do fabricante;
2.	Fornecer e substituir kit  caixa seca;",True,False,False,False,CORRETIVA,*****,CANCELADO NA NEO,MANUTENÇÃO-2024
,,,0.0,"1.	Fornecer e executar, LAVAGEM  E LUBRIFICAÇÃO GERAL",False,False,False,False,PREVENTIVA,*****,CANCELADO NA NEO,MANUTENÇÃO-2024
,,,,"1. Serviço de LIMPEZA do sistema de injeção de combustível; 
2. SERVIÇO DE LIMPEZA da bomba, bicos injetores e limpeza no sistema em Geral.
",False,False,False,False,PREVENTIVA,,PENDENTE NA NEO,MANUTENÇÃO-2024
,,,0.0,"1.	Fornecer e substituir, CONJUNTO DE RELAÇÃO, COROA, PINHÃO E CORRENTE, conforme especificação do fabricante;
2.     Retifica  COMPLETA DO MOTOR;
2.     Fornecer e substituir, ""EIXO""  PINHÃO DO CÂMBIO ORIGINAL; conforme especificação do fabricante;
3.     Fornecer e substituir, ÓLEO DE MOTOR, conforme especificação do fabricante;
4      Fornecer e substituir, FILTRO DE ÓLEO, conforme especificação do fabricante;
5.     Fornecer e substituir, FILTRO DE COMBUSTÍVEL ORIGINAL, conforme especificação do fabricante;
6.     Fornecer e substituir, 01 (um) PNEU DIANT. 100/90/19 E 01 (UM) PNEU TRAS. 130/8017,  PIRELLI, METZELER, e ou primeira linha",False,True,True,False,CORRETIVA,*****,CANCELADO NA NEO,MANUTENÇÃO-2024
,,,0.0,"1.        Fornecer e substituir, PASTILHA DE FREIOS ""DIANTEIROS"", MARCA JURID CONFORME ESPECIFICAÇÃO DO FABRICANTE;
2.        Fornecer e substituir, FLUÍDO DE FREIO CONFORME ESPECIFICAÇÃO DO FABRICANTE.",True,False,False,False,PREVENTIVA,*****,CANCELADO NA NEO,MANUTENÇÃO-2024
,,,0.0,"1.        Fornecer e substituir, Central de fusíveis e rele , conforme especificação do fabricante;",False,False,False,False,CORRETIVA,*****,CANCELADO NA NEO,MANUTENÇÃO-2024
,,,332434.0,SERVIÇO DE MOLAS: TRASEIRO - 11140/12140 - 1. FOLHA; ESPIGAO ACO COM PORCA M; SAFTS SERVIÇO ARQUEAMENTO DE FEIXE TS; SMTE SERV MOL TS ES; SMTD SERV MOL TS DR;  AUXILIAR - CARGO 1415/1419/1422/3050 - 1. FOLHA; ESPIGAO ACO COM PORCA P,False,False,False,False,CORRETIVA,DUTRA MOLAS,CONCLUÍDO,MANUTENÇÃO-2024
,,,74916.0,"Fornecer e substituir, ÓLEO DE TRANSMISSÃO, (do corpo de bomba), conforme especificação do fabricante;
",False,False,True,False,PREVENTIVA,REIS DO ÓLEO,FINALIZADO NA NEO,MANUTENÇÃO-2024
,,,102298.0,"1.     Fornecer serviço de revisão de ar condiciona.         
2.      Fornecer e substituir gás do ar condicionado 
",False,False,False,False,CORRETIVA,COSMORAMA,FINALIZADO NA NEO,MANUTENÇÃO-2024
,,,0.0,"1.	Fornecer serviço de funilaria e pintura no teto da cabine;
2.	Fornecer e substituir adesivo com o prefixo de acordo com o modelo existente na parte externa ;
3.	Fornecer e substituir máquina do vidro lado esquerdo traseiro.
",False,False,False,False,CORRETIVA,*****,CANCELADO NA NEO,MANUTENÇÃO-2024
,,,0.0,"1.        Fornecer e substituir turbina do motor conforme especificação do fabricante;
2.        Fornecer e substituir óleo do motor conforme especificação do fabricante;
3.        Fornecer e substituir filtro de óleo do motor conforme especificação do fabricante;
4.     Fornecer e substituir filtro de combustível conforme especificação do fabricante;
5.     Fornecer e substituir filtro de ar conforme especificação do fabricante;",False,False,True,False,CORRETIVA,*****,CANCELADO NA NEO,MANUTENÇÃO-2024
,,,0.0,"1.        Fornecer e substituir, Central de fusíveis e rele , conforme especificação do fabricante;
2.     Número do Part Number: 500363455-CENTRAL ELETRONICA.",False,False,False,False,CORRETIVA,*****,CANCELADO NA NEO,MANUTENÇÃO-2024
,,,0.0,"1.     Fornecer e substituir, 02 (QUATRO) PNEUS DE PRIMEIRA LINHA MARCA GOODYEAR  -AT 265/65R17 112H ;Pneu Goodyear Aro 17 Wrangler Workhorse 
2.     Fornecer e substituir, 02 BICOS DE AR
3.     Fornecer e executar, ALINHAMENTO E BALANCEAMENTO.",False,True,False,False,PREVENTIVA,*****,CANCELADO NA NEO,MANUTENÇÃO-2024
,,,0.0,"1.     Fornecer e substituir, 02 (dois) PNEUS DE PRIMEIRA LINHA MARCA GOODYEAR  -AT 265/65R17 112H ;Pneu Goodyear Aro 17 Wrangler Workhorse 
2.     Fornecer e substituir, 02 BICOS DE AR
3.     Fornecer e executar, ALINHAMENTO E BALANCEAMENTO.",False,True,False,False,PREVENTIVA,*****,CANCELADO NA NEO,MANUTENÇÃO-2024
,,,0.0,"1.	Fornecer e substituir, 04 (QUATRO) BICOS INGETORES, genuíno/ original de fábrica,  conforme especificação do fabricante;
2.	Fornecer e substituir, FILTRO DE COMBUSTÍVEL, genuíno/ original de fábrica,  conforme especificação do fabricante; ",False,False,True,False,CORRETIVA,*****,CANCELADO NA NEO,MANUTENÇÃO-2024
,,,0.0,"1.     Fornecer e substituir, 02 (DOIS) PNEUS DE PRIMEIRA LINHA, MARCA BRIDGESTONE -275/80R22.5;
2.     Fornecer e substituir, 02 BICOS DE AR
3.     Fornecer e executar, ALINHAMENTO E BALANCEAMENTO.",False,True,False,False,PREVENTIVA,*****,CANCELADO NA NEO,MANUTENÇÃO-2024
,,,0.0,"1.     Fornecer e substituir, 02 (QUATRO) PNEUS DE PRIMEIRA LINHA MARCA PIRELLI-205/60/15;
2.     Fornecer e substituir, 02 BICOS DE AR
3.     Fornecer e executar, ALINHAMENTO E BALANCEAMENTO.",False,True,False,False,PREVENTIVA,*****,CANCELADO NA NEO,MANUTENÇÃO-2024
,,,0.0,"1.     Fornecer e substituir, 02 (DOIS) PNEUS DE PRIMEIRA LINHA MARCA PIRELLI-205/65/15;
2.     Fornecer e substituir, 02 BICOS DE AR
3.     Fornecer e executar, ALINHAMENTO E BALANCEAMENTO.",False,True,False,False,PREVENTIVA,*****,CANCELADO NA NEO,MANUTENÇÃO-2024
,,,121096.0," 1.          Fornecer e substituir o óleo do motor conforme especificação do fabricante;
2.        Fornecer e substituir o filtro de óleo do motor conforme especificação do fabricante;
3.        Fornecer e substituir o filtro de combustível conforme especificação do fabricante;
4.        Fornecer e substituir o filtro de ar do motor conforme especificação do fabricante;
5.        Fornecer e substituir o filtro de ar da cabine (habitáculo) conforme especificação do fabricante.
",False,False,True,False,PREVENTIVA,MULTI SERVICE,FINALIZADO NA NEO,MANUTENÇÃO-2024
,,,0.0,"Fornecer e substituir o óleo do motor conforme especificação do fabricante;
2.        Fornecer e substituir o filtro de óleo do motor conforme especificação do fabricante;
3.        Fornecer e substituir o filtro de combustível conforme especificação do fabricante;
4.        Fornecer e substituir o filtro de ar do motor conforme especificação do fabricante;
5.        Fornecer e substituir o filtro de ar da cabine (habitáculo) conforme especificação do fabricante.",False,False,True,False,PREVENTIVA,*****,CANCELADO NA NEO,MANUTENÇÃO-2024
,,,71946.0,"1.     Fornecer e executar serviço de alinhamento e balanceamento, rodizio de pneus.",False,True,False,False,PREVENTIVA,J KAR,FINALIZADO NA NEO,MANUTENÇÃO-2024
,,,0.0,"1.        Fornecer e substituir 04 Pneus Firestone Aro 16 CV5000 205/75R16C 110/108R;
2.        Fornecer e substituir 04 bicos de pneus conforme especificação do fabricante;
3.        Fornecer e executar 04 balanceamentos de pneus;
5.     Fornecer e executar alinhamento.",False,True,False,False,PREVENTIVA,*****,CANCELADO NA NEO,MANUTENÇÃO-2024
,,,0.0,"1.	Substituir 02 pneus que serão fornecidos pelo 17ºGB;
2.     Fornecer e substituir 02 válvulas de pneus;
3.     Fornecer e substituir óleo de motor conforme especificação do fabricante;
4      Fornecer e substituir filtro de óleo de moto conforme especificação do fabricante;
5.     Fornecer e substituir filtro de ar conforme especificação do fabricante.
6.     Substituir pastilhas de freio dianteiro que serão fornecidas pelo 17ºGB.",True,True,True,False,PREVENTIVA,*****,CANCELADO NA NEO,MANUTENÇÃO-2024
,,,0.0,"1.	Fornecer e substituir, Central de fusíveis e rele , conforme especificação do fabricante;
2.     Número do Part Number: 500363455-CENTRAL ELETRONICA.
3.     Fornecer serivço de revisão da parte elétrica.",False,False,False,False,CORRETIVA,*****,CANCELADO NA NEO,MANUTENÇÃO-2024
,,,0.0,"1.        Fornecer e substituir 2 (DOIS) QUITES DE AMORTECEDORES DIANTEIRO genuíno/ primeira linha, conforme especificação do fabricante;
2.        Fornecer e substituir 2 (DOIS) QUITES DE BIELETAS DIANT. genuíno/ primeira linha conforme especificação do fabricante;",False,False,False,False,CORRETIVA,*****,CANCELADO NA NEO,MANUTENÇÃO-2024
,,,0.0,"1.        Substituir 02 pneus que serão fornecidos pelo 17ºGB;
2.     Fornecer e substituir câmara de ar dianteiro e traseiro;
3.     Fornecer e substituir óleo de motor conforme especificação do fabricante;
4      Fornecer e substituir filtro de óleo de moto conforme especificação do fabricante;
5.     Fornecer e substituir filtro de ar conforme especificação do fabricante;
6.     Substituir pastilhas de freio dianteiro que serão fornecidas pelo 17ºGB.",True,True,True,False,PREVENTIVA,*****,CANCELADO NA NEO,MANUTENÇÃO-2024
,,,287246.0,"1.	Fornecer serviço de funilaria e pintura no teto da cabine;
2.	Fornecer e substituir adesivo com o prefixo de acordo com o modelo existente na parte externa ;
3.	Fornecer e substituir máquina do vidro lado esquerdo traseiro.
",False,False,False,False,CORRETIVA,R2S,FINALIZADO NA NEO,MANUTENÇÃO-2024
,,,380185.0,"1.     Fornecer e substituir, 04 (QUATRO) ESTRIBOS / ESCADA - DEGRAU, COM TAPETE PISANTE, LADO ESQUERDO E DIREITO;
2.     Fornecer e substituir, SUPORTE COM REFORÇO DOS DEGRAUS INFERIORES;
3.    Fornecer e substituir, FILTRO DE COMBUSTÍVEL COM DRENO, de acordo com as especificações do fabricante. ",False,False,True,False,CORRETIVA,BF DIESEL,FINALIZADO NA NEO,MANUTENÇÃO-2024
,,,56258.0,"1.	Fornecer e substituir o óleo do motor conforme especificação do fabricante;
2.	Fornecer e substituir o filtro de óleo do motor conforme especificação do fabricante;
3.	Fornecer e substituir o filtro de combustível conforme especificação do fabricante;
4.	Fornecer e substituir o filtro de ar da cabine (habitáculo) conforme especificação do fabricante.",False,False,True,False,PREVENTIVA,BASSI,FINALIZADO NA NEO,MANUTENÇÃO-2024
,,,,"1. Serviço de regeneração: 

1.1 Limpar coletor de admissão e seus componentes; 
1.2. Limpar sistema de intercooler e fazer regeneração estática via scaner.",False,False,False,False,PREVENTIVA,,PENDENTE NA NEO,MANUTENÇÃO-2024
,,,80267.0,"1.	Fornecer serviço de funilaria e pintura no  PARACHOQUE DIANTEIRO conformeo fabricante;
2.	FOTOS ESTÃO EM ANEXO.",False,False,False,False,CORRETIVA,J KAR,FINALIZADO NA NEO,MANUTENÇÃO-2024
,,,0.0,??????????,False,False,False,False,*****,*****,CANCELADO NA NEO,MANUTENÇÃO-2024
,,,70.0,"1.	Fornecer serviço de exagraxamento do CARDAN;
2.	Fornecer Lubrificante à base de sabão de lítio e de grau Ep2.",False,False,True,False,PREVENTIVA,REIS DO ÓLEO,FINALIZADO NA NEO,MANUTENÇÃO-2024
,,,10278.0,"1.	Fornecer serviço de exagraxamento do CARDAN;
2.	Fornecer Lubrificante à base de sabão de lítio e de grau Ep2.",False,False,True,False,PREVENTIVA,REIS DO ÓLEO,FINALIZADO NA NEO,MANUTENÇÃO-2024
,,,10278.0,"1.	Fornecer serviço de exagraxamento do CARDAN;
2.	Fornecer Lubrificante à base de sabão de lítio e de grau Ep2.",False,False,True,False,PREVENTIVA,REIS DO ÓLEO,FINALIZADO NA NEO,MANUTENÇÃO-2024
,,,10278.0,"1.	Fornecer serviço de exagraxamento do CARDAN;
2.	Fornecer Lubrificante à base de sabão de lítio e de grau Ep2.",False,False,True,False,PREVENTIVA,REIS DO ÓLEO,FINALIZADO NA NEO,MANUTENÇÃO-2024
,,,110217.0,1.     Substituir mangueira do compressor do ar condicionado.,False,False,False,False,CORRETIVA,RP TRUCK,FINALIZADO NA NEO,MANUTENÇÃO-2024
,,,0.0,"1.     Fornecer e substituir, 04 (QUATRO) PNEUS DE PRIMEIRA LINHA MARCA FIRESTONE CV 5000 - 225/75R16 - 121/120R;
3.     Fornecer e executar, ALINHAMENTO E BALANCEAMENTO.",False,True,False,False,PREVENTIVA,*****,CANCELADO NA NEO,MANUTENÇÃO-2024
,,,2090.0,SUBSTITUIÇÃO DO KIT VISUAL COMPLETO,False,False,False,False,CORRETIVA,LUIZ (ENGESIG),,MANUTENÇÃO-2024
,,,2820.0,SUBSTITUIÇÃO DO KIT SONORO E VISUAL COMPLETO,False,False,False,False,CORRETIVA,LUIZ (ENGESIG),,MANUTENÇÃO-2024
,,,,"1.     Fornecer serviço de revisão de ar condiciona.         
2.      Fornecer e substituir gás do ar condicionado 
",False,False,False,False,CORRETIVA,,PENDENTE NA NEO,MANUTENÇÃO-2024
,,,0.0,??????????,False,False,False,False,???,*****,CANCELADO NA NEO,MANUTENÇÃO-2024
,,,203788.0,"1.        Fornecer e substituir o óleo do motor conforme especificação do fabricante;
2.        Fornecer e substituir o filtro de óleo do motor conforme especificação do fabricante;
3.        Fornecer e substituir o filtro de combustível conforme especificação do fabricante;
4.        Fornecer e substituir o filtro de ar da cabine (habitáculo) conforme especificação do fabricante.
5.     Fornecer e substituir o filtro de ar do motor conforme especificação do fabricante.",False,False,True,False,PREVENTIVA,BASSI,FINALIZADO NA NEO,MANUTENÇÃO-2024
,,,105443.0,"1.	Fornecer e substituir, Módulo Controlador da caixa fusíveis e cabine , conforme especificação do fabricante;
2.     Número do Part Number: 500363455-CENTRAL ELETRONICA.
3.     Fornecer seriviço de revisão da parte elétrica.
4.     Fotos da peça estão em anexo.",False,False,False,False,CORRETIVA,VG ELETRO DIESEL,FINALIZADO NA NEO,MANUTENÇÃO-2024
,,,,"1.	Fornecer e substituir óleo motor conforme especificação do fabricante;
2.	Fornecer e substituir filtro de óleo do motor conforme especificação do fabricante;
3.	Fornecer e substituir filtro RACOR conforme especificação do fabricante;
4.	Fornecer e substituir filtro de combustível conforme especificação do fabricante;
5.	Fornecer e substituir filtro de ar conforme especificação do fabricante.
",False,False,True,False,PREVENTIVA,,PENDENTE NA NEO,MANUTENÇÃO-2024
,,,,"1. Serviço de regeneração: 

1.1 Limpar coletor de admissão e seus componentes; 
1.2. Limpar sistema de intercooler e fazer regeneração estática via scaner.",False,False,False,False,PREVENTIVA,,PENDENTE NA NEO,MANUTENÇÃO-2024
,,,,"1. Serviço de regeneração: 

1.1 Limpar coletor de admissão e seus componentes; 
1.2. Limpar sistema de intercooler e fazer regeneração estática via scaner.",False,False,False,False,PREVENTIVA,,PENDENTE NA NEO,MANUTENÇÃO-2024
,,,,"1. Serviço de regeneração: 

1.1 Limpar coletor de admissão e seus componentes; 
1.2. Limpar sistema de intercooler e fazer regeneração estática via scaner.",False,False,False,False,PREVENTIVA,,PENDENTE NA NEO,MANUTENÇÃO-2024
,,,,"1. Serviço de regeneração: 

1.1 Limpar coletor de admissão e seus componentes; 
1.2. Limpar sistema de intercooler e fazer regeneração estática via scaner.",False,False,False,False,PREVENTIVA,,PENDENTE NA NEO,MANUTENÇÃO-2024
,,,,"1. Serviço de regeneração: 

1.1 Limpar coletor de admissão e seus componentes; 
1.2. Limpar sistema de intercooler e fazer regeneração estática via scaner.",False,False,False,False,PREVENTIVA,,PENDENTE NA NEO,MANUTENÇÃO-2024
,,,,"1. Serviço de regeneração: 

1.1 Limpar coletor de admissão e seus componentes; 
1.2. Limpar sistema de intercooler e fazer regeneração estática via scaner.",False,False,False,False,PREVENTIVA,,PENDENTE NA NEO,MANUTENÇÃO-2024
,,,,"1. Serviço de regeneração: 

1.1 Limpar coletor de admissão e seus componentes; 
1.2. Limpar sistema de intercooler e fazer regeneração estática via scaner.",False,False,False,False,PREVENTIVA,,PENDENTE NA NEO,MANUTENÇÃO-2024
,,,,"1. Serviço de regeneração: 

1.1 Limpar coletor de admissão e seus componentes; 
1.2. Limpar sistema de intercooler e fazer regeneração estática via scaner.",False,False,False,False,PREVENTIVA,,PENDENTE NA NEO,MANUTENÇÃO-2024
,,,,"1. Serviço de regeneração: 

1.1 Limpar coletor de admissão e seus componentes; 
1.2. Limpar sistema de intercooler e fazer regeneração estática via scaner.",False,False,False,False,PREVENTIVA,,PENDENTE NA NEO,MANUTENÇÃO-2024
,,,,"1. Serviço de regeneração: 

1.1 Limpar coletor de admissão e seus componentes; 
1.2. Limpar sistema de intercooler e fazer regeneração estática via scaner.",False,False,False,False,PREVENTIVA,,PENDENTE NA NEO,MANUTENÇÃO-2024
,,,,"1.        Fornecer e substituir o óleo do motor;
2.        Fornecer e substituir o filtro de óleo do motor;
3.        Fornecer e substituir o filtro de combustível;
4.        Fornecer e substituir o filtro de ar do motor;
5.        Fornecer e substituir o filtro de ar da cabine (ar condicionado);",False,False,True,False,PREVENTIVA,,PENDENTE NA NEO,MANUTENÇÃO-2024
,,,0.0,"1. Serviço de regeneração: 

1.1 Limpar coletor de admissão e seus componentes; 
1.2. Limpar sistema de intercooler e fazer regeneração estática via scaner.",False,False,False,False,PREVENTIVA,*****,CANCELADO NA NEO,MANUTENÇÃO-2024
,,,,"1. Serviço de LIMPEZA do sistema de injeção de combustível; 
2. SERVIÇO DE LIMPEZA da bomba, bicos injetores e limpeza no sistema em Geral.",False,False,False,False,PREVENTIVA,,PENDENTE NA NEO,MANUTENÇÃO-2024
,,,,"1. Serviço de LIMPEZA do sistema de injeção de combustível; 
2. SERVIÇO DE LIMPEZA da bomba, bicos injetores e limpeza no sistema em Geral.
",False,False,False,False,PREVENTIVA,,PENDENTE NA NEO,MANUTENÇÃO-2024
,,,,"1. Serviço de LIMPEZA do sistema de injeção de combustível; 
2. SERVIÇO DE LIMPEZA da bomba, bicos injetores e limpeza no sistema em Geral.
",False,False,False,False,PREVENTIVA,,PENDENTE NA NEO,MANUTENÇÃO-2024
,,,,"1. Serviço de regeneração: 

1.1 Limpar coletor de admissão e seus componentes; 
1.2. Limpar sistema de intercooler e fazer regeneração estática via scaner.",False,False,False,False,PREVENTIVA,,PENDENTE NA NEO,MANUTENÇÃO-2024
,,,,"1. Serviço de LIMPEZA do sistema de injeção de combustível; 
2. SERVIÇO DE LIMPEZA da bomba, bicos injetores e limpeza no sistema em Geral.
",False,False,False,False,PREVENTIVA,,PENDENTE NA NEO,MANUTENÇÃO-2024
,,,,"1. Serviço de LIMPEZA do sistema de injeção de combustível; 
2. SERVIÇO DE LIMPEZA da bomba, bicos injetores e limpeza no sistema em Geral.
",False,False,False,False,PREVENTIVA,,PENDENTE NA NEO,MANUTENÇÃO-2024
,,,,"1. Serviço de LIMPEZA do sistema de injeção de combustível; 
2. SERVIÇO DE LIMPEZA da bomba, bicos injetores e limpeza no sistema em Geral.
",False,False,False,False,PREVENTIVA,,PENDENTE NA NEO,MANUTENÇÃO-2024
,,,,"1. Serviço de LIMPEZA do sistema de injeção de combustível; 
2. SERVIÇO DE LIMPEZA da bomba, bicos injetores e limpeza no sistema em Geral.
",False,False,False,False,PREVENTIVA,,PENDENTE NA NEO,MANUTENÇÃO-2024
,,,,"1. Serviço de LIMPEZA do sistema de injeção de combustível; 
2. SERVIÇO DE LIMPEZA da bomba, bicos injetores e limpeza no sistema em Geral.
",False,False,False,False,PREVENTIVA,,PENDENTE NA NEO,MANUTENÇÃO-2024
,,,,"1. Serviço de LIMPEZA do sistema de injeção de combustível; 
2. SERVIÇO DE LIMPEZA da bomba, bicos injetores e limpeza no sistema em Geral.
",False,False,False,False,PREVENTIVA,,PENDENTE NA NEO,MANUTENÇÃO-2024
,,,,"1. Serviço de LIMPEZA do sistema de injeção de combustível; 
2. SERVIÇO DE LIMPEZA da bomba, bicos injetores e limpeza no sistema em Geral.
",False,False,False,False,PREVENTIVA,,PENDENTE NA NEO,MANUTENÇÃO-2024
,,,,"1. Fornecer e executar, SERVIÇO DE FUNILARIA E PINTURA NO CAPÔ, E FINAL DA COLUNA  L.D. (lado direito -passageiro) ABAIXO DO TETO.
Obs: Respeitar e seguir a cor existente,  padrão Corpo de Bombeiros.",False,False,False,False,CORRETIVA,,PENDENTE NA NEO,MANUTENÇÃO-2024
,,,,"1.     Fornecer e substituir, 04 (DOIS) PNEUS DE PRIMEIRA LINHA, MARCA GOODYEAR -205/75R16;
2.     Fornecer e substituir, 04 BICOS DE AR
3.     Fornecer e executar, ALINHAMENTO E BALANCEAMENTO.",False,True,False,False,PREVENTIVA,,PENDENTE NA NEO,MANUTENÇÃO-2024
,,,,"1.     Fornecer e substituir, 04 (QUATRO) PNEUS DE PRIMEIRA LINHA MARCA FIRESTONE CV 5000 - 225/75R16 - 121/120R;
2.     Fornecer e substituir, 04 (QUATRO) BICO DE AR.
3.     Fornecer e executar, ALINHAMENTO E BALANCEAMENTO.",False,True,False,False,PREVENTIVA,,PENDENTE NA NEO,MANUTENÇÃO-2024
,,,,"1.        Fornecer e substituir, AMORTECEDORES DIANTEIROS;
2.        Fornecer e substituir, KIT DOS AMORTECEDORES DIANTEIROS;
3.        Fornecer e executar, ALINHAMENTO E BALANCEAMENTO;
4.        Fornecer e substituir, PASTILHAS DE FREIOS "" DIANTEIRAS "", MARCA JURID conforme especificação do fabricante;
5.        Fornecer e substituir, DISCOS DO FREIOS “DIANTEIROS”, conforme especificação do fabricante;
6.        Fornecer e substituir, FLUÍDO DE FREIO, conforme especificação do fabricante.
7.        Fornecer, AJUSTE E REGULAGEM DO FREIO ESTACIONÁRIO;
",True,True,False,False,CORRETIVA,,PENDENTE NA NEO,MANUTENÇÃO-2024
,,,349016.0,"1.        Fornecer e substituir, AMORTECEDORES DIANTEIROS;
2.        Fornecer e substituir, KIT DOS AMORTECEDORES DIANTEIROS;
3.        Fornecer e executar, ALINHAMENTO E BALANCEAMENTO;
4.        Substituir, PASTILHAS DE FREIOS "" DIANTEIRAS "" conforme especificação do fabricante (PEÇAS FORNECIDAS PELO CLIENTE);
5.         Substituir, DISCOS DO FREIOS “DIANTEIROS”, conforme especificação do fabricante (PEÇAS FORNECIDAS PELO CLIENTE);
6.        Fornecer e substituir, FLUÍDO DE FREIO, conforme especificação do fabricante.
7.        Fornecer AJUSTE E REGULAGEM DO FREIO ESTACIONÁRIO;",True,True,False,False,CORRETIVA,BHB,APROVADO NA NEO,MANUTENÇÃO-2024
,,,153867.0,"1.	Fornecer e substituir, PASTILHAS DE FREIOS DIANTEIRO E SENSORES, conforme especificação do fabricante;",True,False,False,False,PREVENTIVA,CURIÓ,APROVADO NA NEO,MANUTENÇÃO-2024
,,170722.0,0.0,TROCA DE PASTILHA DE FREIO DIANTEIRA,True,False,False,False,CORRETIVA,MOTOMEC,CONCLUÍDO,MANUTENÇÃO-2024
